#
# There is insufficient memory for the Java Runtime Environment to continue.
# Native memory allocation (malloc) failed to allocate 846736 bytes for Chunk::new
# Possible reasons:
#   The system is out of physical RAM or swap space
#   The process is running with CompressedOops enabled, and the Java Heap may be blocking the growth of the native heap
# Possible solutions:
#   Reduce memory load on the system
#   Increase physical memory or swap space
#   Check if swap backing store is full
#   Decrease Java heap size (-Xmx/-Xms)
#   Decrease number of Java threads
#   Decrease Java thread stack sizes (-Xss)
#   Set larger code cache with -XX:ReservedCodeCacheSize=
#   JVM is running with Unscaled Compressed Oops mode in which the Java heap is
#     placed in the first 4GB address space. The Java Heap base address is the
#     maximum limit for the native heap growth. Please use -XX:HeapBaseMinAddress
#     to set the Java Heap base and to place the Java Heap above 4GB virtual address.
# This output file may be truncated or incomplete.
#
#  Out of Memory Error (./src/hotspot/share/memory/arena.cpp:197), pid=28076, tid=21960
#
# JRE version: OpenJDK Runtime Environment (11.0.12+7) (build 11.0.12+7-b1504.28-7817840)
# Java VM: OpenJDK 64-Bit Server VM (11.0.12+7-b1504.28-7817840, mixed mode, tiered, compressed oops, g1 gc, windows-amd64)
# No core dump will be written. Minidumps are not enabled by default on client versions of Windows
#

---------------  S U M M A R Y ------------

Command Line: --add-opens=java.base/java.util=ALL-UNNAMED --add-opens=java.base/java.lang=ALL-UNNAMED --add-opens=java.base/java.lang.invoke=ALL-UNNAMED --add-opens=java.base/java.util=ALL-UNNAMED --add-opens=java.prefs/java.util.prefs=ALL-UNNAMED --add-opens=java.prefs/java.util.prefs=ALL-UNNAMED --add-opens=java.base/java.nio.charset=ALL-UNNAMED --add-opens=java.base/java.net=ALL-UNNAMED --add-opens=java.base/java.util.concurrent.atomic=ALL-UNNAMED -Xmx2048m -Dfile.encoding=UTF-8 -Duser.country=RU -Duser.language=ru -Duser.variant org.gradle.launcher.daemon.bootstrap.GradleDaemon 7.3.3

Host: 11th Gen Intel(R) Core(TM) i7-1165G7 @ 2.80GHz, 8 cores, 31G,  Windows 10 , 64 bit Build 19041 (10.0.19041.1706)
Time: Wed Oct  9 21:38:20 2024 RTZ 2 (зима) elapsed time: 22.380325 seconds (0d 0h 0m 22s)

---------------  T H R E A D  ---------------

Current thread (0x00000192e9e5e000):  JavaThread "C2 CompilerThread0" daemon [_thread_in_native, id=21960, stack(0x000000596ec00000,0x000000596ed00000)]


Current CompileTask:
C2:  22380 15869       4       java.lang.invoke.InvokerBytecodeGenerator::emitPushArgument (120 bytes)

Stack: [0x000000596ec00000,0x000000596ed00000]
Native frames: (J=compiled Java code, j=interpreted, Vv=VM code, C=native code)
V  [jvm.dll+0x5fbcea]
V  [jvm.dll+0x731905]
V  [jvm.dll+0x732f1d]
V  [jvm.dll+0x7335d3]
V  [jvm.dll+0x247bf8]
V  [jvm.dll+0xc018c]
V  [jvm.dll+0xc06cc]
V  [jvm.dll+0x35b31d]
V  [jvm.dll+0x19cebc]
V  [jvm.dll+0x20070e]
V  [jvm.dll+0x1ff794]
V  [jvm.dll+0x18868c]
V  [jvm.dll+0x20e0d7]
V  [jvm.dll+0x20c901]
V  [jvm.dll+0x6f9b7f]
V  [jvm.dll+0x6f26a5]
V  [jvm.dll+0x5fabf6]
C  [ucrtbase.dll+0x21bb2]
C  [KERNEL32.DLL+0x17034]
C  [ntdll.dll+0x52651]


---------------  P R O C E S S  ---------------

Threads class SMR info:
_java_thread_list=0x00000192f4c90660, length=146, elements={
0x00000192ce839800, 0x00000192e9df7800, 0x00000192e9df8800, 0x00000192e9e13000,
0x00000192e9e18000, 0x00000192e9e5d800, 0x00000192e9e5e000, 0x00000192e9e5f000,
0x00000192e9e62000, 0x00000192e9fe3800, 0x00000192ebfd6800, 0x00000192ea32e000,
0x00000192eb12f000, 0x00000192ebd14800, 0x00000192ea251000, 0x00000192ec885000,
0x00000192ebbd2800, 0x00000192ebf59800, 0x00000192ec61c000, 0x00000192ecb40800,
0x00000192ecb3c000, 0x00000192ecb3a800, 0x00000192ecb3b800, 0x00000192ece36800,
0x00000192ecb3f800, 0x00000192ecb3d000, 0x00000192ecb3e800, 0x00000192ecb3e000,
0x00000192ecb41000, 0x00000192ef212000, 0x00000192ef213800, 0x00000192ef214000,
0x00000192ef215000, 0x00000192ef210000, 0x00000192ef216800, 0x00000192ef211000,
0x00000192ebd7d800, 0x00000192ebd7e000, 0x00000192ebd7c800, 0x00000192ebd7b800,
0x00000192ebd83000, 0x00000192ebd84000, 0x00000192ebd80000, 0x00000192ebd82000,
0x00000192ebd84800, 0x00000192ebd80800, 0x00000192ebd7f000, 0x00000192ebd86800,
0x00000192ebd85800, 0x00000192ebd87000, 0x00000192ebd81800, 0x00000192ebd89000,
0x00000192ebd8a800, 0x00000192ebd88000, 0x00000192ebd89800, 0x00000192ea979000,
0x00000192ea97b800, 0x00000192ea978000, 0x00000192ea97c000, 0x00000192ea979800,
0x00000192ea980000, 0x00000192ea97f800, 0x00000192ea97e800, 0x00000192ea97a800,
0x00000192ea981000, 0x00000192ea982000, 0x00000192ea982800, 0x00000192ea97d000,
0x00000192ea983800, 0x00000192ea97e000, 0x00000192ea984800, 0x00000192ea987000,
0x00000192ea986000, 0x00000192ea985000, 0x00000192ea55a800, 0x00000192ea55d000,
0x00000192ea55c800, 0x00000192ea55e000, 0x00000192ea55a000, 0x00000192ea55b800,
0x00000192ea55f000, 0x00000192ea563800, 0x00000192ea564800, 0x00000192ea55f800,
0x00000192ea565800, 0x00000192ea566000, 0x00000192ea563000, 0x00000192ea560800,
0x00000192ea567000, 0x00000192ea561000, 0x00000192ea562000, 0x00000192ea567800,
0x00000192ea568800, 0x00000192ec0d0800, 0x00000192ec0cc800, 0x00000192ec0d2000,
0x00000192ec0cf800, 0x00000192ec0d1000, 0x00000192ec0ce000, 0x00000192ec0ce800,
0x00000192ec0d3000, 0x00000192ec0cd000, 0x00000192ec0d7000, 0x00000192ec0d7800,
0x00000192ec0d8800, 0x00000192ec0d9800, 0x00000192ec0d6000, 0x00000192ec0d3800,
0x00000192ec0da000, 0x00000192ec0d4800, 0x00000192ec0db000, 0x00000192ec0d5000,
0x00000192ea87a800, 0x00000192ea87d000, 0x00000192ea87c000, 0x00000192ea87d800,
0x00000192ea87b000, 0x00000192ea878000, 0x00000192ea87e800, 0x00000192ea878800,
0x00000192ea87f800, 0x00000192ea879800, 0x00000192ea882800, 0x00000192ea881800,
0x00000192ea883800, 0x00000192ea884000, 0x00000192ea886000, 0x00000192ea880000,
0x00000192ea886800, 0x00000192f4d2d800, 0x00000192f4d2d000, 0x00000192f4d32800,
0x00000192f4d34000, 0x00000192f4d2e800, 0x00000192f4d2f800, 0x00000192f4d31000,
0x00000192f4d31800, 0x00000192f4d33800, 0x00000192f4d36000, 0x00000192f4d35000,
0x00000192f4d30000, 0x00000192f4d36800, 0x00000192f4d37800, 0x00000192f4d3a800,
0x00000192f4d3b800, 0x00000192f2c27000
}

Java Threads: ( => current thread )
  0x00000192ce839800 JavaThread "main" [_thread_blocked, id=24708, stack(0x000000596e000000,0x000000596e100000)]
  0x00000192e9df7800 JavaThread "Reference Handler" daemon [_thread_blocked, id=21932, stack(0x000000596e700000,0x000000596e800000)]
  0x00000192e9df8800 JavaThread "Finalizer" daemon [_thread_blocked, id=15944, stack(0x000000596e800000,0x000000596e900000)]
  0x00000192e9e13000 JavaThread "Signal Dispatcher" daemon [_thread_blocked, id=24828, stack(0x000000596e900000,0x000000596ea00000)]
  0x00000192e9e18000 JavaThread "Attach Listener" daemon [_thread_blocked, id=5304, stack(0x000000596ea00000,0x000000596eb00000)]
  0x00000192e9e5d800 JavaThread "Service Thread" daemon [_thread_blocked, id=22620, stack(0x000000596eb00000,0x000000596ec00000)]
=>0x00000192e9e5e000 JavaThread "C2 CompilerThread0" daemon [_thread_in_native, id=21960, stack(0x000000596ec00000,0x000000596ed00000)]
  0x00000192e9e5f000 JavaThread "C1 CompilerThread0" daemon [_thread_blocked, id=24144, stack(0x000000596ed00000,0x000000596ee00000)]
  0x00000192e9e62000 JavaThread "Sweeper thread" daemon [_thread_blocked, id=23256, stack(0x000000596ee00000,0x000000596ef00000)]
  0x00000192e9fe3800 JavaThread "Common-Cleaner" daemon [_thread_blocked, id=28596, stack(0x000000596ef00000,0x000000596f000000)]
  0x00000192ebfd6800 JavaThread "Daemon health stats" [_thread_blocked, id=15384, stack(0x000000596fa00000,0x000000596fb00000)]
  0x00000192ea32e000 JavaThread "Incoming local TCP Connector on port 51124" [_thread_in_native, id=14720, stack(0x000000596f100000,0x000000596f200000)]
  0x00000192eb12f000 JavaThread "Daemon periodic checks" [_thread_blocked, id=14356, stack(0x000000596f200000,0x000000596f300000)]
  0x00000192ebd14800 JavaThread "Daemon" [_thread_blocked, id=20076, stack(0x000000596fb00000,0x000000596fc00000)]
  0x00000192ea251000 JavaThread "Handler for socket connection from /127.0.0.1:51124 to /127.0.0.1:51125" [_thread_in_native, id=19964, stack(0x000000596fc00000,0x000000596fd00000)]
  0x00000192ec885000 JavaThread "Cancel handler" [_thread_blocked, id=11216, stack(0x000000596fd00000,0x000000596fe00000)]
  0x00000192ebbd2800 JavaThread "Daemon worker" [_thread_in_native, id=27840, stack(0x000000596fe00000,0x000000596ff00000)]
  0x00000192ebf59800 JavaThread "Asynchronous log dispatcher for DefaultDaemonConnection: socket connection from /127.0.0.1:51124 to /127.0.0.1:51125" [_thread_blocked, id=27708, stack(0x000000596ff00000,0x0000005970000000)]
  0x00000192ec61c000 JavaThread "Stdin handler" [_thread_blocked, id=20572, stack(0x0000005970000000,0x0000005970100000)]
  0x00000192ecb40800 JavaThread "Daemon client event forwarder" [_thread_blocked, id=26740, stack(0x0000005970100000,0x0000005970200000)]
  0x00000192ecb3c000 JavaThread "Cache worker for journal cache (C:\Users\kolosov-V\.gradle\caches\journal-1)" [_thread_blocked, id=22420, stack(0x0000005970200000,0x0000005970300000)]
  0x00000192ecb3a800 JavaThread "File lock request listener" [_thread_in_native, id=996, stack(0x0000005970300000,0x0000005970400000)]
  0x00000192ecb3b800 JavaThread "Cache worker for file hash cache (C:\Users\kolosov-V\.gradle\caches\7.3.3\fileHashes)" [_thread_blocked, id=21824, stack(0x0000005970400000,0x0000005970500000)]
  0x00000192ece36800 JavaThread "C2 CompilerThread1" daemon [_thread_blocked, id=11372, stack(0x0000005970600000,0x0000005970700000)]
  0x00000192ecb3f800 JavaThread "Cache worker for file hash cache (D:\Android_Projects\SmokeDigression\.gradle\7.3.3\fileHashes)" [_thread_blocked, id=27824, stack(0x0000005970700000,0x0000005970800000)]
  0x00000192ecb3d000 JavaThread "File watcher server" daemon [_thread_in_native, id=23496, stack(0x0000005970900000,0x0000005970a00000)]
  0x00000192ecb3e800 JavaThread "File watcher consumer" daemon [_thread_blocked, id=12940, stack(0x0000005970a00000,0x0000005970b00000)]
  0x00000192ecb3e000 JavaThread "Cache worker for checksums cache (D:\Android_Projects\SmokeDigression\.gradle\7.3.3\checksums)" [_thread_blocked, id=24728, stack(0x0000005970800000,0x0000005970900000)]
  0x00000192ecb41000 JavaThread "Cache worker for cache directory md-supplier (C:\Users\kolosov-V\.gradle\caches\7.3.3\md-supplier)" [_thread_blocked, id=23488, stack(0x0000005970b00000,0x0000005970c00000)]
  0x00000192ef212000 JavaThread "Cache worker for cache directory md-rule (C:\Users\kolosov-V\.gradle\caches\7.3.3\md-rule)" [_thread_blocked, id=7716, stack(0x0000005970c00000,0x0000005970d00000)]
  0x00000192ef213800 JavaThread "Cache worker for execution history cache (C:\Users\kolosov-V\.gradle\caches\7.3.3\executionHistory)" [_thread_blocked, id=19600, stack(0x0000005970d00000,0x0000005970e00000)]
  0x00000192ef214000 JavaThread "jar transforms" [_thread_blocked, id=24336, stack(0x0000005970f00000,0x0000005971000000)]
  0x00000192ef215000 JavaThread "Cache worker for file content cache (C:\Users\kolosov-V\.gradle\caches\7.3.3\fileContent)" [_thread_blocked, id=14420, stack(0x0000005971000000,0x0000005971100000)]
  0x00000192ef210000 JavaThread "jar transforms Thread 2" [_thread_blocked, id=22944, stack(0x0000005971100000,0x0000005971200000)]
  0x00000192ef216800 JavaThread "Cache worker for dependencies-accessors (D:\Android_Projects\SmokeDigression\.gradle\7.3.3\dependencies-accessors)" [_thread_blocked, id=28588, stack(0x0000005971200000,0x0000005971300000)]
  0x00000192ef211000 JavaThread "jar transforms Thread 3" [_thread_blocked, id=16644, stack(0x0000005971300000,0x0000005971400000)]
  0x00000192ebd7d800 JavaThread "Cache worker for Build Output Cleanup Cache (D:\Android_Projects\SmokeDigression\.gradle\buildOutputCleanup)" [_thread_blocked, id=27832, stack(0x0000005971400000,0x0000005971500000)]
  0x00000192ebd7e000 JavaThread "Unconstrained build operations" [_thread_blocked, id=26656, stack(0x0000005971500000,0x0000005971600000)]
  0x00000192ebd7c800 JavaThread "Unconstrained build operations Thread 2" [_thread_blocked, id=8956, stack(0x0000005971600000,0x0000005971700000)]
  0x00000192ebd7b800 JavaThread "Unconstrained build operations Thread 3" [_thread_blocked, id=26368, stack(0x0000005971700000,0x0000005971800000)]
  0x00000192ebd83000 JavaThread "Unconstrained build operations Thread 4" [_thread_blocked, id=9584, stack(0x0000005971800000,0x0000005971900000)]
  0x00000192ebd84000 JavaThread "Unconstrained build operations Thread 5" [_thread_blocked, id=27836, stack(0x0000005971900000,0x0000005971a00000)]
  0x00000192ebd80000 JavaThread "Unconstrained build operations Thread 6" [_thread_blocked, id=25176, stack(0x0000005971a00000,0x0000005971b00000)]
  0x00000192ebd82000 JavaThread "Unconstrained build operations Thread 7" [_thread_blocked, id=15776, stack(0x0000005971b00000,0x0000005971c00000)]
  0x00000192ebd84800 JavaThread "Unconstrained build operations Thread 8" [_thread_blocked, id=27144, stack(0x0000005971c00000,0x0000005971d00000)]
  0x00000192ebd80800 JavaThread "Unconstrained build operations Thread 9" [_thread_blocked, id=25908, stack(0x0000005971d00000,0x0000005971e00000)]
  0x00000192ebd7f000 JavaThread "Unconstrained build operations Thread 10" [_thread_blocked, id=27140, stack(0x0000005971e00000,0x0000005971f00000)]
  0x00000192ebd86800 JavaThread "Unconstrained build operations Thread 11" [_thread_blocked, id=24420, stack(0x0000005971f00000,0x0000005972000000)]
  0x00000192ebd85800 JavaThread "Unconstrained build operations Thread 12" [_thread_blocked, id=14852, stack(0x0000005972000000,0x0000005972100000)]
  0x00000192ebd87000 JavaThread "Unconstrained build operations Thread 13" [_thread_blocked, id=3724, stack(0x0000005972100000,0x0000005972200000)]
  0x00000192ebd81800 JavaThread "Unconstrained build operations Thread 14" [_thread_blocked, id=20792, stack(0x0000005972200000,0x0000005972300000)]
  0x00000192ebd89000 JavaThread "Unconstrained build operations Thread 15" [_thread_blocked, id=28052, stack(0x0000005972300000,0x0000005972400000)]
  0x00000192ebd8a800 JavaThread "Unconstrained build operations Thread 16" [_thread_blocked, id=28060, stack(0x0000005972400000,0x0000005972500000)]
  0x00000192ebd88000 JavaThread "Unconstrained build operations Thread 17" [_thread_blocked, id=22184, stack(0x0000005972500000,0x0000005972600000)]
  0x00000192ebd89800 JavaThread "Unconstrained build operations Thread 18" [_thread_blocked, id=17420, stack(0x0000005972600000,0x0000005972700000)]
  0x00000192ea979000 JavaThread "Unconstrained build operations Thread 19" [_thread_blocked, id=23620, stack(0x0000005972700000,0x0000005972800000)]
  0x00000192ea97b800 JavaThread "Unconstrained build operations Thread 20" [_thread_blocked, id=19632, stack(0x0000005972800000,0x0000005972900000)]
  0x00000192ea978000 JavaThread "Unconstrained build operations Thread 21" [_thread_blocked, id=15672, stack(0x0000005972900000,0x0000005972a00000)]
  0x00000192ea97c000 JavaThread "Unconstrained build operations Thread 22" [_thread_blocked, id=25184, stack(0x0000005972a00000,0x0000005972b00000)]
  0x00000192ea979800 JavaThread "Unconstrained build operations Thread 23" [_thread_blocked, id=25264, stack(0x0000005972b00000,0x0000005972c00000)]
  0x00000192ea980000 JavaThread "Unconstrained build operations Thread 24" [_thread_blocked, id=26224, stack(0x0000005972c00000,0x0000005972d00000)]
  0x00000192ea97f800 JavaThread "Unconstrained build operations Thread 25" [_thread_blocked, id=18904, stack(0x0000005972d00000,0x0000005972e00000)]
  0x00000192ea97e800 JavaThread "Unconstrained build operations Thread 26" [_thread_blocked, id=13484, stack(0x0000005972e00000,0x0000005972f00000)]
  0x00000192ea97a800 JavaThread "Unconstrained build operations Thread 27" [_thread_blocked, id=10628, stack(0x0000005972f00000,0x0000005973000000)]
  0x00000192ea981000 JavaThread "Unconstrained build operations Thread 28" [_thread_blocked, id=10608, stack(0x0000005973000000,0x0000005973100000)]
  0x00000192ea982000 JavaThread "Unconstrained build operations Thread 29" [_thread_blocked, id=23608, stack(0x0000005973100000,0x0000005973200000)]
  0x00000192ea982800 JavaThread "Unconstrained build operations Thread 30" [_thread_blocked, id=20640, stack(0x0000005973200000,0x0000005973300000)]
  0x00000192ea97d000 JavaThread "Unconstrained build operations Thread 31" [_thread_blocked, id=2596, stack(0x0000005973300000,0x0000005973400000)]
  0x00000192ea983800 JavaThread "Unconstrained build operations Thread 32" [_thread_blocked, id=25508, stack(0x0000005973400000,0x0000005973500000)]
  0x00000192ea97e000 JavaThread "Unconstrained build operations Thread 33" [_thread_blocked, id=3216, stack(0x0000005973500000,0x0000005973600000)]
  0x00000192ea984800 JavaThread "Unconstrained build operations Thread 34" [_thread_blocked, id=28156, stack(0x0000005973600000,0x0000005973700000)]
  0x00000192ea987000 JavaThread "Unconstrained build operations Thread 35" [_thread_blocked, id=21520, stack(0x0000005973700000,0x0000005973800000)]
  0x00000192ea986000 JavaThread "Unconstrained build operations Thread 36" [_thread_blocked, id=28020, stack(0x0000005973800000,0x0000005973900000)]
  0x00000192ea985000 JavaThread "Unconstrained build operations Thread 37" [_thread_blocked, id=11480, stack(0x0000005973900000,0x0000005973a00000)]
  0x00000192ea55a800 JavaThread "Unconstrained build operations Thread 38" [_thread_blocked, id=26448, stack(0x0000005973a00000,0x0000005973b00000)]
  0x00000192ea55d000 JavaThread "Unconstrained build operations Thread 39" [_thread_blocked, id=27852, stack(0x0000005973b00000,0x0000005973c00000)]
  0x00000192ea55c800 JavaThread "Unconstrained build operations Thread 40" [_thread_blocked, id=17508, stack(0x0000005973c00000,0x0000005973d00000)]
  0x00000192ea55e000 JavaThread "Unconstrained build operations Thread 41" [_thread_blocked, id=26908, stack(0x0000005973d00000,0x0000005973e00000)]
  0x00000192ea55a000 JavaThread "Unconstrained build operations Thread 42" [_thread_blocked, id=4152, stack(0x0000005973e00000,0x0000005973f00000)]
  0x00000192ea55b800 JavaThread "Unconstrained build operations Thread 43" [_thread_blocked, id=8460, stack(0x0000005973f00000,0x0000005974000000)]
  0x00000192ea55f000 JavaThread "Unconstrained build operations Thread 44" [_thread_blocked, id=14116, stack(0x0000005974000000,0x0000005974100000)]
  0x00000192ea563800 JavaThread "Unconstrained build operations Thread 45" [_thread_blocked, id=15072, stack(0x0000005974100000,0x0000005974200000)]
  0x00000192ea564800 JavaThread "Unconstrained build operations Thread 46" [_thread_blocked, id=20656, stack(0x0000005974200000,0x0000005974300000)]
  0x00000192ea55f800 JavaThread "Unconstrained build operations Thread 47" [_thread_blocked, id=27848, stack(0x0000005974300000,0x0000005974400000)]
  0x00000192ea565800 JavaThread "Unconstrained build operations Thread 48" [_thread_blocked, id=14936, stack(0x0000005974400000,0x0000005974500000)]
  0x00000192ea566000 JavaThread "Unconstrained build operations Thread 49" [_thread_blocked, id=22764, stack(0x0000005974500000,0x0000005974600000)]
  0x00000192ea563000 JavaThread "Unconstrained build operations Thread 50" [_thread_blocked, id=5016, stack(0x0000005974600000,0x0000005974700000)]
  0x00000192ea560800 JavaThread "Unconstrained build operations Thread 51" [_thread_blocked, id=26876, stack(0x0000005974700000,0x0000005974800000)]
  0x00000192ea567000 JavaThread "Unconstrained build operations Thread 52" [_thread_blocked, id=26160, stack(0x0000005974800000,0x0000005974900000)]
  0x00000192ea561000 JavaThread "Unconstrained build operations Thread 53" [_thread_blocked, id=21204, stack(0x0000005974900000,0x0000005974a00000)]
  0x00000192ea562000 JavaThread "Unconstrained build operations Thread 54" [_thread_blocked, id=27672, stack(0x0000005974a00000,0x0000005974b00000)]
  0x00000192ea567800 JavaThread "Unconstrained build operations Thread 55" [_thread_blocked, id=10244, stack(0x0000005974b00000,0x0000005974c00000)]
  0x00000192ea568800 JavaThread "Unconstrained build operations Thread 56" [_thread_blocked, id=4092, stack(0x0000005974c00000,0x0000005974d00000)]
  0x00000192ec0d0800 JavaThread "Unconstrained build operations Thread 57" [_thread_blocked, id=16568, stack(0x0000005974d00000,0x0000005974e00000)]
  0x00000192ec0cc800 JavaThread "Unconstrained build operations Thread 58" [_thread_blocked, id=16324, stack(0x0000005974e00000,0x0000005974f00000)]
  0x00000192ec0d2000 JavaThread "Unconstrained build operations Thread 59" [_thread_blocked, id=17536, stack(0x0000005974f00000,0x0000005975000000)]
  0x00000192ec0cf800 JavaThread "Unconstrained build operations Thread 60" [_thread_blocked, id=24328, stack(0x0000005975000000,0x0000005975100000)]
  0x00000192ec0d1000 JavaThread "Unconstrained build operations Thread 61" [_thread_blocked, id=25632, stack(0x0000005975100000,0x0000005975200000)]
  0x00000192ec0ce000 JavaThread "Unconstrained build operations Thread 62" [_thread_blocked, id=19696, stack(0x0000005975200000,0x0000005975300000)]
  0x00000192ec0ce800 JavaThread "Unconstrained build operations Thread 63" [_thread_blocked, id=18244, stack(0x0000005975300000,0x0000005975400000)]
  0x00000192ec0d3000 JavaThread "Unconstrained build operations Thread 64" [_thread_blocked, id=11752, stack(0x0000005975400000,0x0000005975500000)]
  0x00000192ec0cd000 JavaThread "Unconstrained build operations Thread 65" [_thread_blocked, id=25048, stack(0x0000005975500000,0x0000005975600000)]
  0x00000192ec0d7000 JavaThread "Unconstrained build operations Thread 66" [_thread_blocked, id=22772, stack(0x0000005975600000,0x0000005975700000)]
  0x00000192ec0d7800 JavaThread "Unconstrained build operations Thread 67" [_thread_blocked, id=4808, stack(0x0000005975700000,0x0000005975800000)]
  0x00000192ec0d8800 JavaThread "Unconstrained build operations Thread 68" [_thread_blocked, id=26056, stack(0x0000005975800000,0x0000005975900000)]
  0x00000192ec0d9800 JavaThread "Unconstrained build operations Thread 69" [_thread_blocked, id=24084, stack(0x0000005975900000,0x0000005975a00000)]
  0x00000192ec0d6000 JavaThread "Unconstrained build operations Thread 70" [_thread_blocked, id=23028, stack(0x0000005975a00000,0x0000005975b00000)]
  0x00000192ec0d3800 JavaThread "Unconstrained build operations Thread 71" [_thread_blocked, id=11400, stack(0x0000005975b00000,0x0000005975c00000)]
  0x00000192ec0da000 JavaThread "Unconstrained build operations Thread 72" [_thread_blocked, id=18640, stack(0x0000005975c00000,0x0000005975d00000)]
  0x00000192ec0d4800 JavaThread "Unconstrained build operations Thread 73" [_thread_blocked, id=28604, stack(0x0000005975d00000,0x0000005975e00000)]
  0x00000192ec0db000 JavaThread "Unconstrained build operations Thread 74" [_thread_blocked, id=28472, stack(0x0000005975e00000,0x0000005975f00000)]
  0x00000192ec0d5000 JavaThread "Unconstrained build operations Thread 75" [_thread_blocked, id=27484, stack(0x0000005975f00000,0x0000005976000000)]
  0x00000192ea87a800 JavaThread "Unconstrained build operations Thread 76" [_thread_blocked, id=27864, stack(0x0000005976000000,0x0000005976100000)]
  0x00000192ea87d000 JavaThread "Unconstrained build operations Thread 77" [_thread_blocked, id=5272, stack(0x0000005976100000,0x0000005976200000)]
  0x00000192ea87c000 JavaThread "Unconstrained build operations Thread 78" [_thread_blocked, id=4592, stack(0x0000005976200000,0x0000005976300000)]
  0x00000192ea87d800 JavaThread "Unconstrained build operations Thread 79" [_thread_blocked, id=7860, stack(0x0000005976300000,0x0000005976400000)]
  0x00000192ea87b000 JavaThread "Unconstrained build operations Thread 80" [_thread_blocked, id=12856, stack(0x0000005976400000,0x0000005976500000)]
  0x00000192ea878000 JavaThread "jar transforms Thread 4" [_thread_blocked, id=25404, stack(0x0000005976500000,0x0000005976600000)]
  0x00000192ea87e800 JavaThread "jar transforms Thread 5" [_thread_blocked, id=18596, stack(0x0000005976600000,0x0000005976700000)]
  0x00000192ea878800 JavaThread "jar transforms Thread 6" [_thread_blocked, id=11460, stack(0x0000005976700000,0x0000005976800000)]
  0x00000192ea87f800 JavaThread "jar transforms Thread 7" [_thread_blocked, id=25076, stack(0x0000005976800000,0x0000005976900000)]
  0x00000192ea879800 JavaThread "jar transforms Thread 8" [_thread_blocked, id=25060, stack(0x0000005976900000,0x0000005976a00000)]
  0x00000192ea882800 JavaThread "Memory manager" [_thread_blocked, id=28304, stack(0x0000005976a00000,0x0000005976b00000)]
  0x00000192ea881800 JavaThread "build event listener" [_thread_blocked, id=24172, stack(0x0000005976b00000,0x0000005976c00000)]
  0x00000192ea883800 JavaThread "Execution worker for ':'" [_thread_blocked, id=28112, stack(0x0000005976c00000,0x0000005976d00000)]
  0x00000192ea884000 JavaThread "Execution worker for ':' Thread 2" [_thread_blocked, id=22244, stack(0x0000005976d00000,0x0000005976e00000)]
  0x00000192ea886000 JavaThread "Execution worker for ':' Thread 3" [_thread_blocked, id=24040, stack(0x0000005976e00000,0x0000005976f00000)]
  0x00000192ea880000 JavaThread "Execution worker for ':' Thread 4" [_thread_blocked, id=14488, stack(0x0000005976f00000,0x0000005977000000)]
  0x00000192ea886800 JavaThread "Execution worker for ':' Thread 5" [_thread_blocked, id=22272, stack(0x0000005977000000,0x0000005977100000)]
  0x00000192f4d2d800 JavaThread "Execution worker for ':' Thread 6" [_thread_blocked, id=10132, stack(0x0000005977100000,0x0000005977200000)]
  0x00000192f4d2d000 JavaThread "Execution worker for ':' Thread 7" [_thread_in_native, id=24100, stack(0x0000005977200000,0x0000005977300000)]
  0x00000192f4d32800 JavaThread "Cache worker for execution history cache (D:\Android_Projects\SmokeDigression\.gradle\7.3.3\executionHistory)" [_thread_blocked, id=22204, stack(0x0000005977300000,0x0000005977400000)]
  0x00000192f4d34000 JavaThread "WorkerExecutor Queue" [_thread_blocked, id=20164, stack(0x0000005977400000,0x0000005977500000)]
  0x00000192f4d2e800 JavaThread "WorkerExecutor Queue Thread 2" [_thread_blocked, id=20408, stack(0x0000005977500000,0x0000005977600000)]
  0x00000192f4d2f800 JavaThread "WorkerExecutor Queue Thread 3" [_thread_blocked, id=17348, stack(0x0000005977700000,0x0000005977800000)]
  0x00000192f4d31000 JavaThread "WorkerExecutor Queue Thread 4" [_thread_blocked, id=27524, stack(0x0000005977800000,0x0000005977900000)]
  0x00000192f4d31800 JavaThread "pool-3-thread-1" [_thread_blocked, id=19132, stack(0x0000005977900000,0x0000005977a00000)]
  0x00000192f4d33800 JavaThread "stderr" [_thread_in_native, id=11948, stack(0x0000005977a00000,0x0000005977b00000)]
  0x00000192f4d36000 JavaThread "stdout" [_thread_in_native, id=27404, stack(0x0000005977b00000,0x0000005977c00000)]
  0x00000192f4d35000 JavaThread "RMI Scheduler(0)" daemon [_thread_blocked, id=14520, stack(0x0000005970e00000,0x0000005970f00000)]
  0x00000192f4d30000 JavaThread "RMI RenewClean-[127.0.0.1:17435,org.jetbrains.kotlin.daemon.common.LoopbackNetworkInterface$ClientLoopbackSocketFactory@5f858e47]" daemon [_thread_blocked, id=24248, stack(0x0000005977c00000,0x0000005977d00000)]
  0x00000192f4d36800 JavaThread "RMI GC Daemon" daemon [_thread_blocked, id=21048, stack(0x0000005977d00000,0x0000005977e00000)]
  0x00000192f4d37800 JavaThread "RMI TCP Accept-0" daemon [_thread_in_native, id=25336, stack(0x0000005977e00000,0x0000005977f00000)]
  0x00000192f4d3a800 JavaThread "RMI Reaper" [_thread_blocked, id=24308, stack(0x0000005977f00000,0x0000005978000000)]
  0x00000192f4d3b800 JavaThread "RMI TCP Connection(1)-127.0.0.1" daemon [_thread_in_native, id=26596, stack(0x0000005978000000,0x0000005978100000)]
  0x00000192f2c27000 JavaThread "C2 CompilerThread2" daemon [_thread_blocked, id=17244, stack(0x0000005978100000,0x0000005978200000)]

Other Threads:
  0x00000192e9df3000 VMThread "VM Thread" [stack: 0x000000596e600000,0x000000596e700000] [id=3452]
  0x00000192e9ff2000 WatcherThread [stack: 0x000000596f000000,0x000000596f100000] [id=27952]
  0x00000192ce852800 GCTaskThread "GC Thread#0" [stack: 0x000000596e100000,0x000000596e200000] [id=27120]
  0x00000192eafeb000 GCTaskThread "GC Thread#1" [stack: 0x000000596f300000,0x000000596f400000] [id=12872]
  0x00000192ead28000 GCTaskThread "GC Thread#2" [stack: 0x000000596f400000,0x000000596f500000] [id=28064]
  0x00000192eada4000 GCTaskThread "GC Thread#3" [stack: 0x000000596f500000,0x000000596f600000] [id=25848]
  0x00000192eac8a000 GCTaskThread "GC Thread#4" [stack: 0x000000596f600000,0x000000596f700000] [id=2676]
  0x00000192eac8b000 GCTaskThread "GC Thread#5" [stack: 0x000000596f700000,0x000000596f800000] [id=27612]
  0x00000192ea558800 GCTaskThread "GC Thread#6" [stack: 0x000000596f800000,0x000000596f900000] [id=20600]
  0x00000192ea559000 GCTaskThread "GC Thread#7" [stack: 0x000000596f900000,0x000000596fa00000] [id=15160]
  0x00000192ce884000 ConcurrentGCThread "G1 Main Marker" [stack: 0x000000596e200000,0x000000596e300000] [id=24304]
  0x00000192ce885800 ConcurrentGCThread "G1 Conc#0" [stack: 0x000000596e300000,0x000000596e400000] [id=2600]
  0x00000192eb368800 ConcurrentGCThread "G1 Conc#1" [stack: 0x0000005970500000,0x0000005970600000] [id=17220]
  0x00000192e9443800 ConcurrentGCThread "G1 Refine#0" [stack: 0x000000596e400000,0x000000596e500000] [id=1224]
  0x00000192f047d000 ConcurrentGCThread "G1 Refine#1" [stack: 0x0000005977600000,0x0000005977700000] [id=2236]
  0x00000192f047b800 ConcurrentGCThread "G1 Refine#2" [stack: 0x0000005978400000,0x0000005978500000] [id=20864]
  0x00000192f047b000 ConcurrentGCThread "G1 Refine#3" [stack: 0x0000005978500000,0x0000005978600000] [id=23796]
  0x00000192f0477800 ConcurrentGCThread "G1 Refine#4" [stack: 0x0000005978600000,0x0000005978700000] [id=13980]
  0x00000192f047e800 ConcurrentGCThread "G1 Refine#5" [stack: 0x0000005978700000,0x0000005978800000] [id=21548]
  0x00000192f0478000 ConcurrentGCThread "G1 Refine#6" [stack: 0x0000005978800000,0x0000005978900000] [id=24736]
  0x00000192f0479800 ConcurrentGCThread "G1 Refine#7" [stack: 0x0000005978900000,0x0000005978a00000] [id=12520]
  0x00000192e9444000 ConcurrentGCThread "G1 Young RemSet Sampling" [stack: 0x000000596e500000,0x000000596e600000] [id=10376]

Threads with active compile tasks:
C2 CompilerThread0  22427 15869       4       java.lang.invoke.InvokerBytecodeGenerator::emitPushArgument (120 bytes)

VM state:not at safepoint (normal execution)

VM Mutex/Monitor currently owned by a thread: None

Heap address: 0x0000000080000000, size: 2048 MB, Compressed Oops mode: 32-bit
Narrow klass base: 0x0000000000000000, Narrow klass shift: 3
Compressed class space size: 1073741824 Address: 0x0000000100000000

Heap:
 garbage-first heap   total 603136K, used 426251K [0x0000000080000000, 0x0000000100000000)
  region size 1024K, 43 young (44032K), 1 survivors (1024K)
 Metaspace       used 109326K, capacity 112313K, committed 112332K, reserved 1146880K
  class space    used 14220K, capacity 15298K, committed 15308K, reserved 1048576K
Heap Regions: E=young(eden), S=young(survivor), O=old, HS=humongous(starts), HC=humongous(continues), CS=collection set, F=free, A=archive, TAMS=top-at-mark-start (previous, next)
|   0|0x0000000080000000, 0x0000000080100000, 0x0000000080100000|100%| O|  |TAMS 0x0000000080100000, 0x0000000080000000| Untracked 
|   1|0x0000000080100000, 0x0000000080200000, 0x0000000080200000|100%| O|  |TAMS 0x0000000080200000, 0x0000000080100000| Untracked 
|   2|0x0000000080200000, 0x0000000080300000, 0x0000000080300000|100%| O|  |TAMS 0x0000000080300000, 0x0000000080200000| Untracked 
|   3|0x0000000080300000, 0x0000000080400000, 0x0000000080400000|100%|HS|  |TAMS 0x0000000080400000, 0x0000000080300000| Complete 
|   4|0x0000000080400000, 0x0000000080500000, 0x0000000080500000|100%|HC|  |TAMS 0x0000000080500000, 0x0000000080400000| Complete 
|   5|0x0000000080500000, 0x0000000080600000, 0x0000000080600000|100%|HC|  |TAMS 0x0000000080600000, 0x0000000080500000| Complete 
|   6|0x0000000080600000, 0x0000000080700000, 0x0000000080700000|100%| O|  |TAMS 0x0000000080700000, 0x0000000080600000| Complete 
|   7|0x0000000080700000, 0x0000000080800000, 0x0000000080800000|100%| O|  |TAMS 0x0000000080800000, 0x0000000080700000| Untracked 
|   8|0x0000000080800000, 0x0000000080900000, 0x0000000080900000|100%| O|  |TAMS 0x0000000080900000, 0x0000000080800000| Untracked 
|   9|0x0000000080900000, 0x0000000080a00000, 0x0000000080a00000|100%| O|  |TAMS 0x0000000080a00000, 0x0000000080900000| Untracked 
|  10|0x0000000080a00000, 0x0000000080b00000, 0x0000000080b00000|100%| O|  |TAMS 0x0000000080b00000, 0x0000000080a00000| Untracked 
|  11|0x0000000080b00000, 0x0000000080c00000, 0x0000000080c00000|100%| O|  |TAMS 0x0000000080c00000, 0x0000000080b00000| Untracked 
|  12|0x0000000080c00000, 0x0000000080d00000, 0x0000000080d00000|100%| O|  |TAMS 0x0000000080d00000, 0x0000000080c00000| Untracked 
|  13|0x0000000080d00000, 0x0000000080e00000, 0x0000000080e00000|100%| O|  |TAMS 0x0000000080e00000, 0x0000000080d00000| Complete 
|  14|0x0000000080e00000, 0x0000000080f00000, 0x0000000080f00000|100%| O|  |TAMS 0x0000000080f00000, 0x0000000080e00000| Untracked 
|  15|0x0000000080f00000, 0x0000000081000000, 0x0000000081000000|100%| O|  |TAMS 0x0000000081000000, 0x0000000080f00000| Untracked 
|  16|0x0000000081000000, 0x0000000081100000, 0x0000000081100000|100%| O|  |TAMS 0x0000000081100000, 0x0000000081000000| Untracked 
|  17|0x0000000081100000, 0x0000000081200000, 0x0000000081200000|100%|HS|  |TAMS 0x0000000081200000, 0x0000000081100000| Complete 
|  18|0x0000000081200000, 0x0000000081300000, 0x0000000081300000|100%|HS|  |TAMS 0x0000000081300000, 0x0000000081200000| Complete 
|  19|0x0000000081300000, 0x0000000081400000, 0x0000000081400000|100%|HS|  |TAMS 0x0000000081400000, 0x0000000081300000| Complete 
|  20|0x0000000081400000, 0x0000000081500000, 0x0000000081500000|100%|HS|  |TAMS 0x0000000081500000, 0x0000000081400000| Complete 
|  21|0x0000000081500000, 0x0000000081600000, 0x0000000081600000|100%|HC|  |TAMS 0x0000000081600000, 0x0000000081500000| Complete 
|  22|0x0000000081600000, 0x0000000081700000, 0x0000000081700000|100%|HC|  |TAMS 0x0000000081700000, 0x0000000081600000| Complete 
|  23|0x0000000081700000, 0x0000000081800000, 0x0000000081800000|100%|HS|  |TAMS 0x0000000081800000, 0x0000000081700000| Complete 
|  24|0x0000000081800000, 0x0000000081900000, 0x0000000081900000|100%|HC|  |TAMS 0x0000000081900000, 0x0000000081800000| Complete 
|  25|0x0000000081900000, 0x0000000081a00000, 0x0000000081a00000|100%| O|  |TAMS 0x0000000081a00000, 0x0000000081900000| Untracked 
|  26|0x0000000081a00000, 0x0000000081b00000, 0x0000000081b00000|100%| O|  |TAMS 0x0000000081b00000, 0x0000000081a00000| Untracked 
|  27|0x0000000081b00000, 0x0000000081c00000, 0x0000000081c00000|100%| O|  |TAMS 0x0000000081c00000, 0x0000000081b00000| Untracked 
|  28|0x0000000081c00000, 0x0000000081d00000, 0x0000000081d00000|100%| O|  |TAMS 0x0000000081d00000, 0x0000000081c00000| Untracked 
|  29|0x0000000081d00000, 0x0000000081e00000, 0x0000000081e00000|100%| O|  |TAMS 0x0000000081e00000, 0x0000000081d00000| Untracked 
|  30|0x0000000081e00000, 0x0000000081f00000, 0x0000000081f00000|100%| O|  |TAMS 0x0000000081f00000, 0x0000000081e00000| Untracked 
|  31|0x0000000081f00000, 0x0000000082000000, 0x0000000082000000|100%| O|  |TAMS 0x0000000082000000, 0x0000000081f00000| Untracked 
|  32|0x0000000082000000, 0x0000000082100000, 0x0000000082100000|100%| O|  |TAMS 0x0000000082100000, 0x0000000082000000| Untracked 
|  33|0x0000000082100000, 0x0000000082200000, 0x0000000082200000|100%| O|  |TAMS 0x0000000082200000, 0x0000000082100000| Untracked 
|  34|0x0000000082200000, 0x0000000082300000, 0x0000000082300000|100%| O|  |TAMS 0x0000000082300000, 0x0000000082200000| Untracked 
|  35|0x0000000082300000, 0x0000000082400000, 0x0000000082400000|100%| O|  |TAMS 0x0000000082400000, 0x0000000082300000| Untracked 
|  36|0x0000000082400000, 0x0000000082500000, 0x0000000082500000|100%| O|  |TAMS 0x0000000082500000, 0x0000000082400000| Untracked 
|  37|0x0000000082500000, 0x0000000082600000, 0x0000000082600000|100%| O|  |TAMS 0x0000000082600000, 0x0000000082500000| Untracked 
|  38|0x0000000082600000, 0x0000000082700000, 0x0000000082700000|100%| O|  |TAMS 0x0000000082700000, 0x0000000082600000| Untracked 
|  39|0x0000000082700000, 0x0000000082800000, 0x0000000082800000|100%| O|  |TAMS 0x0000000082800000, 0x0000000082700000| Complete 
|  40|0x0000000082800000, 0x0000000082900000, 0x0000000082900000|100%| O|  |TAMS 0x0000000082900000, 0x0000000082800000| Untracked 
|  41|0x0000000082900000, 0x0000000082a00000, 0x0000000082a00000|100%| O|  |TAMS 0x0000000082a00000, 0x0000000082900000| Untracked 
|  42|0x0000000082a00000, 0x0000000082b00000, 0x0000000082b00000|100%| O|  |TAMS 0x0000000082b00000, 0x0000000082a00000| Complete 
|  43|0x0000000082b00000, 0x0000000082c00000, 0x0000000082c00000|100%| O|  |TAMS 0x0000000082c00000, 0x0000000082b00000| Untracked 
|  44|0x0000000082c00000, 0x0000000082d00000, 0x0000000082d00000|100%| O|  |TAMS 0x0000000082d00000, 0x0000000082c00000| Complete 
|  45|0x0000000082d00000, 0x0000000082e00000, 0x0000000082e00000|100%| O|  |TAMS 0x0000000082e00000, 0x0000000082d00000| Untracked 
|  46|0x0000000082e00000, 0x0000000082f00000, 0x0000000082f00000|100%| O|  |TAMS 0x0000000082f00000, 0x0000000082e00000| Untracked 
|  47|0x0000000082f00000, 0x0000000083000000, 0x0000000083000000|100%| O|  |TAMS 0x0000000083000000, 0x0000000082f00000| Untracked 
|  48|0x0000000083000000, 0x0000000083100000, 0x0000000083100000|100%| O|  |TAMS 0x0000000083100000, 0x0000000083000000| Untracked 
|  49|0x0000000083100000, 0x0000000083200000, 0x0000000083200000|100%| O|  |TAMS 0x0000000083200000, 0x0000000083100000| Complete 
|  50|0x0000000083200000, 0x0000000083300000, 0x0000000083300000|100%| O|  |TAMS 0x0000000083300000, 0x0000000083200000| Complete 
|  51|0x0000000083300000, 0x0000000083400000, 0x0000000083400000|100%|HS|  |TAMS 0x0000000083400000, 0x0000000083300000| Complete 
|  52|0x0000000083400000, 0x0000000083500000, 0x0000000083500000|100%|HS|  |TAMS 0x0000000083500000, 0x0000000083400000| Complete 
|  53|0x0000000083500000, 0x0000000083600000, 0x0000000083600000|100%|HC|  |TAMS 0x0000000083600000, 0x0000000083500000| Complete 
|  54|0x0000000083600000, 0x0000000083700000, 0x0000000083700000|100%|HS|  |TAMS 0x0000000083700000, 0x0000000083600000| Complete 
|  55|0x0000000083700000, 0x0000000083800000, 0x0000000083800000|100%|HC|  |TAMS 0x0000000083800000, 0x0000000083700000| Complete 
|  56|0x0000000083800000, 0x0000000083900000, 0x0000000083900000|100%|HS|  |TAMS 0x0000000083900000, 0x0000000083800000| Complete 
|  57|0x0000000083900000, 0x0000000083a00000, 0x0000000083a00000|100%|HS|  |TAMS 0x0000000083a00000, 0x0000000083900000| Complete 
|  58|0x0000000083a00000, 0x0000000083b00000, 0x0000000083b00000|100%|HS|  |TAMS 0x0000000083b00000, 0x0000000083a00000| Complete 
|  59|0x0000000083b00000, 0x0000000083c00000, 0x0000000083c00000|100%|HC|  |TAMS 0x0000000083c00000, 0x0000000083b00000| Complete 
|  60|0x0000000083c00000, 0x0000000083d00000, 0x0000000083d00000|100%|HC|  |TAMS 0x0000000083d00000, 0x0000000083c00000| Complete 
|  61|0x0000000083d00000, 0x0000000083e00000, 0x0000000083e00000|100%|HS|  |TAMS 0x0000000083e00000, 0x0000000083d00000| Complete 
|  62|0x0000000083e00000, 0x0000000083f00000, 0x0000000083f00000|100%|HC|  |TAMS 0x0000000083f00000, 0x0000000083e00000| Complete 
|  63|0x0000000083f00000, 0x0000000084000000, 0x0000000084000000|100%|HC|  |TAMS 0x0000000084000000, 0x0000000083f00000| Complete 
|  64|0x0000000084000000, 0x0000000084100000, 0x0000000084100000|100%|HS|  |TAMS 0x0000000084100000, 0x0000000084000000| Complete 
|  65|0x0000000084100000, 0x0000000084200000, 0x0000000084200000|100%|HS|  |TAMS 0x0000000084200000, 0x0000000084100000| Complete 
|  66|0x0000000084200000, 0x0000000084300000, 0x0000000084300000|100%|HS|  |TAMS 0x0000000084300000, 0x0000000084200000| Complete 
|  67|0x0000000084300000, 0x0000000084400000, 0x0000000084400000|100%|HC|  |TAMS 0x0000000084400000, 0x0000000084300000| Complete 
|  68|0x0000000084400000, 0x0000000084500000, 0x0000000084500000|100%|HS|  |TAMS 0x0000000084500000, 0x0000000084400000| Complete 
|  69|0x0000000084500000, 0x0000000084600000, 0x0000000084600000|100%|HC|  |TAMS 0x0000000084600000, 0x0000000084500000| Complete 
|  70|0x0000000084600000, 0x0000000084700000, 0x0000000084700000|100%|HC|  |TAMS 0x0000000084700000, 0x0000000084600000| Complete 
|  71|0x0000000084700000, 0x0000000084800000, 0x0000000084800000|100%| O|  |TAMS 0x0000000084800000, 0x0000000084700000| Complete 
|  72|0x0000000084800000, 0x0000000084900000, 0x0000000084900000|100%| O|  |TAMS 0x0000000084900000, 0x0000000084800000| Untracked 
|  73|0x0000000084900000, 0x0000000084a00000, 0x0000000084a00000|100%| O|  |TAMS 0x0000000084a00000, 0x0000000084900000| Untracked 
|  74|0x0000000084a00000, 0x0000000084b00000, 0x0000000084b00000|100%| O|  |TAMS 0x0000000084b00000, 0x0000000084a00000| Untracked 
|  75|0x0000000084b00000, 0x0000000084c00000, 0x0000000084c00000|100%| O|  |TAMS 0x0000000084c00000, 0x0000000084b00000| Untracked 
|  76|0x0000000084c00000, 0x0000000084d00000, 0x0000000084d00000|100%| O|  |TAMS 0x0000000084d00000, 0x0000000084c00000| Untracked 
|  77|0x0000000084d00000, 0x0000000084e00000, 0x0000000084e00000|100%| O|  |TAMS 0x0000000084e00000, 0x0000000084d00000| Untracked 
|  78|0x0000000084e00000, 0x0000000084f00000, 0x0000000084f00000|100%| O|  |TAMS 0x0000000084f00000, 0x0000000084e00000| Untracked 
|  79|0x0000000084f00000, 0x0000000085000000, 0x0000000085000000|100%| O|  |TAMS 0x0000000085000000, 0x0000000084f00000| Untracked 
|  80|0x0000000085000000, 0x0000000085100000, 0x0000000085100000|100%| O|  |TAMS 0x0000000085100000, 0x0000000085000000| Untracked 
|  81|0x0000000085100000, 0x0000000085200000, 0x0000000085200000|100%| O|  |TAMS 0x0000000085200000, 0x0000000085100000| Untracked 
|  82|0x0000000085200000, 0x0000000085300000, 0x0000000085300000|100%| O|  |TAMS 0x0000000085300000, 0x0000000085200000| Untracked 
|  83|0x0000000085300000, 0x0000000085400000, 0x0000000085400000|100%| O|  |TAMS 0x0000000085400000, 0x0000000085300000| Untracked 
|  84|0x0000000085400000, 0x0000000085500000, 0x0000000085500000|100%| O|  |TAMS 0x0000000085500000, 0x0000000085400000| Complete 
|  85|0x0000000085500000, 0x0000000085600000, 0x0000000085600000|100%| O|  |TAMS 0x0000000085600000, 0x0000000085500000| Untracked 
|  86|0x0000000085600000, 0x0000000085700000, 0x0000000085700000|100%| O|  |TAMS 0x0000000085700000, 0x0000000085600000| Untracked 
|  87|0x0000000085700000, 0x0000000085800000, 0x0000000085800000|100%| O|  |TAMS 0x0000000085800000, 0x0000000085700000| Untracked 
|  88|0x0000000085800000, 0x0000000085900000, 0x0000000085900000|100%| O|  |TAMS 0x0000000085900000, 0x0000000085800000| Untracked 
|  89|0x0000000085900000, 0x0000000085a00000, 0x0000000085a00000|100%| O|  |TAMS 0x0000000085a00000, 0x0000000085900000| Untracked 
|  90|0x0000000085a00000, 0x0000000085b00000, 0x0000000085b00000|100%| O|  |TAMS 0x0000000085b00000, 0x0000000085a00000| Untracked 
|  91|0x0000000085b00000, 0x0000000085c00000, 0x0000000085c00000|100%| O|  |TAMS 0x0000000085c00000, 0x0000000085b00000| Untracked 
|  92|0x0000000085c00000, 0x0000000085d00000, 0x0000000085d00000|100%| O|  |TAMS 0x0000000085d00000, 0x0000000085c00000| Untracked 
|  93|0x0000000085d00000, 0x0000000085e00000, 0x0000000085e00000|100%| O|  |TAMS 0x0000000085e00000, 0x0000000085d00000| Complete 
|  94|0x0000000085e00000, 0x0000000085f00000, 0x0000000085f00000|100%| O|  |TAMS 0x0000000085f00000, 0x0000000085e00000| Complete 
|  95|0x0000000085f00000, 0x0000000086000000, 0x0000000086000000|100%| O|  |TAMS 0x0000000086000000, 0x0000000085f00000| Untracked 
|  96|0x0000000086000000, 0x0000000086100000, 0x0000000086100000|100%| O|  |TAMS 0x0000000086100000, 0x0000000086000000| Untracked 
|  97|0x0000000086100000, 0x0000000086200000, 0x0000000086200000|100%| O|  |TAMS 0x0000000086200000, 0x0000000086100000| Complete 
|  98|0x0000000086200000, 0x0000000086300000, 0x0000000086300000|100%| O|  |TAMS 0x0000000086300000, 0x0000000086200000| Untracked 
|  99|0x0000000086300000, 0x0000000086400000, 0x0000000086400000|100%| O|  |TAMS 0x0000000086400000, 0x0000000086300000| Complete 
| 100|0x0000000086400000, 0x0000000086500000, 0x0000000086500000|100%| O|  |TAMS 0x0000000086500000, 0x0000000086400000| Complete 
| 101|0x0000000086500000, 0x0000000086600000, 0x0000000086600000|100%| O|  |TAMS 0x0000000086600000, 0x0000000086500000| Complete 
| 102|0x0000000086600000, 0x0000000086700000, 0x0000000086700000|100%| O|  |TAMS 0x0000000086700000, 0x0000000086600000| Untracked 
| 103|0x0000000086700000, 0x0000000086800000, 0x0000000086800000|100%| O|  |TAMS 0x0000000086800000, 0x0000000086700000| Untracked 
| 104|0x0000000086800000, 0x0000000086900000, 0x0000000086900000|100%| O|  |TAMS 0x0000000086900000, 0x0000000086800000| Complete 
| 105|0x0000000086900000, 0x0000000086a00000, 0x0000000086a00000|100%| O|  |TAMS 0x0000000086a00000, 0x0000000086900000| Complete 
| 106|0x0000000086a00000, 0x0000000086b00000, 0x0000000086b00000|100%|HS|  |TAMS 0x0000000086b00000, 0x0000000086a00000| Complete 
| 107|0x0000000086b00000, 0x0000000086c00000, 0x0000000086c00000|100%| O|  |TAMS 0x0000000086c00000, 0x0000000086b00000| Complete 
| 108|0x0000000086c00000, 0x0000000086c00000, 0x0000000086d00000|  0%| F|  |TAMS 0x0000000086c00000, 0x0000000086c00000| Untracked 
| 109|0x0000000086d00000, 0x0000000086e00000, 0x0000000086e00000|100%|HS|  |TAMS 0x0000000086e00000, 0x0000000086d00000| Complete 
| 110|0x0000000086e00000, 0x0000000086f00000, 0x0000000086f00000|100%|HS|  |TAMS 0x0000000086f00000, 0x0000000086e00000| Complete 
| 111|0x0000000086f00000, 0x0000000087000000, 0x0000000087000000|100%| O|  |TAMS 0x0000000087000000, 0x0000000086f00000| Untracked 
| 112|0x0000000087000000, 0x0000000087100000, 0x0000000087100000|100%| O|  |TAMS 0x0000000087100000, 0x0000000087000000| Complete 
| 113|0x0000000087100000, 0x0000000087200000, 0x0000000087200000|100%|HS|  |TAMS 0x0000000087200000, 0x0000000087100000| Complete 
| 114|0x0000000087200000, 0x0000000087300000, 0x0000000087300000|100%| O|  |TAMS 0x0000000087300000, 0x0000000087200000| Untracked 
| 115|0x0000000087300000, 0x0000000087400000, 0x0000000087400000|100%| O|  |TAMS 0x0000000087400000, 0x0000000087300000| Untracked 
| 116|0x0000000087400000, 0x0000000087500000, 0x0000000087500000|100%| O|  |TAMS 0x0000000087500000, 0x0000000087400000| Untracked 
| 117|0x0000000087500000, 0x0000000087600000, 0x0000000087600000|100%| O|  |TAMS 0x0000000087600000, 0x0000000087500000| Untracked 
| 118|0x0000000087600000, 0x0000000087700000, 0x0000000087700000|100%| O|  |TAMS 0x0000000087700000, 0x0000000087600000| Untracked 
| 119|0x0000000087700000, 0x0000000087800000, 0x0000000087800000|100%| O|  |TAMS 0x0000000087800000, 0x0000000087700000| Untracked 
| 120|0x0000000087800000, 0x0000000087900000, 0x0000000087900000|100%| O|  |TAMS 0x0000000087900000, 0x0000000087800000| Untracked 
| 121|0x0000000087900000, 0x0000000087a00000, 0x0000000087a00000|100%| O|  |TAMS 0x0000000087a00000, 0x0000000087900000| Untracked 
| 122|0x0000000087a00000, 0x0000000087b00000, 0x0000000087b00000|100%| O|  |TAMS 0x0000000087b00000, 0x0000000087a00000| Untracked 
| 123|0x0000000087b00000, 0x0000000087c00000, 0x0000000087c00000|100%| O|  |TAMS 0x0000000087c00000, 0x0000000087b00000| Untracked 
| 124|0x0000000087c00000, 0x0000000087d00000, 0x0000000087d00000|100%| O|  |TAMS 0x0000000087d00000, 0x0000000087c00000| Untracked 
| 125|0x0000000087d00000, 0x0000000087e00000, 0x0000000087e00000|100%|HS|  |TAMS 0x0000000087e00000, 0x0000000087d00000| Complete 
| 126|0x0000000087e00000, 0x0000000087f00000, 0x0000000087f00000|100%|HC|  |TAMS 0x0000000087f00000, 0x0000000087e00000| Complete 
| 127|0x0000000087f00000, 0x0000000088000000, 0x0000000088000000|100%|HS|  |TAMS 0x0000000088000000, 0x0000000087f00000| Complete 
| 128|0x0000000088000000, 0x0000000088100000, 0x0000000088100000|100%|HC|  |TAMS 0x0000000088100000, 0x0000000088000000| Complete 
| 129|0x0000000088100000, 0x0000000088200000, 0x0000000088200000|100%| O|  |TAMS 0x0000000088200000, 0x0000000088100000| Untracked 
| 130|0x0000000088200000, 0x0000000088300000, 0x0000000088300000|100%| O|  |TAMS 0x0000000088300000, 0x0000000088200000| Untracked 
| 131|0x0000000088300000, 0x0000000088400000, 0x0000000088400000|100%| O|  |TAMS 0x0000000088400000, 0x0000000088300000| Untracked 
| 132|0x0000000088400000, 0x0000000088500000, 0x0000000088500000|100%| O|  |TAMS 0x0000000088500000, 0x0000000088400000| Untracked 
| 133|0x0000000088500000, 0x0000000088600000, 0x0000000088600000|100%| O|  |TAMS 0x0000000088600000, 0x0000000088500000| Untracked 
| 134|0x0000000088600000, 0x0000000088700000, 0x0000000088700000|100%| O|  |TAMS 0x0000000088700000, 0x0000000088600000| Untracked 
| 135|0x0000000088700000, 0x0000000088800000, 0x0000000088800000|100%| O|  |TAMS 0x0000000088800000, 0x0000000088700000| Untracked 
| 136|0x0000000088800000, 0x0000000088900000, 0x0000000088900000|100%| O|  |TAMS 0x0000000088900000, 0x0000000088800000| Untracked 
| 137|0x0000000088900000, 0x0000000088a00000, 0x0000000088a00000|100%| O|  |TAMS 0x0000000088a00000, 0x0000000088900000| Untracked 
| 138|0x0000000088a00000, 0x0000000088b00000, 0x0000000088b00000|100%| O|  |TAMS 0x0000000088b00000, 0x0000000088a00000| Untracked 
| 139|0x0000000088b00000, 0x0000000088c00000, 0x0000000088c00000|100%| O|  |TAMS 0x0000000088c00000, 0x0000000088b00000| Untracked 
| 140|0x0000000088c00000, 0x0000000088d00000, 0x0000000088d00000|100%| O|  |TAMS 0x0000000088d00000, 0x0000000088c00000| Untracked 
| 141|0x0000000088d00000, 0x0000000088e00000, 0x0000000088e00000|100%| O|  |TAMS 0x0000000088e00000, 0x0000000088d00000| Untracked 
| 142|0x0000000088e00000, 0x0000000088f00000, 0x0000000088f00000|100%| O|  |TAMS 0x0000000088f00000, 0x0000000088e00000| Untracked 
| 143|0x0000000088f00000, 0x0000000089000000, 0x0000000089000000|100%| O|  |TAMS 0x0000000089000000, 0x0000000088f00000| Untracked 
| 144|0x0000000089000000, 0x0000000089100000, 0x0000000089100000|100%| O|  |TAMS 0x0000000089100000, 0x0000000089000000| Complete 
| 145|0x0000000089100000, 0x0000000089200000, 0x0000000089200000|100%| O|  |TAMS 0x0000000089200000, 0x0000000089100000| Complete 
| 146|0x0000000089200000, 0x0000000089300000, 0x0000000089300000|100%| O|  |TAMS 0x0000000089300000, 0x0000000089200000| Untracked 
| 147|0x0000000089300000, 0x0000000089400000, 0x0000000089400000|100%| O|  |TAMS 0x0000000089400000, 0x0000000089300000| Complete 
| 148|0x0000000089400000, 0x0000000089500000, 0x0000000089500000|100%| O|  |TAMS 0x0000000089500000, 0x0000000089400000| Complete 
| 149|0x0000000089500000, 0x0000000089600000, 0x0000000089600000|100%| O|  |TAMS 0x0000000089600000, 0x0000000089500000| Complete 
| 150|0x0000000089600000, 0x0000000089700000, 0x0000000089700000|100%| O|  |TAMS 0x0000000089700000, 0x0000000089600000| Complete 
| 151|0x0000000089700000, 0x0000000089800000, 0x0000000089800000|100%| O|  |TAMS 0x0000000089800000, 0x0000000089700000| Untracked 
| 152|0x0000000089800000, 0x0000000089900000, 0x0000000089900000|100%| O|  |TAMS 0x0000000089900000, 0x0000000089800000| Complete 
| 153|0x0000000089900000, 0x0000000089a00000, 0x0000000089a00000|100%| O|  |TAMS 0x0000000089a00000, 0x0000000089900000| Untracked 
| 154|0x0000000089a00000, 0x0000000089b00000, 0x0000000089b00000|100%| O|  |TAMS 0x0000000089b00000, 0x0000000089a00000| Untracked 
| 155|0x0000000089b00000, 0x0000000089c00000, 0x0000000089c00000|100%| O|  |TAMS 0x0000000089c00000, 0x0000000089b00000| Untracked 
| 156|0x0000000089c00000, 0x0000000089d00000, 0x0000000089d00000|100%| O|  |TAMS 0x0000000089d00000, 0x0000000089c00000| Complete 
| 157|0x0000000089d00000, 0x0000000089e00000, 0x0000000089e00000|100%| O|  |TAMS 0x0000000089e00000, 0x0000000089d00000| Complete 
| 158|0x0000000089e00000, 0x0000000089f00000, 0x0000000089f00000|100%| O|  |TAMS 0x0000000089f00000, 0x0000000089e00000| Complete 
| 159|0x0000000089f00000, 0x000000008a000000, 0x000000008a000000|100%| O|  |TAMS 0x000000008a000000, 0x0000000089f00000| Complete 
| 160|0x000000008a000000, 0x000000008a100000, 0x000000008a100000|100%| O|  |TAMS 0x000000008a100000, 0x000000008a000000| Untracked 
| 161|0x000000008a100000, 0x000000008a200000, 0x000000008a200000|100%| O|  |TAMS 0x000000008a200000, 0x000000008a100000| Untracked 
| 162|0x000000008a200000, 0x000000008a300000, 0x000000008a300000|100%| O|  |TAMS 0x000000008a300000, 0x000000008a200000| Untracked 
| 163|0x000000008a300000, 0x000000008a400000, 0x000000008a400000|100%| O|  |TAMS 0x000000008a400000, 0x000000008a300000| Complete 
| 164|0x000000008a400000, 0x000000008a500000, 0x000000008a500000|100%| O|  |TAMS 0x000000008a500000, 0x000000008a400000| Complete 
| 165|0x000000008a500000, 0x000000008a600000, 0x000000008a600000|100%| O|  |TAMS 0x000000008a600000, 0x000000008a500000| Untracked 
| 166|0x000000008a600000, 0x000000008a700000, 0x000000008a700000|100%| O|  |TAMS 0x000000008a700000, 0x000000008a600000| Untracked 
| 167|0x000000008a700000, 0x000000008a800000, 0x000000008a800000|100%| O|  |TAMS 0x000000008a800000, 0x000000008a700000| Untracked 
| 168|0x000000008a800000, 0x000000008a900000, 0x000000008a900000|100%| O|  |TAMS 0x000000008a900000, 0x000000008a800000| Untracked 
| 169|0x000000008a900000, 0x000000008aa00000, 0x000000008aa00000|100%| O|  |TAMS 0x000000008aa00000, 0x000000008a900000| Untracked 
| 170|0x000000008aa00000, 0x000000008ab00000, 0x000000008ab00000|100%| O|  |TAMS 0x000000008ab00000, 0x000000008aa00000| Complete 
| 171|0x000000008ab00000, 0x000000008ac00000, 0x000000008ac00000|100%| O|  |TAMS 0x000000008ac00000, 0x000000008ab00000| Untracked 
| 172|0x000000008ac00000, 0x000000008ad00000, 0x000000008ad00000|100%| O|  |TAMS 0x000000008ad00000, 0x000000008ac00000| Complete 
| 173|0x000000008ad00000, 0x000000008ae00000, 0x000000008ae00000|100%| O|  |TAMS 0x000000008ae00000, 0x000000008ad00000| Complete 
| 174|0x000000008ae00000, 0x000000008af00000, 0x000000008af00000|100%| O|  |TAMS 0x000000008af00000, 0x000000008ae00000| Complete 
| 175|0x000000008af00000, 0x000000008b000000, 0x000000008b000000|100%| O|  |TAMS 0x000000008b000000, 0x000000008af00000| Complete 
| 176|0x000000008b000000, 0x000000008b100000, 0x000000008b100000|100%|HS|  |TAMS 0x000000008b100000, 0x000000008b000000| Complete 
| 177|0x000000008b100000, 0x000000008b200000, 0x000000008b200000|100%| O|  |TAMS 0x000000008b200000, 0x000000008b100000| Complete 
| 178|0x000000008b200000, 0x000000008b300000, 0x000000008b300000|100%| O|  |TAMS 0x000000008b300000, 0x000000008b200000| Untracked 
| 179|0x000000008b300000, 0x000000008b400000, 0x000000008b400000|100%| O|  |TAMS 0x000000008b400000, 0x000000008b300000| Untracked 
| 180|0x000000008b400000, 0x000000008b500000, 0x000000008b500000|100%| O|  |TAMS 0x000000008b500000, 0x000000008b400000| Untracked 
| 181|0x000000008b500000, 0x000000008b600000, 0x000000008b600000|100%| O|  |TAMS 0x000000008b600000, 0x000000008b500000| Untracked 
| 182|0x000000008b600000, 0x000000008b700000, 0x000000008b700000|100%| O|  |TAMS 0x000000008b700000, 0x000000008b600000| Untracked 
| 183|0x000000008b700000, 0x000000008b800000, 0x000000008b800000|100%| O|  |TAMS 0x000000008b800000, 0x000000008b700000| Complete 
| 184|0x000000008b800000, 0x000000008b900000, 0x000000008b900000|100%| O|  |TAMS 0x000000008b900000, 0x000000008b800000| Complete 
| 185|0x000000008b900000, 0x000000008ba00000, 0x000000008ba00000|100%| O|  |TAMS 0x000000008ba00000, 0x000000008b900000| Complete 
| 186|0x000000008ba00000, 0x000000008bb00000, 0x000000008bb00000|100%| O|  |TAMS 0x000000008bb00000, 0x000000008ba00000| Untracked 
| 187|0x000000008bb00000, 0x000000008bc00000, 0x000000008bc00000|100%| O|  |TAMS 0x000000008bc00000, 0x000000008bb00000| Untracked 
| 188|0x000000008bc00000, 0x000000008bd00000, 0x000000008bd00000|100%| O|  |TAMS 0x000000008bd00000, 0x000000008bc00000| Untracked 
| 189|0x000000008bd00000, 0x000000008be00000, 0x000000008be00000|100%| O|  |TAMS 0x000000008be00000, 0x000000008bd00000| Untracked 
| 190|0x000000008be00000, 0x000000008bf00000, 0x000000008bf00000|100%| O|  |TAMS 0x000000008bf00000, 0x000000008be00000| Untracked 
| 191|0x000000008bf00000, 0x000000008c000000, 0x000000008c000000|100%| O|  |TAMS 0x000000008c000000, 0x000000008bf00000| Untracked 
| 192|0x000000008c000000, 0x000000008c100000, 0x000000008c100000|100%| O|  |TAMS 0x000000008c100000, 0x000000008c000000| Untracked 
| 193|0x000000008c100000, 0x000000008c200000, 0x000000008c200000|100%| O|  |TAMS 0x000000008c200000, 0x000000008c100000| Untracked 
| 194|0x000000008c200000, 0x000000008c300000, 0x000000008c300000|100%| O|  |TAMS 0x000000008c300000, 0x000000008c200000| Complete 
| 195|0x000000008c300000, 0x000000008c400000, 0x000000008c400000|100%| O|  |TAMS 0x000000008c400000, 0x000000008c300000| Untracked 
| 196|0x000000008c400000, 0x000000008c500000, 0x000000008c500000|100%| O|  |TAMS 0x000000008c500000, 0x000000008c400000| Complete 
| 197|0x000000008c500000, 0x000000008c600000, 0x000000008c600000|100%| O|  |TAMS 0x000000008c600000, 0x000000008c500000| Complete 
| 198|0x000000008c600000, 0x000000008c700000, 0x000000008c700000|100%| O|  |TAMS 0x000000008c700000, 0x000000008c600000| Untracked 
| 199|0x000000008c700000, 0x000000008c800000, 0x000000008c800000|100%| O|  |TAMS 0x000000008c800000, 0x000000008c700000| Complete 
| 200|0x000000008c800000, 0x000000008c900000, 0x000000008c900000|100%| O|  |TAMS 0x000000008c900000, 0x000000008c800000| Complete 
| 201|0x000000008c900000, 0x000000008ca00000, 0x000000008ca00000|100%| O|  |TAMS 0x000000008ca00000, 0x000000008c900000| Complete 
| 202|0x000000008ca00000, 0x000000008cb00000, 0x000000008cb00000|100%| O|  |TAMS 0x000000008cb00000, 0x000000008ca00000| Untracked 
| 203|0x000000008cb00000, 0x000000008cc00000, 0x000000008cc00000|100%| O|  |TAMS 0x000000008cc00000, 0x000000008cb00000| Complete 
| 204|0x000000008cc00000, 0x000000008cd00000, 0x000000008cd00000|100%| O|  |TAMS 0x000000008cd00000, 0x000000008cc00000| Complete 
| 205|0x000000008cd00000, 0x000000008ce00000, 0x000000008ce00000|100%| O|  |TAMS 0x000000008ce00000, 0x000000008cd00000| Untracked 
| 206|0x000000008ce00000, 0x000000008cf00000, 0x000000008cf00000|100%| O|  |TAMS 0x000000008cf00000, 0x000000008ce00000| Untracked 
| 207|0x000000008cf00000, 0x000000008d000000, 0x000000008d000000|100%| O|  |TAMS 0x000000008d000000, 0x000000008cf00000| Complete 
| 208|0x000000008d000000, 0x000000008d100000, 0x000000008d100000|100%| O|  |TAMS 0x000000008d100000, 0x000000008d000000| Complete 
| 209|0x000000008d100000, 0x000000008d200000, 0x000000008d200000|100%| O|  |TAMS 0x000000008d200000, 0x000000008d100000| Complete 
| 210|0x000000008d200000, 0x000000008d300000, 0x000000008d300000|100%| O|  |TAMS 0x000000008d300000, 0x000000008d200000| Complete 
| 211|0x000000008d300000, 0x000000008d400000, 0x000000008d400000|100%| O|  |TAMS 0x000000008d400000, 0x000000008d300000| Untracked 
| 212|0x000000008d400000, 0x000000008d500000, 0x000000008d500000|100%| O|  |TAMS 0x000000008d500000, 0x000000008d400000| Untracked 
| 213|0x000000008d500000, 0x000000008d600000, 0x000000008d600000|100%| O|  |TAMS 0x000000008d600000, 0x000000008d500000| Untracked 
| 214|0x000000008d600000, 0x000000008d700000, 0x000000008d700000|100%| O|  |TAMS 0x000000008d700000, 0x000000008d600000| Untracked 
| 215|0x000000008d700000, 0x000000008d800000, 0x000000008d800000|100%| O|  |TAMS 0x000000008d800000, 0x000000008d700000| Untracked 
| 216|0x000000008d800000, 0x000000008d900000, 0x000000008d900000|100%| O|  |TAMS 0x000000008d900000, 0x000000008d800000| Complete 
| 217|0x000000008d900000, 0x000000008da00000, 0x000000008da00000|100%| O|  |TAMS 0x000000008da00000, 0x000000008d900000| Untracked 
| 218|0x000000008da00000, 0x000000008db00000, 0x000000008db00000|100%| O|  |TAMS 0x000000008db00000, 0x000000008da00000| Untracked 
| 219|0x000000008db00000, 0x000000008dc00000, 0x000000008dc00000|100%| O|  |TAMS 0x000000008dc00000, 0x000000008db00000| Complete 
| 220|0x000000008dc00000, 0x000000008dd00000, 0x000000008dd00000|100%| O|  |TAMS 0x000000008dd00000, 0x000000008dc00000| Complete 
| 221|0x000000008dd00000, 0x000000008de00000, 0x000000008de00000|100%| O|  |TAMS 0x000000008de00000, 0x000000008dd00000| Complete 
| 222|0x000000008de00000, 0x000000008df00000, 0x000000008df00000|100%| O|  |TAMS 0x000000008df00000, 0x000000008de00000| Complete 
| 223|0x000000008df00000, 0x000000008e000000, 0x000000008e000000|100%| O|  |TAMS 0x000000008e000000, 0x000000008df00000| Complete 
| 224|0x000000008e000000, 0x000000008e100000, 0x000000008e100000|100%| O|  |TAMS 0x000000008e100000, 0x000000008e000000| Complete 
| 225|0x000000008e100000, 0x000000008e200000, 0x000000008e200000|100%| O|  |TAMS 0x000000008e200000, 0x000000008e100000| Complete 
| 226|0x000000008e200000, 0x000000008e300000, 0x000000008e300000|100%| O|  |TAMS 0x000000008e300000, 0x000000008e200000| Complete 
| 227|0x000000008e300000, 0x000000008e400000, 0x000000008e400000|100%| O|  |TAMS 0x000000008e400000, 0x000000008e300000| Complete 
| 228|0x000000008e400000, 0x000000008e500000, 0x000000008e500000|100%| O|  |TAMS 0x000000008e500000, 0x000000008e400000| Complete 
| 229|0x000000008e500000, 0x000000008e600000, 0x000000008e600000|100%| O|  |TAMS 0x000000008e600000, 0x000000008e500000| Complete 
| 230|0x000000008e600000, 0x000000008e700000, 0x000000008e700000|100%| O|  |TAMS 0x000000008e700000, 0x000000008e600000| Complete 
| 231|0x000000008e700000, 0x000000008e800000, 0x000000008e800000|100%| O|  |TAMS 0x000000008e800000, 0x000000008e700000| Untracked 
| 232|0x000000008e800000, 0x000000008e900000, 0x000000008e900000|100%| O|  |TAMS 0x000000008e900000, 0x000000008e800000| Untracked 
| 233|0x000000008e900000, 0x000000008ea00000, 0x000000008ea00000|100%| O|  |TAMS 0x000000008ea00000, 0x000000008e900000| Untracked 
| 234|0x000000008ea00000, 0x000000008eb00000, 0x000000008eb00000|100%| O|  |TAMS 0x000000008eb00000, 0x000000008ea00000| Untracked 
| 235|0x000000008eb00000, 0x000000008ec00000, 0x000000008ec00000|100%| O|  |TAMS 0x000000008ec00000, 0x000000008eb00000| Untracked 
| 236|0x000000008ec00000, 0x000000008ed00000, 0x000000008ed00000|100%| O|  |TAMS 0x000000008ed00000, 0x000000008ec00000| Untracked 
| 237|0x000000008ed00000, 0x000000008ee00000, 0x000000008ee00000|100%| O|  |TAMS 0x000000008ee00000, 0x000000008ed00000| Untracked 
| 238|0x000000008ee00000, 0x000000008ef00000, 0x000000008ef00000|100%| O|  |TAMS 0x000000008ef00000, 0x000000008ee00000| Untracked 
| 239|0x000000008ef00000, 0x000000008f000000, 0x000000008f000000|100%| O|  |TAMS 0x000000008f000000, 0x000000008ef00000| Untracked 
| 240|0x000000008f000000, 0x000000008f100000, 0x000000008f100000|100%| O|  |TAMS 0x000000008f100000, 0x000000008f000000| Untracked 
| 241|0x000000008f100000, 0x000000008f200000, 0x000000008f200000|100%| O|  |TAMS 0x000000008f200000, 0x000000008f100000| Untracked 
| 242|0x000000008f200000, 0x000000008f300000, 0x000000008f300000|100%| O|  |TAMS 0x000000008f300000, 0x000000008f200000| Untracked 
| 243|0x000000008f300000, 0x000000008f400000, 0x000000008f400000|100%| O|  |TAMS 0x000000008f400000, 0x000000008f300000| Untracked 
| 244|0x000000008f400000, 0x000000008f500000, 0x000000008f500000|100%| O|  |TAMS 0x000000008f500000, 0x000000008f400000| Complete 
| 245|0x000000008f500000, 0x000000008f600000, 0x000000008f600000|100%| O|  |TAMS 0x000000008f600000, 0x000000008f500000| Complete 
| 246|0x000000008f600000, 0x000000008f700000, 0x000000008f700000|100%| O|  |TAMS 0x000000008f700000, 0x000000008f600000| Untracked 
| 247|0x000000008f700000, 0x000000008f800000, 0x000000008f800000|100%| O|  |TAMS 0x000000008f800000, 0x000000008f700000| Complete 
| 248|0x000000008f800000, 0x000000008f900000, 0x000000008f900000|100%| O|  |TAMS 0x000000008f900000, 0x000000008f800000| Untracked 
| 249|0x000000008f900000, 0x000000008fa00000, 0x000000008fa00000|100%| O|  |TAMS 0x000000008fa00000, 0x000000008f900000| Untracked 
| 250|0x000000008fa00000, 0x000000008fb00000, 0x000000008fb00000|100%| O|  |TAMS 0x000000008fb00000, 0x000000008fa00000| Untracked 
| 251|0x000000008fb00000, 0x000000008fc00000, 0x000000008fc00000|100%| O|  |TAMS 0x000000008fc00000, 0x000000008fb00000| Complete 
| 252|0x000000008fc00000, 0x000000008fd00000, 0x000000008fd00000|100%| O|  |TAMS 0x000000008fd00000, 0x000000008fc00000| Complete 
| 253|0x000000008fd00000, 0x000000008fe00000, 0x000000008fe00000|100%| O|  |TAMS 0x000000008fe00000, 0x000000008fd00000| Complete 
| 254|0x000000008fe00000, 0x000000008ff00000, 0x000000008ff00000|100%| O|  |TAMS 0x000000008ff00000, 0x000000008fe00000| Complete 
| 255|0x000000008ff00000, 0x0000000090000000, 0x0000000090000000|100%| O|  |TAMS 0x0000000090000000, 0x000000008ff00000| Complete 
| 256|0x0000000090000000, 0x0000000090100000, 0x0000000090100000|100%|HS|  |TAMS 0x0000000090100000, 0x0000000090000000| Complete 
| 257|0x0000000090100000, 0x0000000090200000, 0x0000000090200000|100%| O|  |TAMS 0x0000000090200000, 0x0000000090100000| Complete 
| 258|0x0000000090200000, 0x0000000090300000, 0x0000000090300000|100%| O|  |TAMS 0x0000000090300000, 0x0000000090200000| Untracked 
| 259|0x0000000090300000, 0x0000000090400000, 0x0000000090400000|100%| O|  |TAMS 0x0000000090400000, 0x0000000090300000| Complete 
| 260|0x0000000090400000, 0x0000000090500000, 0x0000000090500000|100%| O|  |TAMS 0x0000000090500000, 0x0000000090400000| Complete 
| 261|0x0000000090500000, 0x0000000090600000, 0x0000000090600000|100%|HS|  |TAMS 0x0000000090600000, 0x0000000090500000| Complete 
| 262|0x0000000090600000, 0x0000000090700000, 0x0000000090700000|100%|HS|  |TAMS 0x0000000090700000, 0x0000000090600000| Complete 
| 263|0x0000000090700000, 0x0000000090800000, 0x0000000090800000|100%|HS|  |TAMS 0x0000000090800000, 0x0000000090700000| Complete 
| 264|0x0000000090800000, 0x0000000090900000, 0x0000000090900000|100%|HS|  |TAMS 0x0000000090900000, 0x0000000090800000| Complete 
| 265|0x0000000090900000, 0x0000000090a00000, 0x0000000090a00000|100%|HS|  |TAMS 0x0000000090a00000, 0x0000000090900000| Complete 
| 266|0x0000000090a00000, 0x0000000090b00000, 0x0000000090b00000|100%|HC|  |TAMS 0x0000000090b00000, 0x0000000090a00000| Complete 
| 267|0x0000000090b00000, 0x0000000090c00000, 0x0000000090c00000|100%|HS|  |TAMS 0x0000000090c00000, 0x0000000090b00000| Complete 
| 268|0x0000000090c00000, 0x0000000090d00000, 0x0000000090d00000|100%|HC|  |TAMS 0x0000000090d00000, 0x0000000090c00000| Complete 
| 269|0x0000000090d00000, 0x0000000090e00000, 0x0000000090e00000|100%|HS|  |TAMS 0x0000000090e00000, 0x0000000090d00000| Complete 
| 270|0x0000000090e00000, 0x0000000090f00000, 0x0000000090f00000|100%| O|  |TAMS 0x0000000090f00000, 0x0000000090e00000| Complete 
| 271|0x0000000090f00000, 0x0000000091000000, 0x0000000091000000|100%|HS|  |TAMS 0x0000000091000000, 0x0000000090f00000| Complete 
| 272|0x0000000091000000, 0x0000000091100000, 0x0000000091100000|100%|HS|  |TAMS 0x0000000091100000, 0x0000000091000000| Complete 
| 273|0x0000000091100000, 0x0000000091200000, 0x0000000091200000|100%|HC|  |TAMS 0x0000000091200000, 0x0000000091100000| Complete 
| 274|0x0000000091200000, 0x0000000091300000, 0x0000000091300000|100%|HS|  |TAMS 0x0000000091300000, 0x0000000091200000| Complete 
| 275|0x0000000091300000, 0x0000000091400000, 0x0000000091400000|100%| O|  |TAMS 0x0000000091400000, 0x0000000091300000| Untracked 
| 276|0x0000000091400000, 0x0000000091500000, 0x0000000091500000|100%| O|  |TAMS 0x0000000091500000, 0x0000000091400000| Untracked 
| 277|0x0000000091500000, 0x0000000091600000, 0x0000000091600000|100%| O|  |TAMS 0x0000000091600000, 0x0000000091500000| Complete 
| 278|0x0000000091600000, 0x0000000091700000, 0x0000000091700000|100%| O|  |TAMS 0x0000000091700000, 0x0000000091600000| Untracked 
| 279|0x0000000091700000, 0x0000000091800000, 0x0000000091800000|100%| O|  |TAMS 0x0000000091800000, 0x0000000091700000| Untracked 
| 280|0x0000000091800000, 0x0000000091900000, 0x0000000091900000|100%| O|  |TAMS 0x0000000091900000, 0x0000000091800000| Untracked 
| 281|0x0000000091900000, 0x0000000091a00000, 0x0000000091a00000|100%| O|  |TAMS 0x0000000091a00000, 0x0000000091900000| Untracked 
| 282|0x0000000091a00000, 0x0000000091b00000, 0x0000000091b00000|100%| O|  |TAMS 0x0000000091b00000, 0x0000000091a00000| Complete 
| 283|0x0000000091b00000, 0x0000000091c00000, 0x0000000091c00000|100%| O|  |TAMS 0x0000000091c00000, 0x0000000091b00000| Complete 
| 284|0x0000000091c00000, 0x0000000091d00000, 0x0000000091d00000|100%| O|  |TAMS 0x0000000091d00000, 0x0000000091c00000| Complete 
| 285|0x0000000091d00000, 0x0000000091e00000, 0x0000000091e00000|100%|HS|  |TAMS 0x0000000091e00000, 0x0000000091d00000| Complete 
| 286|0x0000000091e00000, 0x0000000091f00000, 0x0000000091f00000|100%|HC|  |TAMS 0x0000000091f00000, 0x0000000091e00000| Complete 
| 287|0x0000000091f00000, 0x0000000092000000, 0x0000000092000000|100%|HS|  |TAMS 0x0000000092000000, 0x0000000091f00000| Complete 
| 288|0x0000000092000000, 0x0000000092100000, 0x0000000092100000|100%|HC|  |TAMS 0x0000000092100000, 0x0000000092000000| Complete 
| 289|0x0000000092100000, 0x0000000092200000, 0x0000000092200000|100%|HS|  |TAMS 0x0000000092200000, 0x0000000092100000| Complete 
| 290|0x0000000092200000, 0x0000000092300000, 0x0000000092300000|100%|HC|  |TAMS 0x0000000092300000, 0x0000000092200000| Complete 
| 291|0x0000000092300000, 0x0000000092400000, 0x0000000092400000|100%| O|  |TAMS 0x0000000092400000, 0x0000000092300000| Untracked 
| 292|0x0000000092400000, 0x0000000092500000, 0x0000000092500000|100%| O|  |TAMS 0x0000000092500000, 0x0000000092400000| Untracked 
| 293|0x0000000092500000, 0x0000000092600000, 0x0000000092600000|100%| O|  |TAMS 0x0000000092600000, 0x0000000092500000| Untracked 
| 294|0x0000000092600000, 0x0000000092700000, 0x0000000092700000|100%| O|  |TAMS 0x0000000092700000, 0x0000000092600000| Untracked 
| 295|0x0000000092700000, 0x0000000092800000, 0x0000000092800000|100%| O|  |TAMS 0x0000000092800000, 0x0000000092700000| Untracked 
| 296|0x0000000092800000, 0x0000000092900000, 0x0000000092900000|100%| O|  |TAMS 0x0000000092900000, 0x0000000092800000| Untracked 
| 297|0x0000000092900000, 0x0000000092a00000, 0x0000000092a00000|100%| O|  |TAMS 0x0000000092a00000, 0x0000000092900000| Untracked 
| 298|0x0000000092a00000, 0x0000000092b00000, 0x0000000092b00000|100%| O|  |TAMS 0x0000000092b00000, 0x0000000092a00000| Untracked 
| 299|0x0000000092b00000, 0x0000000092c00000, 0x0000000092c00000|100%| O|  |TAMS 0x0000000092c00000, 0x0000000092b00000| Complete 
| 300|0x0000000092c00000, 0x0000000092c00000, 0x0000000092d00000|  0%| F|  |TAMS 0x0000000092c00000, 0x0000000092c00000| Untracked 
| 301|0x0000000092d00000, 0x0000000092e00000, 0x0000000092e00000|100%|HS|  |TAMS 0x0000000092e00000, 0x0000000092d00000| Complete 
| 302|0x0000000092e00000, 0x0000000092f00000, 0x0000000092f00000|100%|HS|  |TAMS 0x0000000092f00000, 0x0000000092e00000| Complete 
| 303|0x0000000092f00000, 0x0000000093000000, 0x0000000093000000|100%|HS|  |TAMS 0x0000000093000000, 0x0000000092f00000| Complete 
| 304|0x0000000093000000, 0x0000000093100000, 0x0000000093100000|100%|HC|  |TAMS 0x0000000093100000, 0x0000000093000000| Complete 
| 305|0x0000000093100000, 0x0000000093200000, 0x0000000093200000|100%| O|  |TAMS 0x0000000093200000, 0x0000000093100000| Complete 
| 306|0x0000000093200000, 0x0000000093300000, 0x0000000093300000|100%|HS|  |TAMS 0x0000000093300000, 0x0000000093200000| Complete 
| 307|0x0000000093300000, 0x0000000093400000, 0x0000000093400000|100%|HS|  |TAMS 0x0000000093400000, 0x0000000093300000| Complete 
| 308|0x0000000093400000, 0x0000000093500000, 0x0000000093500000|100%|HS|  |TAMS 0x0000000093500000, 0x0000000093400000| Complete 
| 309|0x0000000093500000, 0x0000000093600000, 0x0000000093600000|100%|HC|  |TAMS 0x0000000093600000, 0x0000000093500000| Complete 
| 310|0x0000000093600000, 0x0000000093600000, 0x0000000093700000|  0%| F|  |TAMS 0x0000000093600000, 0x0000000093600000| Untracked 
| 311|0x0000000093700000, 0x0000000093800000, 0x0000000093800000|100%| O|  |TAMS 0x0000000093800000, 0x0000000093700000| Complete 
| 312|0x0000000093800000, 0x0000000093900000, 0x0000000093900000|100%| O|  |TAMS 0x0000000093900000, 0x0000000093800000| Complete 
| 313|0x0000000093900000, 0x0000000093a00000, 0x0000000093a00000|100%| O|  |TAMS 0x0000000093a00000, 0x0000000093900000| Complete 
| 314|0x0000000093a00000, 0x0000000093b00000, 0x0000000093b00000|100%| O|  |TAMS 0x0000000093b00000, 0x0000000093a00000| Complete 
| 315|0x0000000093b00000, 0x0000000093c00000, 0x0000000093c00000|100%| O|  |TAMS 0x0000000093c00000, 0x0000000093b00000| Complete 
| 316|0x0000000093c00000, 0x0000000093c00000, 0x0000000093d00000|  0%| F|  |TAMS 0x0000000093c00000, 0x0000000093c00000| Untracked 
| 317|0x0000000093d00000, 0x0000000093e00000, 0x0000000093e00000|100%| O|  |TAMS 0x0000000093e00000, 0x0000000093d00000| Complete 
| 318|0x0000000093e00000, 0x0000000093f00000, 0x0000000093f00000|100%| O|  |TAMS 0x0000000093f00000, 0x0000000093e00000| Complete 
| 319|0x0000000093f00000, 0x0000000094000000, 0x0000000094000000|100%| O|  |TAMS 0x0000000094000000, 0x0000000093f00000| Complete 
| 320|0x0000000094000000, 0x0000000094100000, 0x0000000094100000|100%| O|  |TAMS 0x0000000094100000, 0x0000000094000000| Complete 
| 321|0x0000000094100000, 0x0000000094200000, 0x0000000094200000|100%| O|  |TAMS 0x0000000094200000, 0x0000000094100000| Complete 
| 322|0x0000000094200000, 0x0000000094200000, 0x0000000094300000|  0%| F|  |TAMS 0x0000000094200000, 0x0000000094200000| Untracked 
| 323|0x0000000094300000, 0x0000000094400000, 0x0000000094400000|100%| O|  |TAMS 0x0000000094400000, 0x0000000094300000| Complete 
| 324|0x0000000094400000, 0x0000000094500000, 0x0000000094500000|100%|HS|  |TAMS 0x0000000094500000, 0x0000000094400000| Complete 
| 325|0x0000000094500000, 0x0000000094600000, 0x0000000094600000|100%|HC|  |TAMS 0x0000000094600000, 0x0000000094500000| Complete 
| 326|0x0000000094600000, 0x0000000094700000, 0x0000000094700000|100%|HC|  |TAMS 0x0000000094700000, 0x0000000094600000| Complete 
| 327|0x0000000094700000, 0x0000000094800000, 0x0000000094800000|100%|HC|  |TAMS 0x0000000094800000, 0x0000000094700000| Complete 
| 328|0x0000000094800000, 0x0000000094900000, 0x0000000094900000|100%|HC|  |TAMS 0x0000000094900000, 0x0000000094800000| Complete 
| 329|0x0000000094900000, 0x0000000094a00000, 0x0000000094a00000|100%|HC|  |TAMS 0x0000000094a00000, 0x0000000094900000| Complete 
| 330|0x0000000094a00000, 0x0000000094b00000, 0x0000000094b00000|100%|HC|  |TAMS 0x0000000094b00000, 0x0000000094a00000| Complete 
| 331|0x0000000094b00000, 0x0000000094b00000, 0x0000000094c00000|  0%| F|  |TAMS 0x0000000094b00000, 0x0000000094b00000| Untracked 
| 332|0x0000000094c00000, 0x0000000094c00000, 0x0000000094d00000|  0%| F|  |TAMS 0x0000000094c00000, 0x0000000094c00000| Untracked 
| 333|0x0000000094d00000, 0x0000000094e00000, 0x0000000094e00000|100%|HS|  |TAMS 0x0000000094e00000, 0x0000000094d00000| Complete 
| 334|0x0000000094e00000, 0x0000000094f00000, 0x0000000094f00000|100%|HC|  |TAMS 0x0000000094f00000, 0x0000000094e00000| Complete 
| 335|0x0000000094f00000, 0x0000000095000000, 0x0000000095000000|100%|HC|  |TAMS 0x0000000095000000, 0x0000000094f00000| Complete 
| 336|0x0000000095000000, 0x0000000095100000, 0x0000000095100000|100%|HC|  |TAMS 0x0000000095100000, 0x0000000095000000| Complete 
| 337|0x0000000095100000, 0x0000000095200000, 0x0000000095200000|100%|HC|  |TAMS 0x0000000095200000, 0x0000000095100000| Complete 
| 338|0x0000000095200000, 0x0000000095300000, 0x0000000095300000|100%|HC|  |TAMS 0x0000000095300000, 0x0000000095200000| Complete 
| 339|0x0000000095300000, 0x0000000095400000, 0x0000000095400000|100%|HC|  |TAMS 0x0000000095400000, 0x0000000095300000| Complete 
| 340|0x0000000095400000, 0x0000000095500000, 0x0000000095500000|100%|HC|  |TAMS 0x0000000095500000, 0x0000000095400000| Complete 
| 341|0x0000000095500000, 0x0000000095600000, 0x0000000095600000|100%|HC|  |TAMS 0x0000000095600000, 0x0000000095500000| Complete 
| 342|0x0000000095600000, 0x0000000095700000, 0x0000000095700000|100%|HC|  |TAMS 0x0000000095700000, 0x0000000095600000| Complete 
| 343|0x0000000095700000, 0x0000000095800000, 0x0000000095800000|100%| O|  |TAMS 0x0000000095800000, 0x0000000095700000| Complete 
| 344|0x0000000095800000, 0x0000000095900000, 0x0000000095900000|100%| O|  |TAMS 0x0000000095900000, 0x0000000095800000| Complete 
| 345|0x0000000095900000, 0x0000000095a00000, 0x0000000095a00000|100%| O|  |TAMS 0x0000000095a00000, 0x0000000095900000| Untracked 
| 346|0x0000000095a00000, 0x0000000095b00000, 0x0000000095b00000|100%| O|  |TAMS 0x0000000095b00000, 0x0000000095a00000| Complete 
| 347|0x0000000095b00000, 0x0000000095c00000, 0x0000000095c00000|100%| O|  |TAMS 0x0000000095c00000, 0x0000000095b00000| Complete 
| 348|0x0000000095c00000, 0x0000000095d00000, 0x0000000095d00000|100%| O|  |TAMS 0x0000000095d00000, 0x0000000095c00000| Complete 
| 349|0x0000000095d00000, 0x0000000095e00000, 0x0000000095e00000|100%| O|  |TAMS 0x0000000095e00000, 0x0000000095d00000| Complete 
| 350|0x0000000095e00000, 0x0000000095f00000, 0x0000000095f00000|100%| O|  |TAMS 0x0000000095f00000, 0x0000000095e00000| Complete 
| 351|0x0000000095f00000, 0x0000000096000000, 0x0000000096000000|100%| O|  |TAMS 0x0000000096000000, 0x0000000095f00000| Complete 
| 352|0x0000000096000000, 0x0000000096100000, 0x0000000096100000|100%| O|  |TAMS 0x0000000096100000, 0x0000000096000000| Complete 
| 353|0x0000000096100000, 0x0000000096200000, 0x0000000096200000|100%| O|  |TAMS 0x0000000096200000, 0x0000000096100000| Complete 
| 354|0x0000000096200000, 0x0000000096300000, 0x0000000096300000|100%| O|  |TAMS 0x0000000096300000, 0x0000000096200000| Complete 
| 355|0x0000000096300000, 0x0000000096400000, 0x0000000096400000|100%| O|  |TAMS 0x0000000096400000, 0x0000000096300000| Complete 
| 356|0x0000000096400000, 0x0000000096500000, 0x0000000096500000|100%| O|  |TAMS 0x0000000096500000, 0x0000000096400000| Complete 
| 357|0x0000000096500000, 0x0000000096600000, 0x0000000096600000|100%| O|  |TAMS 0x0000000096600000, 0x0000000096500000| Complete 
| 358|0x0000000096600000, 0x0000000096700000, 0x0000000096700000|100%| O|  |TAMS 0x0000000096700000, 0x0000000096600000| Complete 
| 359|0x0000000096700000, 0x0000000096800000, 0x0000000096800000|100%| O|  |TAMS 0x0000000096800000, 0x0000000096700000| Complete 
| 360|0x0000000096800000, 0x0000000096900000, 0x0000000096900000|100%| O|  |TAMS 0x0000000096900000, 0x0000000096800000| Complete 
| 361|0x0000000096900000, 0x0000000096a00000, 0x0000000096a00000|100%| O|  |TAMS 0x0000000096a00000, 0x0000000096900000| Complete 
| 362|0x0000000096a00000, 0x0000000096b00000, 0x0000000096b00000|100%| O|  |TAMS 0x0000000096b00000, 0x0000000096a00000| Complete 
| 363|0x0000000096b00000, 0x0000000096c00000, 0x0000000096c00000|100%| O|  |TAMS 0x0000000096c00000, 0x0000000096b00000| Complete 
| 364|0x0000000096c00000, 0x0000000096d00000, 0x0000000096d00000|100%| O|  |TAMS 0x0000000096d00000, 0x0000000096c00000| Complete 
| 365|0x0000000096d00000, 0x0000000096e00000, 0x0000000096e00000|100%| O|  |TAMS 0x0000000096e00000, 0x0000000096d00000| Complete 
| 366|0x0000000096e00000, 0x0000000096f00000, 0x0000000096f00000|100%| O|  |TAMS 0x0000000096f00000, 0x0000000096e00000| Complete 
| 367|0x0000000096f00000, 0x0000000096f42c00, 0x0000000097000000| 26%| O|  |TAMS 0x0000000096f42c00, 0x0000000096f00000| Untracked 
| 368|0x0000000097000000, 0x0000000097100000, 0x0000000097100000|100%|HS|  |TAMS 0x0000000097000000, 0x0000000097000000| Complete 
| 369|0x0000000097100000, 0x0000000097200000, 0x0000000097200000|100%|HC|  |TAMS 0x0000000097100000, 0x0000000097100000| Complete 
| 370|0x0000000097200000, 0x0000000097300000, 0x0000000097300000|100%|HC|  |TAMS 0x0000000097200000, 0x0000000097200000| Complete 
| 371|0x0000000097300000, 0x0000000097400000, 0x0000000097400000|100%|HC|  |TAMS 0x0000000097300000, 0x0000000097300000| Complete 
| 372|0x0000000097400000, 0x0000000097500000, 0x0000000097500000|100%|HC|  |TAMS 0x0000000097400000, 0x0000000097400000| Complete 
| 373|0x0000000097500000, 0x0000000097600000, 0x0000000097600000|100%|HC|  |TAMS 0x0000000097500000, 0x0000000097500000| Complete 
| 374|0x0000000097600000, 0x0000000097700000, 0x0000000097700000|100%|HC|  |TAMS 0x0000000097600000, 0x0000000097600000| Complete 
| 375|0x0000000097700000, 0x0000000097800000, 0x0000000097800000|100%|HC|  |TAMS 0x0000000097700000, 0x0000000097700000| Complete 
| 376|0x0000000097800000, 0x0000000097900000, 0x0000000097900000|100%|HC|  |TAMS 0x0000000097800000, 0x0000000097800000| Complete 
| 377|0x0000000097900000, 0x0000000097a00000, 0x0000000097a00000|100%|HC|  |TAMS 0x0000000097900000, 0x0000000097900000| Complete 
| 378|0x0000000097a00000, 0x0000000097b00000, 0x0000000097b00000|100%|HC|  |TAMS 0x0000000097a00000, 0x0000000097a00000| Complete 
| 379|0x0000000097b00000, 0x0000000097c00000, 0x0000000097c00000|100%|HC|  |TAMS 0x0000000097b00000, 0x0000000097b00000| Complete 
| 380|0x0000000097c00000, 0x0000000097d00000, 0x0000000097d00000|100%|HC|  |TAMS 0x0000000097c00000, 0x0000000097c00000| Complete 
| 381|0x0000000097d00000, 0x0000000097e00000, 0x0000000097e00000|100%|HC|  |TAMS 0x0000000097d00000, 0x0000000097d00000| Complete 
| 382|0x0000000097e00000, 0x0000000097e00000, 0x0000000097f00000|  0%| F|  |TAMS 0x0000000097e00000, 0x0000000097e00000| Untracked 
| 383|0x0000000097f00000, 0x0000000097f00000, 0x0000000098000000|  0%| F|  |TAMS 0x0000000097f00000, 0x0000000097f00000| Untracked 
| 384|0x0000000098000000, 0x0000000098000000, 0x0000000098100000|  0%| F|  |TAMS 0x0000000098000000, 0x0000000098000000| Untracked 
| 385|0x0000000098100000, 0x0000000098100000, 0x0000000098200000|  0%| F|  |TAMS 0x0000000098100000, 0x0000000098100000| Untracked 
| 386|0x0000000098200000, 0x0000000098200000, 0x0000000098300000|  0%| F|  |TAMS 0x0000000098200000, 0x0000000098200000| Untracked 
| 387|0x0000000098300000, 0x0000000098300000, 0x0000000098400000|  0%| F|  |TAMS 0x0000000098300000, 0x0000000098300000| Untracked 
| 388|0x0000000098400000, 0x0000000098400000, 0x0000000098500000|  0%| F|  |TAMS 0x0000000098400000, 0x0000000098400000| Untracked 
| 389|0x0000000098500000, 0x0000000098500000, 0x0000000098600000|  0%| F|  |TAMS 0x0000000098500000, 0x0000000098500000| Untracked 
| 390|0x0000000098600000, 0x0000000098600000, 0x0000000098700000|  0%| F|  |TAMS 0x0000000098600000, 0x0000000098600000| Untracked 
| 391|0x0000000098700000, 0x0000000098700000, 0x0000000098800000|  0%| F|  |TAMS 0x0000000098700000, 0x0000000098700000| Untracked 
| 392|0x0000000098800000, 0x0000000098800000, 0x0000000098900000|  0%| F|  |TAMS 0x0000000098800000, 0x0000000098800000| Untracked 
| 393|0x0000000098900000, 0x0000000098900000, 0x0000000098a00000|  0%| F|  |TAMS 0x0000000098900000, 0x0000000098900000| Untracked 
| 394|0x0000000098a00000, 0x0000000098a00000, 0x0000000098b00000|  0%| F|  |TAMS 0x0000000098a00000, 0x0000000098a00000| Untracked 
| 395|0x0000000098b00000, 0x0000000098b00000, 0x0000000098c00000|  0%| F|  |TAMS 0x0000000098b00000, 0x0000000098b00000| Untracked 
| 396|0x0000000098c00000, 0x0000000098c00000, 0x0000000098d00000|  0%| F|  |TAMS 0x0000000098c00000, 0x0000000098c00000| Untracked 
| 397|0x0000000098d00000, 0x0000000098d00000, 0x0000000098e00000|  0%| F|  |TAMS 0x0000000098d00000, 0x0000000098d00000| Untracked 
| 398|0x0000000098e00000, 0x0000000098e00000, 0x0000000098f00000|  0%| F|  |TAMS 0x0000000098e00000, 0x0000000098e00000| Untracked 
| 399|0x0000000098f00000, 0x0000000098f00000, 0x0000000099000000|  0%| F|  |TAMS 0x0000000098f00000, 0x0000000098f00000| Untracked 
| 400|0x0000000099000000, 0x0000000099000000, 0x0000000099100000|  0%| F|  |TAMS 0x0000000099000000, 0x0000000099000000| Untracked 
| 401|0x0000000099100000, 0x0000000099100000, 0x0000000099200000|  0%| F|  |TAMS 0x0000000099100000, 0x0000000099100000| Untracked 
| 402|0x0000000099200000, 0x0000000099200000, 0x0000000099300000|  0%| F|  |TAMS 0x0000000099200000, 0x0000000099200000| Untracked 
| 403|0x0000000099300000, 0x0000000099300000, 0x0000000099400000|  0%| F|  |TAMS 0x0000000099300000, 0x0000000099300000| Untracked 
| 404|0x0000000099400000, 0x0000000099400000, 0x0000000099500000|  0%| F|  |TAMS 0x0000000099400000, 0x0000000099400000| Untracked 
| 405|0x0000000099500000, 0x0000000099500000, 0x0000000099600000|  0%| F|  |TAMS 0x0000000099500000, 0x0000000099500000| Untracked 
| 406|0x0000000099600000, 0x0000000099600000, 0x0000000099700000|  0%| F|  |TAMS 0x0000000099600000, 0x0000000099600000| Untracked 
| 407|0x0000000099700000, 0x0000000099700000, 0x0000000099800000|  0%| F|  |TAMS 0x0000000099700000, 0x0000000099700000| Untracked 
| 408|0x0000000099800000, 0x0000000099800000, 0x0000000099900000|  0%| F|  |TAMS 0x0000000099800000, 0x0000000099800000| Untracked 
| 409|0x0000000099900000, 0x0000000099900000, 0x0000000099a00000|  0%| F|  |TAMS 0x0000000099900000, 0x0000000099900000| Untracked 
| 410|0x0000000099a00000, 0x0000000099a00000, 0x0000000099b00000|  0%| F|  |TAMS 0x0000000099a00000, 0x0000000099a00000| Untracked 
| 411|0x0000000099b00000, 0x0000000099b00000, 0x0000000099c00000|  0%| F|  |TAMS 0x0000000099b00000, 0x0000000099b00000| Untracked 
| 412|0x0000000099c00000, 0x0000000099c00000, 0x0000000099d00000|  0%| F|  |TAMS 0x0000000099c00000, 0x0000000099c00000| Untracked 
| 413|0x0000000099d00000, 0x0000000099d00000, 0x0000000099e00000|  0%| F|  |TAMS 0x0000000099d00000, 0x0000000099d00000| Untracked 
| 414|0x0000000099e00000, 0x0000000099e00000, 0x0000000099f00000|  0%| F|  |TAMS 0x0000000099e00000, 0x0000000099e00000| Untracked 
| 415|0x0000000099f00000, 0x0000000099f00000, 0x000000009a000000|  0%| F|  |TAMS 0x0000000099f00000, 0x0000000099f00000| Untracked 
| 416|0x000000009a000000, 0x000000009a000000, 0x000000009a100000|  0%| F|  |TAMS 0x000000009a000000, 0x000000009a000000| Untracked 
| 417|0x000000009a100000, 0x000000009a100000, 0x000000009a200000|  0%| F|  |TAMS 0x000000009a100000, 0x000000009a100000| Untracked 
| 418|0x000000009a200000, 0x000000009a200000, 0x000000009a300000|  0%| F|  |TAMS 0x000000009a200000, 0x000000009a200000| Untracked 
| 419|0x000000009a300000, 0x000000009a300000, 0x000000009a400000|  0%| F|  |TAMS 0x000000009a300000, 0x000000009a300000| Untracked 
| 420|0x000000009a400000, 0x000000009a400000, 0x000000009a500000|  0%| F|  |TAMS 0x000000009a400000, 0x000000009a400000| Untracked 
| 421|0x000000009a500000, 0x000000009a500000, 0x000000009a600000|  0%| F|  |TAMS 0x000000009a500000, 0x000000009a500000| Untracked 
| 422|0x000000009a600000, 0x000000009a600000, 0x000000009a700000|  0%| F|  |TAMS 0x000000009a600000, 0x000000009a600000| Untracked 
| 423|0x000000009a700000, 0x000000009a700000, 0x000000009a800000|  0%| F|  |TAMS 0x000000009a700000, 0x000000009a700000| Untracked 
| 424|0x000000009a800000, 0x000000009a800000, 0x000000009a900000|  0%| F|  |TAMS 0x000000009a800000, 0x000000009a800000| Untracked 
| 425|0x000000009a900000, 0x000000009a900000, 0x000000009aa00000|  0%| F|  |TAMS 0x000000009a900000, 0x000000009a900000| Untracked 
| 426|0x000000009aa00000, 0x000000009aa00000, 0x000000009ab00000|  0%| F|  |TAMS 0x000000009aa00000, 0x000000009aa00000| Untracked 
| 427|0x000000009ab00000, 0x000000009ab00000, 0x000000009ac00000|  0%| F|  |TAMS 0x000000009ab00000, 0x000000009ab00000| Untracked 
| 428|0x000000009ac00000, 0x000000009ac00000, 0x000000009ad00000|  0%| F|  |TAMS 0x000000009ac00000, 0x000000009ac00000| Untracked 
| 429|0x000000009ad00000, 0x000000009ad00000, 0x000000009ae00000|  0%| F|  |TAMS 0x000000009ad00000, 0x000000009ad00000| Untracked 
| 430|0x000000009ae00000, 0x000000009ae00000, 0x000000009af00000|  0%| F|  |TAMS 0x000000009ae00000, 0x000000009ae00000| Untracked 
| 431|0x000000009af00000, 0x000000009af00000, 0x000000009b000000|  0%| F|  |TAMS 0x000000009af00000, 0x000000009af00000| Untracked 
| 432|0x000000009b000000, 0x000000009b000000, 0x000000009b100000|  0%| F|  |TAMS 0x000000009b000000, 0x000000009b000000| Untracked 
| 433|0x000000009b100000, 0x000000009b100000, 0x000000009b200000|  0%| F|  |TAMS 0x000000009b100000, 0x000000009b100000| Untracked 
| 434|0x000000009b200000, 0x000000009b200000, 0x000000009b300000|  0%| F|  |TAMS 0x000000009b200000, 0x000000009b200000| Untracked 
| 435|0x000000009b300000, 0x000000009b300000, 0x000000009b400000|  0%| F|  |TAMS 0x000000009b300000, 0x000000009b300000| Untracked 
| 436|0x000000009b400000, 0x000000009b400000, 0x000000009b500000|  0%| F|  |TAMS 0x000000009b400000, 0x000000009b400000| Untracked 
| 437|0x000000009b500000, 0x000000009b500000, 0x000000009b600000|  0%| F|  |TAMS 0x000000009b500000, 0x000000009b500000| Untracked 
| 438|0x000000009b600000, 0x000000009b600000, 0x000000009b700000|  0%| F|  |TAMS 0x000000009b600000, 0x000000009b600000| Untracked 
| 439|0x000000009b700000, 0x000000009b700000, 0x000000009b800000|  0%| F|  |TAMS 0x000000009b700000, 0x000000009b700000| Untracked 
| 440|0x000000009b800000, 0x000000009b800000, 0x000000009b900000|  0%| F|  |TAMS 0x000000009b800000, 0x000000009b800000| Untracked 
| 441|0x000000009b900000, 0x000000009b900000, 0x000000009ba00000|  0%| F|  |TAMS 0x000000009b900000, 0x000000009b900000| Untracked 
| 442|0x000000009ba00000, 0x000000009ba00000, 0x000000009bb00000|  0%| F|  |TAMS 0x000000009ba00000, 0x000000009ba00000| Untracked 
| 443|0x000000009bb00000, 0x000000009bb00000, 0x000000009bc00000|  0%| F|  |TAMS 0x000000009bb00000, 0x000000009bb00000| Untracked 
| 444|0x000000009bc00000, 0x000000009bc00000, 0x000000009bd00000|  0%| F|  |TAMS 0x000000009bc00000, 0x000000009bc00000| Untracked 
| 445|0x000000009bd00000, 0x000000009bd00000, 0x000000009be00000|  0%| F|  |TAMS 0x000000009bd00000, 0x000000009bd00000| Untracked 
| 446|0x000000009be00000, 0x000000009be00000, 0x000000009bf00000|  0%| F|  |TAMS 0x000000009be00000, 0x000000009be00000| Untracked 
| 447|0x000000009bf00000, 0x000000009bf00000, 0x000000009c000000|  0%| F|  |TAMS 0x000000009bf00000, 0x000000009bf00000| Untracked 
| 448|0x000000009c000000, 0x000000009c000000, 0x000000009c100000|  0%| F|  |TAMS 0x000000009c000000, 0x000000009c000000| Untracked 
| 449|0x000000009c100000, 0x000000009c100000, 0x000000009c200000|  0%| F|  |TAMS 0x000000009c100000, 0x000000009c100000| Untracked 
| 450|0x000000009c200000, 0x000000009c200000, 0x000000009c300000|  0%| F|  |TAMS 0x000000009c200000, 0x000000009c200000| Untracked 
| 451|0x000000009c300000, 0x000000009c300000, 0x000000009c400000|  0%| F|  |TAMS 0x000000009c300000, 0x000000009c300000| Untracked 
| 452|0x000000009c400000, 0x000000009c400000, 0x000000009c500000|  0%| F|  |TAMS 0x000000009c400000, 0x000000009c400000| Untracked 
| 453|0x000000009c500000, 0x000000009c500000, 0x000000009c600000|  0%| F|  |TAMS 0x000000009c500000, 0x000000009c500000| Untracked 
| 454|0x000000009c600000, 0x000000009c600000, 0x000000009c700000|  0%| F|  |TAMS 0x000000009c600000, 0x000000009c600000| Untracked 
| 455|0x000000009c700000, 0x000000009c700000, 0x000000009c800000|  0%| F|  |TAMS 0x000000009c700000, 0x000000009c700000| Untracked 
| 456|0x000000009c800000, 0x000000009c800000, 0x000000009c900000|  0%| F|  |TAMS 0x000000009c800000, 0x000000009c800000| Untracked 
| 457|0x000000009c900000, 0x000000009c900000, 0x000000009ca00000|  0%| F|  |TAMS 0x000000009c900000, 0x000000009c900000| Untracked 
| 458|0x000000009ca00000, 0x000000009ca00000, 0x000000009cb00000|  0%| F|  |TAMS 0x000000009ca00000, 0x000000009ca00000| Untracked 
| 459|0x000000009cb00000, 0x000000009cb00000, 0x000000009cc00000|  0%| F|  |TAMS 0x000000009cb00000, 0x000000009cb00000| Untracked 
| 460|0x000000009cc00000, 0x000000009cc00000, 0x000000009cd00000|  0%| F|  |TAMS 0x000000009cc00000, 0x000000009cc00000| Untracked 
| 461|0x000000009cd00000, 0x000000009cd00000, 0x000000009ce00000|  0%| F|  |TAMS 0x000000009cd00000, 0x000000009cd00000| Untracked 
| 462|0x000000009ce00000, 0x000000009ce00000, 0x000000009cf00000|  0%| F|  |TAMS 0x000000009ce00000, 0x000000009ce00000| Untracked 
| 463|0x000000009cf00000, 0x000000009cf00000, 0x000000009d000000|  0%| F|  |TAMS 0x000000009cf00000, 0x000000009cf00000| Untracked 
| 464|0x000000009d000000, 0x000000009d000000, 0x000000009d100000|  0%| F|  |TAMS 0x000000009d000000, 0x000000009d000000| Untracked 
| 465|0x000000009d100000, 0x000000009d100000, 0x000000009d200000|  0%| F|  |TAMS 0x000000009d100000, 0x000000009d100000| Untracked 
| 466|0x000000009d200000, 0x000000009d200000, 0x000000009d300000|  0%| F|  |TAMS 0x000000009d200000, 0x000000009d200000| Untracked 
| 467|0x000000009d300000, 0x000000009d300000, 0x000000009d400000|  0%| F|  |TAMS 0x000000009d300000, 0x000000009d300000| Untracked 
| 468|0x000000009d400000, 0x000000009d400000, 0x000000009d500000|  0%| F|  |TAMS 0x000000009d400000, 0x000000009d400000| Untracked 
| 469|0x000000009d500000, 0x000000009d500000, 0x000000009d600000|  0%| F|  |TAMS 0x000000009d500000, 0x000000009d500000| Untracked 
| 470|0x000000009d600000, 0x000000009d600000, 0x000000009d700000|  0%| F|  |TAMS 0x000000009d600000, 0x000000009d600000| Untracked 
| 471|0x000000009d700000, 0x000000009d700000, 0x000000009d800000|  0%| F|  |TAMS 0x000000009d700000, 0x000000009d700000| Untracked 
| 472|0x000000009d800000, 0x000000009d800000, 0x000000009d900000|  0%| F|  |TAMS 0x000000009d800000, 0x000000009d800000| Untracked 
| 473|0x000000009d900000, 0x000000009d900000, 0x000000009da00000|  0%| F|  |TAMS 0x000000009d900000, 0x000000009d900000| Untracked 
| 474|0x000000009da00000, 0x000000009da00000, 0x000000009db00000|  0%| F|  |TAMS 0x000000009da00000, 0x000000009da00000| Untracked 
| 475|0x000000009db00000, 0x000000009db00000, 0x000000009dc00000|  0%| F|  |TAMS 0x000000009db00000, 0x000000009db00000| Untracked 
| 476|0x000000009dc00000, 0x000000009dc00000, 0x000000009dd00000|  0%| F|  |TAMS 0x000000009dc00000, 0x000000009dc00000| Untracked 
| 477|0x000000009dd00000, 0x000000009dd00000, 0x000000009de00000|  0%| F|  |TAMS 0x000000009dd00000, 0x000000009dd00000| Untracked 
| 478|0x000000009de00000, 0x000000009de00000, 0x000000009df00000|  0%| F|  |TAMS 0x000000009de00000, 0x000000009de00000| Untracked 
| 479|0x000000009df00000, 0x000000009df00000, 0x000000009e000000|  0%| F|  |TAMS 0x000000009df00000, 0x000000009df00000| Untracked 
| 480|0x000000009e000000, 0x000000009e000000, 0x000000009e100000|  0%| F|  |TAMS 0x000000009e000000, 0x000000009e000000| Untracked 
| 481|0x000000009e100000, 0x000000009e100000, 0x000000009e200000|  0%| F|  |TAMS 0x000000009e100000, 0x000000009e100000| Untracked 
| 482|0x000000009e200000, 0x000000009e200000, 0x000000009e300000|  0%| F|  |TAMS 0x000000009e200000, 0x000000009e200000| Untracked 
| 483|0x000000009e300000, 0x000000009e300000, 0x000000009e400000|  0%| F|  |TAMS 0x000000009e300000, 0x000000009e300000| Untracked 
| 484|0x000000009e400000, 0x000000009e400000, 0x000000009e500000|  0%| F|  |TAMS 0x000000009e400000, 0x000000009e400000| Untracked 
| 485|0x000000009e500000, 0x000000009e500000, 0x000000009e600000|  0%| F|  |TAMS 0x000000009e500000, 0x000000009e500000| Untracked 
| 486|0x000000009e600000, 0x000000009e600000, 0x000000009e700000|  0%| F|  |TAMS 0x000000009e600000, 0x000000009e600000| Untracked 
| 487|0x000000009e700000, 0x000000009e700000, 0x000000009e800000|  0%| F|  |TAMS 0x000000009e700000, 0x000000009e700000| Untracked 
| 488|0x000000009e800000, 0x000000009e800000, 0x000000009e900000|  0%| F|  |TAMS 0x000000009e800000, 0x000000009e800000| Untracked 
| 489|0x000000009e900000, 0x000000009e900000, 0x000000009ea00000|  0%| F|  |TAMS 0x000000009e900000, 0x000000009e900000| Untracked 
| 490|0x000000009ea00000, 0x000000009ea00000, 0x000000009eb00000|  0%| F|  |TAMS 0x000000009ea00000, 0x000000009ea00000| Untracked 
| 491|0x000000009eb00000, 0x000000009eb00000, 0x000000009ec00000|  0%| F|  |TAMS 0x000000009eb00000, 0x000000009eb00000| Untracked 
| 492|0x000000009ec00000, 0x000000009ec00000, 0x000000009ed00000|  0%| F|  |TAMS 0x000000009ec00000, 0x000000009ec00000| Untracked 
| 493|0x000000009ed00000, 0x000000009ed00000, 0x000000009ee00000|  0%| F|  |TAMS 0x000000009ed00000, 0x000000009ed00000| Untracked 
| 494|0x000000009ee00000, 0x000000009ee00000, 0x000000009ef00000|  0%| F|  |TAMS 0x000000009ee00000, 0x000000009ee00000| Untracked 
| 495|0x000000009ef00000, 0x000000009ef00000, 0x000000009f000000|  0%| F|  |TAMS 0x000000009ef00000, 0x000000009ef00000| Untracked 
| 496|0x000000009f000000, 0x000000009f000000, 0x000000009f100000|  0%| F|  |TAMS 0x000000009f000000, 0x000000009f000000| Untracked 
| 497|0x000000009f100000, 0x000000009f100000, 0x000000009f200000|  0%| F|  |TAMS 0x000000009f100000, 0x000000009f100000| Untracked 
| 498|0x000000009f200000, 0x000000009f200000, 0x000000009f300000|  0%| F|  |TAMS 0x000000009f200000, 0x000000009f200000| Untracked 
| 499|0x000000009f300000, 0x000000009f300000, 0x000000009f400000|  0%| F|  |TAMS 0x000000009f300000, 0x000000009f300000| Untracked 
| 500|0x000000009f400000, 0x000000009f400000, 0x000000009f500000|  0%| F|  |TAMS 0x000000009f400000, 0x000000009f400000| Untracked 
| 501|0x000000009f500000, 0x000000009f500000, 0x000000009f600000|  0%| F|  |TAMS 0x000000009f500000, 0x000000009f500000| Untracked 
| 502|0x000000009f600000, 0x000000009f600000, 0x000000009f700000|  0%| F|  |TAMS 0x000000009f600000, 0x000000009f600000| Untracked 
| 503|0x000000009f700000, 0x000000009f700000, 0x000000009f800000|  0%| F|  |TAMS 0x000000009f700000, 0x000000009f700000| Untracked 
| 504|0x000000009f800000, 0x000000009f800000, 0x000000009f900000|  0%| F|  |TAMS 0x000000009f800000, 0x000000009f800000| Untracked 
| 505|0x000000009f900000, 0x000000009f900000, 0x000000009fa00000|  0%| F|  |TAMS 0x000000009f900000, 0x000000009f900000| Untracked 
| 506|0x000000009fa00000, 0x000000009fa00000, 0x000000009fb00000|  0%| F|  |TAMS 0x000000009fa00000, 0x000000009fa00000| Untracked 
| 507|0x000000009fb00000, 0x000000009fb00000, 0x000000009fc00000|  0%| F|  |TAMS 0x000000009fb00000, 0x000000009fb00000| Untracked 
| 508|0x000000009fc00000, 0x000000009fc00000, 0x000000009fd00000|  0%| F|  |TAMS 0x000000009fc00000, 0x000000009fc00000| Untracked 
| 509|0x000000009fd00000, 0x000000009fd00000, 0x000000009fe00000|  0%| F|  |TAMS 0x000000009fd00000, 0x000000009fd00000| Untracked 
| 510|0x000000009fe00000, 0x000000009fe00000, 0x000000009ff00000|  0%| F|  |TAMS 0x000000009fe00000, 0x000000009fe00000| Untracked 
| 511|0x000000009ff00000, 0x000000009ff00000, 0x00000000a0000000|  0%| F|  |TAMS 0x000000009ff00000, 0x000000009ff00000| Untracked 
| 512|0x00000000a0000000, 0x00000000a0000000, 0x00000000a0100000|  0%| F|  |TAMS 0x00000000a0000000, 0x00000000a0000000| Untracked 
| 513|0x00000000a0100000, 0x00000000a0100000, 0x00000000a0200000|  0%| F|  |TAMS 0x00000000a0100000, 0x00000000a0100000| Untracked 
| 514|0x00000000a0200000, 0x00000000a0200000, 0x00000000a0300000|  0%| F|  |TAMS 0x00000000a0200000, 0x00000000a0200000| Untracked 
| 515|0x00000000a0300000, 0x00000000a0300000, 0x00000000a0400000|  0%| F|  |TAMS 0x00000000a0300000, 0x00000000a0300000| Untracked 
| 516|0x00000000a0400000, 0x00000000a0400000, 0x00000000a0500000|  0%| F|  |TAMS 0x00000000a0400000, 0x00000000a0400000| Untracked 
| 517|0x00000000a0500000, 0x00000000a0500000, 0x00000000a0600000|  0%| F|  |TAMS 0x00000000a0500000, 0x00000000a0500000| Untracked 
| 518|0x00000000a0600000, 0x00000000a0600000, 0x00000000a0700000|  0%| F|  |TAMS 0x00000000a0600000, 0x00000000a0600000| Untracked 
| 519|0x00000000a0700000, 0x00000000a0700000, 0x00000000a0800000|  0%| F|  |TAMS 0x00000000a0700000, 0x00000000a0700000| Untracked 
| 520|0x00000000a0800000, 0x00000000a0800000, 0x00000000a0900000|  0%| F|  |TAMS 0x00000000a0800000, 0x00000000a0800000| Untracked 
| 521|0x00000000a0900000, 0x00000000a0900000, 0x00000000a0a00000|  0%| F|  |TAMS 0x00000000a0900000, 0x00000000a0900000| Untracked 
| 522|0x00000000a0a00000, 0x00000000a0a00000, 0x00000000a0b00000|  0%| F|  |TAMS 0x00000000a0a00000, 0x00000000a0a00000| Untracked 
| 523|0x00000000a0b00000, 0x00000000a0b00000, 0x00000000a0c00000|  0%| F|  |TAMS 0x00000000a0b00000, 0x00000000a0b00000| Untracked 
| 524|0x00000000a0c00000, 0x00000000a0c00000, 0x00000000a0d00000|  0%| F|  |TAMS 0x00000000a0c00000, 0x00000000a0c00000| Untracked 
| 525|0x00000000a0d00000, 0x00000000a0d00000, 0x00000000a0e00000|  0%| F|  |TAMS 0x00000000a0d00000, 0x00000000a0d00000| Untracked 
| 526|0x00000000a0e00000, 0x00000000a0e00000, 0x00000000a0f00000|  0%| F|  |TAMS 0x00000000a0e00000, 0x00000000a0e00000| Untracked 
| 527|0x00000000a0f00000, 0x00000000a0f00000, 0x00000000a1000000|  0%| F|  |TAMS 0x00000000a0f00000, 0x00000000a0f00000| Untracked 
| 528|0x00000000a1000000, 0x00000000a1000000, 0x00000000a1100000|  0%| F|  |TAMS 0x00000000a1000000, 0x00000000a1000000| Untracked 
| 529|0x00000000a1100000, 0x00000000a1100000, 0x00000000a1200000|  0%| F|  |TAMS 0x00000000a1100000, 0x00000000a1100000| Untracked 
| 530|0x00000000a1200000, 0x00000000a1200000, 0x00000000a1300000|  0%| F|  |TAMS 0x00000000a1200000, 0x00000000a1200000| Untracked 
| 531|0x00000000a1300000, 0x00000000a1300000, 0x00000000a1400000|  0%| F|  |TAMS 0x00000000a1300000, 0x00000000a1300000| Untracked 
| 532|0x00000000a1400000, 0x00000000a1400000, 0x00000000a1500000|  0%| F|  |TAMS 0x00000000a1400000, 0x00000000a1400000| Untracked 
| 533|0x00000000a1500000, 0x00000000a1500000, 0x00000000a1600000|  0%| F|  |TAMS 0x00000000a1500000, 0x00000000a1500000| Untracked 
| 534|0x00000000a1600000, 0x00000000a1600000, 0x00000000a1700000|  0%| F|  |TAMS 0x00000000a1600000, 0x00000000a1600000| Untracked 
| 535|0x00000000a1700000, 0x00000000a1700000, 0x00000000a1800000|  0%| F|  |TAMS 0x00000000a1700000, 0x00000000a1700000| Untracked 
| 536|0x00000000a1800000, 0x00000000a1800000, 0x00000000a1900000|  0%| F|  |TAMS 0x00000000a1800000, 0x00000000a1800000| Untracked 
| 537|0x00000000a1900000, 0x00000000a1900000, 0x00000000a1a00000|  0%| F|  |TAMS 0x00000000a1900000, 0x00000000a1900000| Untracked 
| 538|0x00000000a1a00000, 0x00000000a1a00000, 0x00000000a1b00000|  0%| F|  |TAMS 0x00000000a1a00000, 0x00000000a1a00000| Untracked 
| 539|0x00000000a1b00000, 0x00000000a1b00000, 0x00000000a1c00000|  0%| F|  |TAMS 0x00000000a1b00000, 0x00000000a1b00000| Untracked 
| 540|0x00000000a1c00000, 0x00000000a1c00000, 0x00000000a1d00000|  0%| F|  |TAMS 0x00000000a1c00000, 0x00000000a1c00000| Untracked 
| 541|0x00000000a1d00000, 0x00000000a1d00000, 0x00000000a1e00000|  0%| F|  |TAMS 0x00000000a1d00000, 0x00000000a1d00000| Untracked 
| 542|0x00000000a1e00000, 0x00000000a1e00000, 0x00000000a1f00000|  0%| F|  |TAMS 0x00000000a1e00000, 0x00000000a1e00000| Untracked 
| 543|0x00000000a1f00000, 0x00000000a1f00000, 0x00000000a2000000|  0%| F|  |TAMS 0x00000000a1f00000, 0x00000000a1f00000| Untracked 
| 544|0x00000000a2000000, 0x00000000a2000000, 0x00000000a2100000|  0%| F|  |TAMS 0x00000000a2000000, 0x00000000a2000000| Untracked 
| 545|0x00000000a2100000, 0x00000000a2100000, 0x00000000a2200000|  0%| F|  |TAMS 0x00000000a2100000, 0x00000000a2100000| Untracked 
| 546|0x00000000a2200000, 0x00000000a2203368, 0x00000000a2300000|  1%| E|  |TAMS 0x00000000a2200000, 0x00000000a2200000| Complete 
| 547|0x00000000a2300000, 0x00000000a2400000, 0x00000000a2400000|100%| S|CS|TAMS 0x00000000a2300000, 0x00000000a2300000| Complete 
| 548|0x00000000a2400000, 0x00000000a2500000, 0x00000000a2500000|100%| E|CS|TAMS 0x00000000a2400000, 0x00000000a2400000| Complete 
| 549|0x00000000a2500000, 0x00000000a2600000, 0x00000000a2600000|100%| E|CS|TAMS 0x00000000a2500000, 0x00000000a2500000| Complete 
| 550|0x00000000a2600000, 0x00000000a2700000, 0x00000000a2700000|100%| E|CS|TAMS 0x00000000a2600000, 0x00000000a2600000| Complete 
| 551|0x00000000a2700000, 0x00000000a2800000, 0x00000000a2800000|100%| E|CS|TAMS 0x00000000a2700000, 0x00000000a2700000| Complete 
| 552|0x00000000a2800000, 0x00000000a2900000, 0x00000000a2900000|100%| E|CS|TAMS 0x00000000a2800000, 0x00000000a2800000| Complete 
| 553|0x00000000a2900000, 0x00000000a2a00000, 0x00000000a2a00000|100%| E|CS|TAMS 0x00000000a2900000, 0x00000000a2900000| Complete 
| 554|0x00000000a2a00000, 0x00000000a2b00000, 0x00000000a2b00000|100%| E|CS|TAMS 0x00000000a2a00000, 0x00000000a2a00000| Complete 
| 555|0x00000000a2b00000, 0x00000000a2c00000, 0x00000000a2c00000|100%| E|CS|TAMS 0x00000000a2b00000, 0x00000000a2b00000| Complete 
| 556|0x00000000a2c00000, 0x00000000a2d00000, 0x00000000a2d00000|100%| E|CS|TAMS 0x00000000a2c00000, 0x00000000a2c00000| Complete 
| 557|0x00000000a2d00000, 0x00000000a2e00000, 0x00000000a2e00000|100%| E|CS|TAMS 0x00000000a2d00000, 0x00000000a2d00000| Complete 
| 558|0x00000000a2e00000, 0x00000000a2f00000, 0x00000000a2f00000|100%| E|CS|TAMS 0x00000000a2e00000, 0x00000000a2e00000| Complete 
| 559|0x00000000a2f00000, 0x00000000a3000000, 0x00000000a3000000|100%| E|CS|TAMS 0x00000000a2f00000, 0x00000000a2f00000| Complete 
| 560|0x00000000a3000000, 0x00000000a3100000, 0x00000000a3100000|100%| E|CS|TAMS 0x00000000a3000000, 0x00000000a3000000| Complete 
| 561|0x00000000a3100000, 0x00000000a3200000, 0x00000000a3200000|100%| E|CS|TAMS 0x00000000a3100000, 0x00000000a3100000| Complete 
| 562|0x00000000a3200000, 0x00000000a3300000, 0x00000000a3300000|100%| E|CS|TAMS 0x00000000a3200000, 0x00000000a3200000| Complete 
| 563|0x00000000a3300000, 0x00000000a3400000, 0x00000000a3400000|100%| E|CS|TAMS 0x00000000a3300000, 0x00000000a3300000| Complete 
| 564|0x00000000a3400000, 0x00000000a3500000, 0x00000000a3500000|100%| E|CS|TAMS 0x00000000a3400000, 0x00000000a3400000| Complete 
| 565|0x00000000a3500000, 0x00000000a3600000, 0x00000000a3600000|100%| E|CS|TAMS 0x00000000a3500000, 0x00000000a3500000| Complete 
| 566|0x00000000a3600000, 0x00000000a3700000, 0x00000000a3700000|100%| E|CS|TAMS 0x00000000a3600000, 0x00000000a3600000| Complete 
| 567|0x00000000a3700000, 0x00000000a3800000, 0x00000000a3800000|100%| E|CS|TAMS 0x00000000a3700000, 0x00000000a3700000| Complete 
| 568|0x00000000a3800000, 0x00000000a3900000, 0x00000000a3900000|100%| E|CS|TAMS 0x00000000a3800000, 0x00000000a3800000| Complete 
| 569|0x00000000a3900000, 0x00000000a3a00000, 0x00000000a3a00000|100%| E|CS|TAMS 0x00000000a3900000, 0x00000000a3900000| Complete 
| 570|0x00000000a3a00000, 0x00000000a3b00000, 0x00000000a3b00000|100%| E|CS|TAMS 0x00000000a3a00000, 0x00000000a3a00000| Complete 
| 571|0x00000000a3b00000, 0x00000000a3c00000, 0x00000000a3c00000|100%| E|CS|TAMS 0x00000000a3b00000, 0x00000000a3b00000| Complete 
| 572|0x00000000a3c00000, 0x00000000a3d00000, 0x00000000a3d00000|100%| E|CS|TAMS 0x00000000a3c00000, 0x00000000a3c00000| Complete 
| 573|0x00000000a3d00000, 0x00000000a3e00000, 0x00000000a3e00000|100%| E|CS|TAMS 0x00000000a3d00000, 0x00000000a3d00000| Complete 
| 574|0x00000000a3e00000, 0x00000000a3f00000, 0x00000000a3f00000|100%| E|CS|TAMS 0x00000000a3e00000, 0x00000000a3e00000| Complete 
| 575|0x00000000a3f00000, 0x00000000a4000000, 0x00000000a4000000|100%| E|CS|TAMS 0x00000000a3f00000, 0x00000000a3f00000| Complete 
| 576|0x00000000a4000000, 0x00000000a4100000, 0x00000000a4100000|100%| E|CS|TAMS 0x00000000a4000000, 0x00000000a4000000| Complete 
| 577|0x00000000a4100000, 0x00000000a4200000, 0x00000000a4200000|100%| E|CS|TAMS 0x00000000a4100000, 0x00000000a4100000| Complete 
| 578|0x00000000a4200000, 0x00000000a4300000, 0x00000000a4300000|100%| E|CS|TAMS 0x00000000a4200000, 0x00000000a4200000| Complete 
| 579|0x00000000a4300000, 0x00000000a4400000, 0x00000000a4400000|100%| E|CS|TAMS 0x00000000a4300000, 0x00000000a4300000| Complete 
| 580|0x00000000a4400000, 0x00000000a4500000, 0x00000000a4500000|100%| E|CS|TAMS 0x00000000a4400000, 0x00000000a4400000| Complete 
| 581|0x00000000a4500000, 0x00000000a4600000, 0x00000000a4600000|100%| E|CS|TAMS 0x00000000a4500000, 0x00000000a4500000| Complete 
| 582|0x00000000a4600000, 0x00000000a4700000, 0x00000000a4700000|100%| E|CS|TAMS 0x00000000a4600000, 0x00000000a4600000| Complete 
| 583|0x00000000a4700000, 0x00000000a4800000, 0x00000000a4800000|100%| E|CS|TAMS 0x00000000a4700000, 0x00000000a4700000| Complete 
| 584|0x00000000a4800000, 0x00000000a4900000, 0x00000000a4900000|100%| E|CS|TAMS 0x00000000a4800000, 0x00000000a4800000| Complete 
| 585|0x00000000a4900000, 0x00000000a4a00000, 0x00000000a4a00000|100%| E|CS|TAMS 0x00000000a4900000, 0x00000000a4900000| Complete 
| 586|0x00000000a4a00000, 0x00000000a4b00000, 0x00000000a4b00000|100%| E|CS|TAMS 0x00000000a4a00000, 0x00000000a4a00000| Complete 
| 587|0x00000000a4b00000, 0x00000000a4c00000, 0x00000000a4c00000|100%| E|CS|TAMS 0x00000000a4b00000, 0x00000000a4b00000| Complete 
| 588|0x00000000a4c00000, 0x00000000a4d00000, 0x00000000a4d00000|100%| E|CS|TAMS 0x00000000a4c00000, 0x00000000a4c00000| Complete 

Card table byte_map: [0x00000192e21b0000,0x00000192e25b0000] _byte_map_base: 0x00000192e1db0000

Marking Bits (Prev, Next): (CMBitMap*) 0x00000192ce87b460, (CMBitMap*) 0x00000192ce87b428
 Prev Bits: [0x00000192e49b0000, 0x00000192e69b0000)
 Next Bits: [0x00000192e29b0000, 0x00000192e49b0000)

Polling page: 0x00000192ccfc0000

Metaspace:

Usage:
  Non-class:     94.74 MB capacity,    92.88 MB ( 98%) used,     1.52 MB (  2%) free+waste,   356.13 KB ( <1%) overhead. 
      Class:     14.94 MB capacity,    13.89 MB ( 93%) used,   919.71 KB (  6%) free+waste,   157.88 KB (  1%) overhead. 
       Both:    109.68 MB capacity,   106.76 MB ( 97%) used,     2.41 MB (  2%) free+waste,   514.00 KB ( <1%) overhead. 

Virtual space:
  Non-class space:       96.00 MB reserved,      94.75 MB ( 99%) committed 
      Class space:        1.00 GB reserved,      14.95 MB (  1%) committed 
             Both:        1.09 GB reserved,     109.70 MB ( 10%) committed 

Chunk freelists:
   Non-Class:  9.00 KB
       Class:  0 bytes
        Both:  9.00 KB

MaxMetaspaceSize: 17179869184.00 GB
CompressedClassSpaceSize: 1.00 GB
Initial GC threshold: 20.80 MB
Current GC threshold: 180.75 MB
CDS: off

CodeHeap 'non-profiled nmethods': size=120000Kb used=10755Kb max_used=10755Kb free=109244Kb
 bounds [0x00000192d9e20000, 0x00000192da8b0000, 0x00000192e1350000]
CodeHeap 'profiled nmethods': size=120000Kb used=32962Kb max_used=32962Kb free=87037Kb
 bounds [0x00000192d28f0000, 0x00000192d4930000, 0x00000192d9e20000]
CodeHeap 'non-nmethods': size=5760Kb used=2456Kb max_used=2494Kb free=3304Kb
 bounds [0x00000192d2350000, 0x00000192d25d0000, 0x00000192d28f0000]
 total_blobs=16642 nmethods=15667 adapters=887
 compilation: enabled
              stopped_count=0, restarted_count=0
 full_count=0

Compilation events (20 events):
Event: 22.355 Thread 0x00000192e9e5f000 15915       3       java.lang.invoke.ClassSpecializer$SpeciesData::getterFunction (78 bytes)
Event: 22.355 Thread 0x00000192e9e5f000 nmethod 15915 0x00000192d491c910 code [0x00000192d491cae0, 0x00000192d491cda8]
Event: 22.356 Thread 0x00000192f2c27000 15912       4       java.util.ComparableTimSort::binarySort (223 bytes)
Event: 22.356 Thread 0x00000192e9e5f000 15916       3       java.lang.invoke.LambdaFormEditor$Transform::packedBytes (66 bytes)
Event: 22.357 Thread 0x00000192e9e5f000 nmethod 15916 0x00000192d491ce90 code [0x00000192d491d060, 0x00000192d491d308]
Event: 22.357 Thread 0x00000192e9e5f000 15917       3       java.lang.invoke.LambdaFormBuffer::endEdit (308 bytes)
Event: 22.358 Thread 0x00000192e9e5f000 nmethod 15917 0x00000192d491d410 code [0x00000192d491d6a0, 0x00000192d491e418]
Event: 22.358 Thread 0x00000192e9e5f000 15918       3       java.util.ImmutableCollections$AbstractImmutableList::iterator (13 bytes)
Event: 22.359 Thread 0x00000192e9e5f000 nmethod 15918 0x00000192d491e810 code [0x00000192d491e9e0, 0x00000192d491ed28]
Event: 22.359 Thread 0x00000192e9e5f000 15919       3       java.util.ImmutableCollections$ListItr::<init> (25 bytes)
Event: 22.359 Thread 0x00000192e9e5f000 nmethod 15919 0x00000192d491ee90 code [0x00000192d491f040, 0x00000192d491f218]
Event: 22.359 Thread 0x00000192e9e5f000 15921       3       sun.invoke.util.VerifyType::isNullReferenceConversion (45 bytes)
Event: 22.360 Thread 0x00000192e9e5f000 nmethod 15921 0x00000192d491f310 code [0x00000192d491f500, 0x00000192d491f818]
Event: 22.361 Thread 0x00000192e9e5f000 15924       3       java.lang.invoke.MethodHandles$Lookup::getDirectFieldCommon (67 bytes)
Event: 22.362 Thread 0x00000192e9e5f000 nmethod 15924 0x00000192d491f910 code [0x00000192d491fb40, 0x00000192d49200e8]
Event: 22.362 Thread 0x00000192e9e5f000 15927       1       java.lang.invoke.LambdaForm::arity (5 bytes)
Event: 22.362 Thread 0x00000192e9e5f000 nmethod 15927 0x00000192da894e10 code [0x00000192da894fc0, 0x00000192da895078]
Event: 22.366 Thread 0x00000192e9e5f000 15929       3       org.gradle.internal.serialize.InputStreamBackedDecoder::readString (8 bytes)
Event: 22.367 Thread 0x00000192e9e5f000 nmethod 15929 0x00000192d4920310 code [0x00000192d49204e0, 0x00000192d4920668]
Event: 22.378 Thread 0x00000192f2c27000 nmethod 15912 0x00000192da895110 code [0x00000192da8952c0, 0x00000192da895cb8]

GC Heap History (20 events):
Event: 16.584 GC heap before
{Heap before GC invocations=19 (full 0):
 garbage-first heap   total 520192K, used 274048K [0x0000000080000000, 0x0000000100000000)
  region size 1024K, 17 young (17408K), 11 survivors (11264K)
 Metaspace       used 101780K, capacity 104383K, committed 104524K, reserved 1138688K
  class space    used 13339K, capacity 14322K, committed 14412K, reserved 1048576K
}
Event: 16.599 GC heap after
{Heap after GC invocations=20 (full 0):
 garbage-first heap   total 520192K, used 271616K [0x0000000080000000, 0x0000000100000000)
  region size 1024K, 3 young (3072K), 3 survivors (3072K)
 Metaspace       used 101780K, capacity 104383K, committed 104524K, reserved 1138688K
  class space    used 13339K, capacity 14322K, committed 14412K, reserved 1048576K
}
Event: 17.634 GC heap before
{Heap before GC invocations=21 (full 0):
 garbage-first heap   total 520192K, used 390400K [0x0000000080000000, 0x0000000100000000)
  region size 1024K, 109 young (111616K), 3 survivors (3072K)
 Metaspace       used 103554K, capacity 106121K, committed 106316K, reserved 1140736K
  class space    used 13524K, capacity 14515K, committed 14668K, reserved 1048576K
}
Event: 17.658 GC heap after
{Heap after GC invocations=22 (full 0):
 garbage-first heap   total 520192K, used 291421K [0x0000000080000000, 0x0000000100000000)
  region size 1024K, 11 young (11264K), 11 survivors (11264K)
 Metaspace       used 103554K, capacity 106121K, committed 106316K, reserved 1140736K
  class space    used 13524K, capacity 14515K, committed 14668K, reserved 1048576K
}
Event: 17.748 GC heap before
{Heap before GC invocations=22 (full 0):
 garbage-first heap   total 520192K, used 305757K [0x0000000080000000, 0x0000000100000000)
  region size 1024K, 25 young (25600K), 11 survivors (11264K)
 Metaspace       used 104016K, capacity 106593K, committed 106828K, reserved 1140736K
  class space    used 13582K, capacity 14585K, committed 14668K, reserved 1048576K
}
Event: 17.770 GC heap after
{Heap after GC invocations=23 (full 0):
 garbage-first heap   total 520192K, used 288516K [0x0000000080000000, 0x0000000100000000)
  region size 1024K, 3 young (3072K), 3 survivors (3072K)
 Metaspace       used 104016K, capacity 106593K, committed 106828K, reserved 1140736K
  class space    used 13582K, capacity 14585K, committed 14668K, reserved 1048576K
}
Event: 18.049 GC heap before
{Heap before GC invocations=23 (full 0):
 garbage-first heap   total 520192K, used 312068K [0x0000000080000000, 0x0000000100000000)
  region size 1024K, 28 young (28672K), 3 survivors (3072K)
 Metaspace       used 105226K, capacity 107856K, committed 107980K, reserved 1142784K
  class space    used 13711K, capacity 14686K, committed 14796K, reserved 1048576K
}
Event: 18.067 GC heap after
{Heap after GC invocations=24 (full 0):
 garbage-first heap   total 520192K, used 290358K [0x0000000080000000, 0x0000000100000000)
  region size 1024K, 5 young (5120K), 5 survivors (5120K)
 Metaspace       used 105226K, capacity 107856K, committed 107980K, reserved 1142784K
  class space    used 13711K, capacity 14686K, committed 14796K, reserved 1048576K
}
Event: 18.914 GC heap before
{Heap before GC invocations=25 (full 0):
 garbage-first heap   total 520192K, used 399926K [0x0000000080000000, 0x0000000100000000)
  region size 1024K, 103 young (105472K), 5 survivors (5120K)
 Metaspace       used 106484K, capacity 109184K, committed 109388K, reserved 1144832K
  class space    used 13820K, capacity 14821K, committed 14924K, reserved 1048576K
}
Event: 18.925 GC heap after
{Heap after GC invocations=26 (full 0):
 garbage-first heap   total 520192K, used 308032K [0x0000000080000000, 0x0000000100000000)
  region size 1024K, 12 young (12288K), 12 survivors (12288K)
 Metaspace       used 106484K, capacity 109184K, committed 109388K, reserved 1144832K
  class space    used 13820K, capacity 14821K, committed 14924K, reserved 1048576K
}
Event: 18.998 GC heap before
{Heap before GC invocations=26 (full 0):
 garbage-first heap   total 520192K, used 321344K [0x0000000080000000, 0x0000000100000000)
  region size 1024K, 25 young (25600K), 12 survivors (12288K)
 Metaspace       used 106560K, capacity 109269K, committed 109388K, reserved 1144832K
  class space    used 13828K, capacity 14827K, committed 14924K, reserved 1048576K
}
Event: 19.010 GC heap after
{Heap after GC invocations=27 (full 0):
 garbage-first heap   total 603136K, used 306835K [0x0000000080000000, 0x0000000100000000)
  region size 1024K, 3 young (3072K), 3 survivors (3072K)
 Metaspace       used 106560K, capacity 109269K, committed 109388K, reserved 1144832K
  class space    used 13828K, capacity 14827K, committed 14924K, reserved 1048576K
}
Event: 19.030 GC heap before
{Heap before GC invocations=27 (full 0):
 garbage-first heap   total 603136K, used 312979K [0x0000000080000000, 0x0000000100000000)
  region size 1024K, 10 young (10240K), 3 survivors (3072K)
 Metaspace       used 106624K, capacity 109340K, committed 109644K, reserved 1144832K
  class space    used 13837K, capacity 14829K, committed 14924K, reserved 1048576K
}
Event: 19.037 GC heap after
{Heap after GC invocations=28 (full 0):
 garbage-first heap   total 603136K, used 308015K [0x0000000080000000, 0x0000000100000000)
  region size 1024K, 4 young (4096K), 4 survivors (4096K)
 Metaspace       used 106624K, capacity 109340K, committed 109644K, reserved 1144832K
  class space    used 13837K, capacity 14829K, committed 14924K, reserved 1048576K
}
Event: 19.571 GC heap before
{Heap before GC invocations=28 (full 0):
 garbage-first heap   total 603136K, used 434991K [0x0000000080000000, 0x0000000100000000)
  region size 1024K, 116 young (118784K), 4 survivors (4096K)
 Metaspace       used 106977K, capacity 109706K, committed 109900K, reserved 1144832K
  class space    used 13875K, capacity 14902K, committed 14924K, reserved 1048576K
}
Event: 19.598 GC heap after
{Heap after GC invocations=29 (full 0):
 garbage-first heap   total 603136K, used 344690K [0x0000000080000000, 0x0000000100000000)
  region size 1024K, 15 young (15360K), 15 survivors (15360K)
 Metaspace       used 106977K, capacity 109706K, committed 109900K, reserved 1144832K
  class space    used 13875K, capacity 14902K, committed 14924K, reserved 1048576K
}
Event: 19.984 GC heap before
{Heap before GC invocations=30 (full 0):
 garbage-first heap   total 603136K, used 467570K [0x0000000080000000, 0x0000000100000000)
  region size 1024K, 115 young (117760K), 15 survivors (15360K)
 Metaspace       used 107530K, capacity 110257K, committed 110540K, reserved 1144832K
  class space    used 13936K, capacity 14937K, committed 15052K, reserved 1048576K
}
Event: 20.003 GC heap after
{Heap after GC invocations=31 (full 0):
 garbage-first heap   total 603136K, used 376734K [0x0000000080000000, 0x0000000100000000)
  region size 1024K, 11 young (11264K), 11 survivors (11264K)
 Metaspace       used 107530K, capacity 110257K, committed 110540K, reserved 1144832K
  class space    used 13936K, capacity 14937K, committed 15052K, reserved 1048576K
}
Event: 20.385 GC heap before
{Heap before GC invocations=31 (full 0):
 garbage-first heap   total 603136K, used 416670K [0x0000000080000000, 0x0000000100000000)
  region size 1024K, 52 young (53248K), 11 survivors (11264K)
 Metaspace       used 107970K, capacity 110736K, committed 110796K, reserved 1144832K
  class space    used 14005K, capacity 15009K, committed 15052K, reserved 1048576K
}
Event: 20.401 GC heap after
{Heap after GC invocations=32 (full 0):
 garbage-first heap   total 603136K, used 377099K [0x0000000080000000, 0x0000000100000000)
  region size 1024K, 1 young (1024K), 1 survivors (1024K)
 Metaspace       used 107970K, capacity 110736K, committed 110796K, reserved 1144832K
  class space    used 14005K, capacity 15009K, committed 15052K, reserved 1048576K
}

Deoptimization events (20 events):
Event: 22.086 Thread 0x00000192ebbd2800 Uncommon trap: trap_request=0xffffffde fr.pc=0x00000192d9f41c94 relative=0x0000000000000334
Event: 22.086 Thread 0x00000192ebbd2800 Uncommon trap: reason=class_check action=maybe_recompile pc=0x00000192d9f41c94 method=java.io.DataOutputStream.write(I)V @ 5 c2
Event: 22.086 Thread 0x00000192ebbd2800 DEOPT PACKING pc=0x00000192d9f41c94 sp=0x000000596fef6370
Event: 22.087 Thread 0x00000192ebbd2800 DEOPT UNPACKING pc=0x00000192d23585af sp=0x000000596fef6348 mode 2
Event: 22.087 Thread 0x00000192ebbd2800 Uncommon trap: trap_request=0xffffffde fr.pc=0x00000192d9f41c94 relative=0x0000000000000334
Event: 22.087 Thread 0x00000192ebbd2800 Uncommon trap: reason=class_check action=maybe_recompile pc=0x00000192d9f41c94 method=java.io.DataOutputStream.write(I)V @ 5 c2
Event: 22.087 Thread 0x00000192ebbd2800 DEOPT PACKING pc=0x00000192d9f41c94 sp=0x000000596fef6370
Event: 22.087 Thread 0x00000192ebbd2800 DEOPT UNPACKING pc=0x00000192d23585af sp=0x000000596fef6348 mode 2
Event: 22.136 Thread 0x00000192ebbd2800 Uncommon trap: trap_request=0xffffffc6 fr.pc=0x00000192da7f9754 relative=0x0000000000000374
Event: 22.136 Thread 0x00000192ebbd2800 Uncommon trap: reason=bimorphic_or_optimized_type_check action=maybe_recompile pc=0x00000192da7f9754 method=java.util.Spliterators$ArraySpliterator.tryAdvance(Ljava/util/function/Consumer;)Z @ 49 c2
Event: 22.136 Thread 0x00000192ebbd2800 DEOPT PACKING pc=0x00000192da7f9754 sp=0x000000596fef3ab0
Event: 22.136 Thread 0x00000192ebbd2800 DEOPT UNPACKING pc=0x00000192d23585af sp=0x000000596fef3a40 mode 2
Event: 22.206 Thread 0x00000192ebbd2800 Uncommon trap: trap_request=0xffffff4d fr.pc=0x00000192da7d17f0 relative=0x00000000000008f0
Event: 22.206 Thread 0x00000192ebbd2800 Uncommon trap: reason=unstable_if action=reinterpret pc=0x00000192da7d17f0 method=java.io.ObjectOutputStream$BlockDataOutputStream.write([BIIZ)V @ 2 c2
Event: 22.206 Thread 0x00000192ebbd2800 DEOPT PACKING pc=0x00000192da7d17f0 sp=0x000000596fef5750
Event: 22.206 Thread 0x00000192ebbd2800 DEOPT UNPACKING pc=0x00000192d23585af sp=0x000000596fef5748 mode 2
Event: 22.364 Thread 0x00000192f4d3b800 Uncommon trap: trap_request=0xffffffde fr.pc=0x00000192da20a028 relative=0x0000000000000928
Event: 22.364 Thread 0x00000192f4d3b800 Uncommon trap: reason=class_check action=maybe_recompile pc=0x00000192da20a028 method=java.lang.ThreadLocal.set(Ljava/lang/Object;)V @ 26 c2
Event: 22.364 Thread 0x00000192f4d3b800 DEOPT PACKING pc=0x00000192da20a028 sp=0x00000059780fd4f0
Event: 22.364 Thread 0x00000192f4d3b800 DEOPT UNPACKING pc=0x00000192d23585af sp=0x00000059780fd4d0 mode 2

Classes redefined (0 events):
No events

Internal exceptions (20 events):
Event: 20.990 Thread 0x00000192f4d37800 Exception <a 'sun/nio/fs/WindowsException'{0x00000000a2db22b0}> (0x00000000a2db22b0) thrown at [./src/hotspot/share/prims/jni.cpp, line 615]
Event: 22.164 Thread 0x00000192ebbd2800 Exception <a 'java/lang/NoSuchMethodError'{0x00000000a29399e0}: <clinit>> (0x00000000a29399e0) thrown at [./src/hotspot/share/prims/jni.cpp, line 1365]
Event: 22.165 Thread 0x00000192ebbd2800 Exception <a 'java/lang/NoSuchMethodError'{0x00000000a2953728}: <clinit>> (0x00000000a2953728) thrown at [./src/hotspot/share/prims/jni.cpp, line 1365]
Event: 22.182 Thread 0x00000192ebbd2800 Exception <a 'java/lang/NoSuchMethodError'{0x00000000a2816218}: 'java.lang.Object java.lang.invoke.DirectMethodHandle$Holder.invokeSpecial(java.lang.Object, java.lang.Object, int, int, java.lang.Object, int, java.lang.Object, java.lang.Object)'> (0x00000000a2816218) thrown at [./src/hotspot/share/interpreter/linkResolver.cpp, line 773]
Event: 22.182 Thread 0x00000192ebbd2800 Exception <a 'java/lang/NoSuchMethodError'{0x00000000a281ad98}: 'java.lang.Object java.lang.invoke.DelegatingMethodHandle$Holder.reinvoke_L(java.lang.Object, int, int, java.lang.Object, int, java.lang.Object, java.lang.Object)'> (0x00000000a281ad98) thrown at [./src/hotspot/share/interpreter/linkResolver.cpp, line 773]
Event: 22.184 Thread 0x00000192ebbd2800 Exception <a 'java/lang/NoSuchMethodError'{0x00000000a28468a0}: 'java.lang.Object java.lang.invoke.DirectMethodHandle$Holder.invokeStatic(java.lang.Object, java.lang.Object, java.lang.Object, java.lang.Object, java.lang.Object, java.lang.Object, java.lang.Object, java.lang.Object, int)'> (0x00000000a28468a0) thrown at [./src/hotspot/share/interpreter/linkResolver.cpp, line 773]
Event: 22.186 Thread 0x00000192ebbd2800 Exception <a 'java/lang/NoSuchMethodError'{0x00000000a2862338}: 'java.lang.Object java.lang.invoke.DirectMethodHandle$Holder.invokeStatic(java.lang.Object, java.lang.Object, java.lang.Object, java.lang.Object, java.lang.Object, java.lang.Object, java.lang.Object, java.lang.Object, int, int)'> (0x00000000a2862338) thrown at [./src/hotspot/share/interpreter/linkResolver.cpp, line 773]
Event: 22.187 Thread 0x00000192ebbd2800 Exception <a 'java/lang/NoSuchMethodError'{0x00000000a287ef38}: 'java.lang.Object java.lang.invoke.DirectMethodHandle$Holder.invokeStatic(java.lang.Object, java.lang.Object, java.lang.Object, java.lang.Object, java.lang.Object, java.lang.Object, java.lang.Object, java.lang.Object, int, int, java.lang.Object)'> (0x00000000a287ef38) thrown at [./src/hotspot/share/interpreter/linkResolver.cpp, line 773]
Event: 22.189 Thread 0x00000192ebbd2800 Exception <a 'java/lang/NoSuchMethodError'{0x00000000a289cca8}: 'java.lang.Object java.lang.invoke.DirectMethodHandle$Holder.invokeStatic(java.lang.Object, java.lang.Object, java.lang.Object, java.lang.Object, java.lang.Object, java.lang.Object, java.lang.Object, java.lang.Object, int, int, java.lang.Object, java.lang.Object)'> (0x00000000a289cca8) thrown at [./src/hotspot/share/interpreter/linkResolver.cpp, line 773]
Event: 22.202 Thread 0x00000192ebbd2800 Exception <a 'java/lang/NoSuchMethodError'{0x00000000a28f9190}: <clinit>> (0x00000000a28f9190) thrown at [./src/hotspot/share/prims/jni.cpp, line 1365]
Event: 22.205 Thread 0x00000192ebbd2800 Exception <a 'java/lang/NoSuchMethodError'{0x00000000a273c618}: <clinit>> (0x00000000a273c618) thrown at [./src/hotspot/share/prims/jni.cpp, line 1365]
Event: 22.217 Thread 0x00000192f4d30000 Exception <a 'java/lang/InterruptedException'{0x00000000a2765700}> (0x00000000a2765700) thrown at [./src/hotspot/share/runtime/objectMonitor.cpp, line 1635]
Event: 22.218 Thread 0x00000192f4d30000 Exception <a 'java/lang/NoSuchMethodError'{0x00000000a276d510}: 'java.lang.Object java.lang.invoke.DirectMethodHandle$Holder.invokeStatic(java.lang.Object, java.lang.Object, int, java.lang.Object, long)'> (0x00000000a276d510) thrown at [./src/hotspot/share/interpreter/linkResolver.cpp, line 773]
Event: 22.240 Thread 0x00000192ebbd2800 Exception <a 'java/lang/NoSuchMethodError'{0x00000000a27b52e8}: <clinit>> (0x00000000a27b52e8) thrown at [./src/hotspot/share/prims/jni.cpp, line 1365]
Event: 22.241 Thread 0x00000192ebbd2800 Exception <a 'java/lang/NoSuchMethodError'{0x00000000a27cd080}: <clinit>> (0x00000000a27cd080) thrown at [./src/hotspot/share/prims/jni.cpp, line 1365]
Event: 22.242 Thread 0x00000192ebbd2800 Exception <a 'java/lang/NoSuchMethodError'{0x00000000a27e3e00}: <clinit>> (0x00000000a27e3e00) thrown at [./src/hotspot/share/prims/jni.cpp, line 1365]
Event: 22.249 Thread 0x00000192ebbd2800 Exception <a 'java/lang/NoSuchMethodError'{0x00000000a2611880}: <clinit>> (0x00000000a2611880) thrown at [./src/hotspot/share/prims/jni.cpp, line 1365]
Event: 22.270 Thread 0x00000192ebbd2800 Exception <a 'java/lang/NoSuchMethodError'{0x00000000a2558ed8}: <clinit>> (0x00000000a2558ed8) thrown at [./src/hotspot/share/prims/jni.cpp, line 1365]
Event: 22.359 Thread 0x00000192f4d3b800 Exception <a 'java/lang/NoSuchMethodError'{0x00000000a24a81a0}: 'java.lang.Object java.lang.invoke.DirectMethodHandle$Holder.invokeStatic(java.lang.Object, java.lang.Object, java.lang.Object, java.lang.Object, java.lang.Object, java.lang.Object, java.lang.Object, java.lang.Object, java.lang.Object, java.lang.Object, java.lang.Object, java.lang.Object, java.lang.Object, int)'> (0x00000000a24a81a0) thrown at [./src/hotspot/share/interpreter/linkResolver.cpp, line 773]
Event: 22.361 Thread 0x00000192f4d3b800 Exception <a 'java/lang/NoSuchMethodError'{0x00000000a24b4c38}: 'java.lang.Object java.lang.invoke.DirectMethodHandle$Holder.invokeStatic(java.lang.Object, java.lang.Object, java.lang.Object, java.lang.Object, java.lang.Object, java.lang.Object, java.lang.Object, java.lang.Object, java.lang.Object, java.lang.Object, java.lang.Object, java.lang.Object, java.lang.Object, int, int)'> (0x00000000a24b4c38) thrown at [./src/hotspot/share/interpreter/linkResolver.cpp, line 773]

Events (20 events):
Event: 22.361 loading class java/lang/invoke/BoundMethodHandle$Species_LLLLLLLLLLIIL
Event: 22.362 loading class java/lang/invoke/BoundMethodHandle$Species_LLLLLLLLLLIIL done
Event: 22.363 Executing VM operation: RevokeBias
Event: 22.363 Executing VM operation: RevokeBias done
Event: 22.363 Executing VM operation: RevokeBias
Event: 22.363 Executing VM operation: RevokeBias done
Event: 22.364 Executing VM operation: RevokeBias
Event: 22.364 Executing VM operation: RevokeBias done
Event: 22.365 Executing VM operation: RevokeBias
Event: 22.365 Executing VM operation: RevokeBias done
Event: 22.367 Executing VM operation: RevokeBias
Event: 22.367 Executing VM operation: RevokeBias done
Event: 22.367 loading class sun/rmi/transport/Transport$1
Event: 22.368 loading class sun/rmi/transport/Transport$1 done
Event: 22.369 loading class sun/rmi/transport/DGCImpl$LeaseInfo
Event: 22.369 loading class sun/rmi/transport/DGCImpl$LeaseInfo done
Event: 22.369 loading class sun/rmi/transport/DGCImpl$1
Event: 22.369 loading class sun/rmi/transport/DGCImpl$1 done
Event: 22.369 loading class sun/rmi/transport/SequenceEntry
Event: 22.369 loading class sun/rmi/transport/SequenceEntry done


Dynamic libraries:
0x00007ff69af40000 - 0x00007ff69af4a000 	D:\Android Studio\jre\bin\java.exe
0x00007ffe46e50000 - 0x00007ffe47045000 	C:\Windows\SYSTEM32\ntdll.dll
0x00007ffe46960000 - 0x00007ffe46a1d000 	C:\Windows\System32\KERNEL32.DLL
0x00007ffe44770000 - 0x00007ffe44a3d000 	C:\Windows\System32\KERNELBASE.dll
0x00007ffe44a40000 - 0x00007ffe44b40000 	C:\Windows\System32\ucrtbase.dll
0x00007ffe21db0000 - 0x00007ffe21dc9000 	D:\Android Studio\jre\bin\jli.dll
0x00007ffe44ff0000 - 0x00007ffe45190000 	C:\Windows\System32\USER32.dll
0x00007ffe44de0000 - 0x00007ffe44e02000 	C:\Windows\System32\win32u.dll
0x00007ffe461e0000 - 0x00007ffe4620a000 	C:\Windows\System32\GDI32.dll
0x00007ffe44b70000 - 0x00007ffe44c7b000 	C:\Windows\System32\gdi32full.dll
0x00007ffe44620000 - 0x00007ffe446bd000 	C:\Windows\System32\msvcp_win.dll
0x00007ffe1d7e0000 - 0x00007ffe1d7f7000 	D:\Android Studio\jre\bin\VCRUNTIME140.dll
0x00007ffe21fe0000 - 0x00007ffe2227a000 	C:\Windows\WinSxS\amd64_microsoft.windows.common-controls_6595b64144ccf1df_6.0.19041.1110_none_60b5254171f9507e\COMCTL32.dll
0x00007ffe46cb0000 - 0x00007ffe46d4e000 	C:\Windows\System32\msvcrt.dll
0x00007ffe46c80000 - 0x00007ffe46cb0000 	C:\Windows\System32\IMM32.DLL
0x00007ffdffe70000 - 0x00007ffdfff0d000 	D:\Android Studio\jre\bin\msvcp140.dll
0x00007ffdde3f0000 - 0x00007ffddeed5000 	D:\Android Studio\jre\bin\server\jvm.dll
0x00007ffe46a20000 - 0x00007ffe46ace000 	C:\Windows\System32\ADVAPI32.dll
0x00007ffe44f30000 - 0x00007ffe44fcc000 	C:\Windows\System32\sechost.dll
0x00007ffe45670000 - 0x00007ffe45795000 	C:\Windows\System32\RPCRT4.dll
0x00007ffe44ea0000 - 0x00007ffe44ea8000 	C:\Windows\System32\PSAPI.DLL
0x00007ffe1df70000 - 0x00007ffe1df79000 	C:\Windows\SYSTEM32\WSOCK32.dll
0x00007ffe45b80000 - 0x00007ffe45beb000 	C:\Windows\System32\WS2_32.dll
0x00007ffe22430000 - 0x00007ffe22457000 	C:\Windows\SYSTEM32\WINMM.dll
0x00007ffe34190000 - 0x00007ffe3419a000 	C:\Windows\SYSTEM32\VERSION.dll
0x00007ffe42da0000 - 0x00007ffe42db2000 	C:\Windows\SYSTEM32\kernel.appcore.dll
0x00007ffe37900000 - 0x00007ffe37911000 	D:\Android Studio\jre\bin\verify.dll
0x00007ffe42ab0000 - 0x00007ffe42c94000 	C:\Windows\SYSTEM32\DBGHELP.DLL
0x00007ffe25580000 - 0x00007ffe255ac000 	C:\Windows\SYSTEM32\dbgcore.DLL
0x00007ffe44e10000 - 0x00007ffe44e92000 	C:\Windows\System32\bcryptPrimitives.dll
0x00007ffe297c0000 - 0x00007ffe297e9000 	D:\Android Studio\jre\bin\java.dll
0x00007ffe3e580000 - 0x00007ffe3e58b000 	D:\Android Studio\jre\bin\jimage.dll
0x00007ffe25680000 - 0x00007ffe25698000 	D:\Android Studio\jre\bin\zip.dll
0x00007ffe46210000 - 0x00007ffe46954000 	C:\Windows\System32\SHELL32.dll
0x00007ffe42240000 - 0x00007ffe429d4000 	C:\Windows\SYSTEM32\windows.storage.dll
0x00007ffe45c80000 - 0x00007ffe45fd4000 	C:\Windows\System32\combase.dll
0x00007ffe43e70000 - 0x00007ffe43e9c000 	C:\Windows\SYSTEM32\Wldp.dll
0x00007ffe458c0000 - 0x00007ffe4596d000 	C:\Windows\System32\SHCORE.dll
0x00007ffe46d50000 - 0x00007ffe46da5000 	C:\Windows\System32\shlwapi.dll
0x00007ffe444a0000 - 0x00007ffe444bf000 	C:\Windows\SYSTEM32\profapi.dll
0x00007ffe246c0000 - 0x00007ffe246da000 	D:\Android Studio\jre\bin\net.dll
0x00007ffe3e840000 - 0x00007ffe3e94a000 	C:\Windows\SYSTEM32\WINHTTP.dll
0x00007ffe43bf0000 - 0x00007ffe43c5a000 	C:\Windows\system32\mswsock.dll
0x00007ffe241a0000 - 0x00007ffe241b4000 	D:\Android Studio\jre\bin\nio.dll
0x00007ffe0c070000 - 0x00007ffe0c097000 	C:\Users\kolosov-V\.gradle\native\e1d6ef7f7dcc3fd88c89a11ec53ec762bb8ba0a96d01ffa2cd45eb1d1d8dd5c5\windows-amd64\native-platform.dll
0x00007ffdfe460000 - 0x00007ffdfe5a4000 	C:\Users\kolosov-V\.gradle\native\5664cfc778a61ccfe75a443a1ab52a65af34e5dc3c78e0209fed803814484fcb\windows-amd64\native-platform-file-events.dll
0x00007ffe3e530000 - 0x00007ffe3e53a000 	D:\Android Studio\jre\bin\management.dll
0x00007ffe3c550000 - 0x00007ffe3c55d000 	D:\Android Studio\jre\bin\management_ext.dll
0x00007ffe43ed0000 - 0x00007ffe43ee8000 	C:\Windows\SYSTEM32\CRYPTSP.dll
0x00000000589f0000 - 0x0000000058a07000 	C:\Program Files\Common Files\Crypto Pro\AppCompat\cpadvai.dll
0x0000000058a10000 - 0x0000000058a16000 	C:\Program Files\Common Files\Crypto Pro\AppCompat\detoured.dll
0x00007ffe43590000 - 0x00007ffe435c4000 	C:\Windows\system32\rsaenh.dll
0x00007ffe44b40000 - 0x00007ffe44b67000 	C:\Windows\System32\bcrypt.dll
0x00007ffe44420000 - 0x00007ffe4444e000 	C:\Windows\SYSTEM32\USERENV.dll
0x00007ffe43de0000 - 0x00007ffe43dec000 	C:\Windows\SYSTEM32\CRYPTBASE.dll
0x00007ffe43900000 - 0x00007ffe4393b000 	C:\Windows\SYSTEM32\IPHLPAPI.DLL
0x00007ffe46090000 - 0x00007ffe46098000 	C:\Windows\System32\NSI.dll
0x00007ffe3d0a0000 - 0x00007ffe3d0b7000 	C:\Windows\SYSTEM32\dhcpcsvc6.DLL
0x00007ffe3d190000 - 0x00007ffe3d1ad000 	C:\Windows\SYSTEM32\dhcpcsvc.DLL
0x00007ffe43950000 - 0x00007ffe43a1b000 	C:\Windows\SYSTEM32\DNSAPI.dll
0x00007ffe1a6a0000 - 0x00007ffe1a6be000 	C:\Users\kolosov-V\AppData\Local\Temp\native-platform3736735847665304582dir\native-platform.dll
0x00007ffe29e40000 - 0x00007ffe29e48000 	D:\Android Studio\jre\bin\rmi.dll

dbghelp: loaded successfully - version: 4.0.5 - missing functions: none
symbol engine: initialized successfully - sym options: 0x614 - pdb path: .;D:\Android Studio\jre\bin;C:\Windows\SYSTEM32;C:\Windows\WinSxS\amd64_microsoft.windows.common-controls_6595b64144ccf1df_6.0.19041.1110_none_60b5254171f9507e;D:\Android Studio\jre\bin\server;C:\Users\kolosov-V\.gradle\native\e1d6ef7f7dcc3fd88c89a11ec53ec762bb8ba0a96d01ffa2cd45eb1d1d8dd5c5\windows-amd64;C:\Users\kolosov-V\.gradle\native\5664cfc778a61ccfe75a443a1ab52a65af34e5dc3c78e0209fed803814484fcb\windows-amd64;C:\Program Files\Common Files\Crypto Pro\AppCompat;C:\Users\kolosov-V\AppData\Local\Temp\native-platform3736735847665304582dir

VM Arguments:
jvm_args: --add-opens=java.base/java.util=ALL-UNNAMED --add-opens=java.base/java.lang=ALL-UNNAMED --add-opens=java.base/java.lang.invoke=ALL-UNNAMED --add-opens=java.base/java.util=ALL-UNNAMED --add-opens=java.prefs/java.util.prefs=ALL-UNNAMED --add-opens=java.prefs/java.util.prefs=ALL-UNNAMED --add-opens=java.base/java.nio.charset=ALL-UNNAMED --add-opens=java.base/java.net=ALL-UNNAMED --add-opens=java.base/java.util.concurrent.atomic=ALL-UNNAMED -Xmx2048m -Dfile.encoding=UTF-8 -Duser.country=RU -Duser.language=ru -Duser.variant 
java_command: org.gradle.launcher.daemon.bootstrap.GradleDaemon 7.3.3
java_class_path (initial): C:\Users\kolosov-V\.gradle\wrapper\dists\gradle-7.3.3-bin\6a41zxkdtcxs8rphpq6y0069z\gradle-7.3.3\lib\gradle-launcher-7.3.3.jar
Launcher Type: SUN_STANDARD

[Global flags]
     intx CICompilerCount                          = 4                                         {product} {ergonomic}
     uint ConcGCThreads                            = 2                                         {product} {ergonomic}
     uint G1ConcRefinementThreads                  = 8                                         {product} {ergonomic}
   size_t G1HeapRegionSize                         = 1048576                                   {product} {ergonomic}
    uintx GCDrainStackTargetSize                   = 64                                        {product} {ergonomic}
   size_t InitialHeapSize                          = 532676608                                 {product} {ergonomic}
   size_t MarkStackSize                            = 4194304                                   {product} {ergonomic}
   size_t MaxHeapSize                              = 2147483648                                {product} {command line}
   size_t MaxNewSize                               = 1287651328                                {product} {ergonomic}
   size_t MinHeapDeltaBytes                        = 1048576                                   {product} {ergonomic}
    uintx NonNMethodCodeHeapSize                   = 5836300                                {pd product} {ergonomic}
    uintx NonProfiledCodeHeapSize                  = 122910970                              {pd product} {ergonomic}
    uintx ProfiledCodeHeapSize                     = 122910970                              {pd product} {ergonomic}
    uintx ReservedCodeCacheSize                    = 251658240                              {pd product} {ergonomic}
     bool SegmentedCodeCache                       = true                                      {product} {ergonomic}
     bool UseCompressedClassPointers               = true                                 {lp64_product} {ergonomic}
     bool UseCompressedOops                        = true                                 {lp64_product} {ergonomic}
     bool UseG1GC                                  = true                                      {product} {ergonomic}
     bool UseLargePagesIndividualAllocation        = false                                  {pd product} {ergonomic}

Logging:
Log output configuration:
 #0: stdout all=warning uptime,level,tags
 #1: stderr all=off uptime,level,tags

Environment Variables:
JAVA_HOME=C:\Program Files\Java\jdk-11.0.14
PATH=C:\Program Files\Java\jdk-11.0.14\bin;C:\Program Files (x86)\VMware\VMware Workstation\bin\;C:\Windows\system32;C:\Windows;C:\Windows\System32\Wbem;C:\Windows\System32\WindowsPowerShell\v1.0\;C:\Windows\System32\OpenSSH\;C:\Program Files\SafeNet\Authentication\SAC\x64;C:\Program Files\SafeNet\Authentication\SAC\x32;C:\Program Files\Git\cmd;C:\Program Files\PuTTY\;C:\Program Files (x86)\Common Files\SecurIT;C:\Program Files\nodejs\;C:\Program Files\Docker\Docker\resources\bin;C:\Users\kolosov-V\AppData\Local\Microsoft\WindowsApps;D:\apache-ant-1.10.13\bin;C:\Users\kolosov-V\AppData\Roaming\npm
USERNAME=kolosov-v
OS=Windows_NT
PROCESSOR_IDENTIFIER=Intel64 Family 6 Model 140 Stepping 1, GenuineIntel



---------------  S Y S T E M  ---------------

OS: Windows 10 , 64 bit Build 19041 (10.0.19041.1706)
OS uptime: 3 days 5:24 hours
Hyper-V role detected

CPU:total 8 (initial active 8) (4 cores per cpu, 2 threads per core) family 6 model 140 stepping 1 microcode 0x86, cmov, cx8, fxsr, mmx, sse, sse2, sse3, ssse3, sse4.1, sse4.2, popcnt, avx, avx2, aes, clmul, erms, 3dnowpref, lzcnt, ht, tsc, tscinvbit, bmi1, bmi2, adx, evex, sha, fma

Memory: 4k page, system-wide physical 32508M (7444M free)
TotalPageFile size 40604M (AvailPageFile size 7M)
current process WorkingSet (physical memory assigned to process): 928M, peak: 937M
current process commit charge ("private bytes"): 979M, peak: 988M

vm_info: OpenJDK 64-Bit Server VM (11.0.12+7-b1504.28-7817840) for windows-amd64 JRE (11.0.12+7-b1504.28-7817840), built on Oct 13 2021 22:12:33 by "builder" with MS VC++ 14.0 (VS2015)

END.
