#
# There is insufficient memory for the Java Runtime Environment to continue.
# Native memory allocation (malloc) failed to allocate 1073296 bytes for Chunk::new
# Possible reasons:
#   The system is out of physical RAM or swap space
#   The process is running with CompressedOops enabled, and the Java Heap may be blocking the growth of the native heap
# Possible solutions:
#   Reduce memory load on the system
#   Increase physical memory or swap space
#   Check if swap backing store is full
#   Decrease Java heap size (-Xmx/-Xms)
#   Decrease number of Java threads
#   Decrease Java thread stack sizes (-Xss)
#   Set larger code cache with -XX:ReservedCodeCacheSize=
#   JVM is running with Unscaled Compressed Oops mode in which the Java heap is
#     placed in the first 4GB address space. The Java Heap base address is the
#     maximum limit for the native heap growth. Please use -XX:HeapBaseMinAddress
#     to set the Java Heap base and to place the Java Heap above 4GB virtual address.
# This output file may be truncated or incomplete.
#
#  Out of Memory Error (./src/hotspot/share/memory/arena.cpp:197), pid=17636, tid=26948
#
# JRE version: OpenJDK Runtime Environment (11.0.12+7) (build 11.0.12+7-b1504.28-7817840)
# Java VM: OpenJDK 64-Bit Server VM (11.0.12+7-b1504.28-7817840, mixed mode, tiered, compressed oops, g1 gc, windows-amd64)
# No core dump will be written. Minidumps are not enabled by default on client versions of Windows
#

---------------  S U M M A R Y ------------

Command Line: --add-opens=java.base/java.util=ALL-UNNAMED --add-opens=java.base/java.lang=ALL-UNNAMED --add-opens=java.base/java.lang.invoke=ALL-UNNAMED --add-opens=java.base/java.util=ALL-UNNAMED --add-opens=java.prefs/java.util.prefs=ALL-UNNAMED --add-opens=java.prefs/java.util.prefs=ALL-UNNAMED --add-opens=java.base/java.nio.charset=ALL-UNNAMED --add-opens=java.base/java.net=ALL-UNNAMED --add-opens=java.base/java.util.concurrent.atomic=ALL-UNNAMED -Xmx2048m -Dfile.encoding=UTF-8 -Duser.country=RU -Duser.language=ru -Duser.variant org.gradle.launcher.daemon.bootstrap.GradleDaemon 7.3.3

Host: 11th Gen Intel(R) Core(TM) i7-1165G7 @ 2.80GHz, 8 cores, 31G,  Windows 10 , 64 bit Build 19041 (10.0.19041.1706)
Time: Wed Oct  9 21:35:46 2024 RTZ 2 (зима) elapsed time: 16.547879 seconds (0d 0h 0m 16s)

---------------  T H R E A D  ---------------

Current thread (0x0000029fbbcdc000):  JavaThread "C2 CompilerThread2" daemon [_thread_in_native, id=26948, stack(0x000000b040400000,0x000000b040500000)]


Current CompileTask:
C2:  16547 13932 %     4       com.android.tools.r8.dex.j::e @ 34 (664 bytes)

Stack: [0x000000b040400000,0x000000b040500000]
Native frames: (J=compiled Java code, j=interpreted, Vv=VM code, C=native code)
V  [jvm.dll+0x5fbcea]
V  [jvm.dll+0x731905]
V  [jvm.dll+0x732f1d]
V  [jvm.dll+0x7335d3]
V  [jvm.dll+0x247bf8]
V  [jvm.dll+0xc018c]
V  [jvm.dll+0xc06cc]
V  [jvm.dll+0x2bcc04]
V  [jvm.dll+0x5113a8]
V  [jvm.dll+0x208303]
V  [jvm.dll+0x201fe0]
V  [jvm.dll+0x1ff71f]
V  [jvm.dll+0x18868c]
V  [jvm.dll+0x20e0d7]
V  [jvm.dll+0x20c901]
V  [jvm.dll+0x6f9b7f]
V  [jvm.dll+0x6f26a5]
V  [jvm.dll+0x5fabf6]
C  [ucrtbase.dll+0x21bb2]
C  [KERNEL32.DLL+0x17034]
C  [ntdll.dll+0x52651]


---------------  P R O C E S S  ---------------

Threads class SMR info:
_java_thread_list=0x0000029fc810c6e0, length=152, elements={
0x0000029fa01e9800, 0x0000029fbae6d000, 0x0000029fbb781000, 0x0000029fbb791000,
0x0000029fbb796000, 0x0000029fbb797800, 0x0000029fbb7dd000, 0x0000029fbb7ea800,
0x0000029fbb806000, 0x0000029fbb952800, 0x0000029fbd25c800, 0x0000029fbc0f8800,
0x0000029fbf181800, 0x0000029fbd75f800, 0x0000029fbe93d800, 0x0000029fbe7eb000,
0x0000029fbc72e800, 0x0000029fbdb4b800, 0x0000029fbde2b000, 0x0000029fbebea800,
0x0000029fbebf0000, 0x0000029fbebeb800, 0x0000029fbebf1000, 0x0000029fbd113800,
0x0000029fbebec000, 0x0000029fbebed000, 0x0000029fbebef800, 0x0000029fbebed800,
0x0000029fbebee800, 0x0000029fbf1aa800, 0x0000029fbf1ae800, 0x0000029fbf1ac000,
0x0000029fbf1af800, 0x0000029fbf1b1000, 0x0000029fbf1ab800, 0x0000029fbf1b5000,
0x0000029fbf1b7800, 0x0000029fbf1b2800, 0x0000029fbf1b3800, 0x0000029fbf1b4000,
0x0000029fbf1b2000, 0x0000029fbf1b6000, 0x0000029fbf1b6800, 0x0000029fbf1b8800,
0x0000029fbf1b9000, 0x0000029fbd9e9000, 0x0000029fbd9e7800, 0x0000029fbd9ee000,
0x0000029fbd9e8000, 0x0000029fbd9ed000, 0x0000029fbd9eb800, 0x0000029fbd9ee800,
0x0000029fbd9ec000, 0x0000029fbd9ea800, 0x0000029fbd9ef800, 0x0000029fbd9ea000,
0x0000029fbd9f4800, 0x0000029fbd9f5000, 0x0000029fbd9f1000, 0x0000029fbd9f6000,
0x0000029fbd9f0800, 0x0000029fbd9f2000, 0x0000029fbd9f2800, 0x0000029fbd9f3800,
0x0000029fbdc52800, 0x0000029fbdc53000, 0x0000029fbdc55000, 0x0000029fbdc54000,
0x0000029fbdc4f000, 0x0000029fbdc55800, 0x0000029fbdc50800, 0x0000029fbdc50000,
0x0000029fbdc51800, 0x0000029fbec5c800, 0x0000029fbec5b800, 0x0000029fbec5e000,
0x0000029fbec5a800, 0x0000029fbec60800, 0x0000029fbec5f000, 0x0000029fbec5f800,
0x0000029fbec61800, 0x0000029fbec62000, 0x0000029fbec5d000, 0x0000029fbec68000,
0x0000029fbec66000, 0x0000029fbec63000, 0x0000029fbec64800, 0x0000029fbec68800,
0x0000029fbec63800, 0x0000029fbec67000, 0x0000029fbec69800, 0x0000029fbec65800,
0x0000029fc1724800, 0x0000029fc1725800, 0x0000029fc1724000, 0x0000029fc172b000,
0x0000029fc1726800, 0x0000029fc1728000, 0x0000029fc1728800, 0x0000029fc172d000,
0x0000029fc1727000, 0x0000029fc172d800, 0x0000029fc172e800, 0x0000029fc172a800,
0x0000029fc172c000, 0x0000029fc172f800, 0x0000029fc1729800, 0x0000029fc1730000,
0x0000029fc1731000, 0x0000029fc1732800, 0x0000029fc1731800, 0x0000029fbbcd4000,
0x0000029fbbcd0000, 0x0000029fbbcd3000, 0x0000029fbbcd6800, 0x0000029fbbcd5000,
0x0000029fbbcd5800, 0x0000029fbbcd0800, 0x0000029fbbcd7000, 0x0000029fbbcd2800,
0x0000029fbbcd1800, 0x0000029fbbcdb800, 0x0000029fbbcdc000, 0x0000029fbbcdd000,
0x0000029fbbcde000, 0x0000029fbbcde800, 0x0000029fbbcd9800, 0x0000029fbbcd9000,
0x0000029fbbcda800, 0x0000029fbbd41000, 0x0000029fbbd42800, 0x0000029fbbd45000,
0x0000029fbbd46800, 0x0000029fbbd46000, 0x0000029fbbd42000, 0x0000029fbbd49000,
0x0000029fbbd47800, 0x0000029fbbd48800, 0x0000029fbbd43800, 0x0000029fbbd4a000,
0x0000029fbbd4f000, 0x0000029fbbd4b000, 0x0000029fbbd4e000, 0x0000029fbbd4f800,
0x0000029fbbd4b800, 0x0000029fbbd4c800, 0x0000029fbbe26000, 0x0000029fbbe25000,
0x0000029fbbe22000, 0x0000029fbbe22800, 0x0000029fbbe21000, 0x0000029fbbe24000
}

Java Threads: ( => current thread )
  0x0000029fa01e9800 JavaThread "main" [_thread_blocked, id=11248, stack(0x000000b03d600000,0x000000b03d700000)]
  0x0000029fbae6d000 JavaThread "Reference Handler" daemon [_thread_blocked, id=23336, stack(0x000000b03dd00000,0x000000b03de00000)]
  0x0000029fbb781000 JavaThread "Finalizer" daemon [_thread_blocked, id=27196, stack(0x000000b03de00000,0x000000b03df00000)]
  0x0000029fbb791000 JavaThread "Signal Dispatcher" daemon [_thread_blocked, id=27968, stack(0x000000b03df00000,0x000000b03e000000)]
  0x0000029fbb796000 JavaThread "Attach Listener" daemon [_thread_blocked, id=504, stack(0x000000b03e000000,0x000000b03e100000)]
  0x0000029fbb797800 JavaThread "Service Thread" daemon [_thread_blocked, id=27740, stack(0x000000b03e100000,0x000000b03e200000)]
  0x0000029fbb7dd000 JavaThread "C2 CompilerThread0" daemon [_thread_in_native, id=22196, stack(0x000000b03e200000,0x000000b03e300000)]
  0x0000029fbb7ea800 JavaThread "C1 CompilerThread0" daemon [_thread_blocked, id=27544, stack(0x000000b03e300000,0x000000b03e400000)]
  0x0000029fbb806000 JavaThread "Sweeper thread" daemon [_thread_blocked, id=27792, stack(0x000000b03e400000,0x000000b03e500000)]
  0x0000029fbb952800 JavaThread "Common-Cleaner" daemon [_thread_blocked, id=20756, stack(0x000000b03e500000,0x000000b03e600000)]
  0x0000029fbd25c800 JavaThread "Daemon health stats" [_thread_blocked, id=25548, stack(0x000000b03f000000,0x000000b03f100000)]
  0x0000029fbc0f8800 JavaThread "Incoming local TCP Connector on port 50912" [_thread_in_native, id=15180, stack(0x000000b03e700000,0x000000b03e800000)]
  0x0000029fbf181800 JavaThread "Daemon periodic checks" [_thread_blocked, id=25728, stack(0x000000b03e800000,0x000000b03e900000)]
  0x0000029fbd75f800 JavaThread "Daemon" [_thread_blocked, id=22088, stack(0x000000b03f100000,0x000000b03f200000)]
  0x0000029fbe93d800 JavaThread "Handler for socket connection from /127.0.0.1:50912 to /127.0.0.1:50913" [_thread_in_native, id=25436, stack(0x000000b03f200000,0x000000b03f300000)]
  0x0000029fbe7eb000 JavaThread "Cancel handler" [_thread_blocked, id=26840, stack(0x000000b03f300000,0x000000b03f400000)]
  0x0000029fbc72e800 JavaThread "Daemon worker" [_thread_blocked, id=13176, stack(0x000000b03f400000,0x000000b03f500000)]
  0x0000029fbdb4b800 JavaThread "Asynchronous log dispatcher for DefaultDaemonConnection: socket connection from /127.0.0.1:50912 to /127.0.0.1:50913" [_thread_blocked, id=19996, stack(0x000000b03f500000,0x000000b03f600000)]
  0x0000029fbde2b000 JavaThread "Stdin handler" [_thread_blocked, id=9916, stack(0x000000b03f600000,0x000000b03f700000)]
  0x0000029fbebea800 JavaThread "Daemon client event forwarder" [_thread_blocked, id=26808, stack(0x000000b03f700000,0x000000b03f800000)]
  0x0000029fbebf0000 JavaThread "Cache worker for journal cache (C:\Users\kolosov-V\.gradle\caches\journal-1)" [_thread_blocked, id=18612, stack(0x000000b03f800000,0x000000b03f900000)]
  0x0000029fbebeb800 JavaThread "File lock request listener" [_thread_in_native, id=27908, stack(0x000000b03f900000,0x000000b03fa00000)]
  0x0000029fbebf1000 JavaThread "Cache worker for file hash cache (C:\Users\kolosov-V\.gradle\caches\7.3.3\fileHashes)" [_thread_blocked, id=16000, stack(0x000000b03fa00000,0x000000b03fb00000)]
  0x0000029fbd113800 JavaThread "C2 CompilerThread1" daemon [_thread_in_native, id=27104, stack(0x000000b03fc00000,0x000000b03fd00000)]
  0x0000029fbebec000 JavaThread "Cache worker for file hash cache (D:\Android_Projects\SmokeDigression\.gradle\7.3.3\fileHashes)" [_thread_blocked, id=28200, stack(0x000000b03fd00000,0x000000b03fe00000)]
  0x0000029fbebed000 JavaThread "File watcher server" daemon [_thread_in_native, id=22864, stack(0x000000b03ff00000,0x000000b040000000)]
  0x0000029fbebef800 JavaThread "File watcher consumer" daemon [_thread_blocked, id=14480, stack(0x000000b040000000,0x000000b040100000)]
  0x0000029fbebed800 JavaThread "Cache worker for checksums cache (D:\Android_Projects\SmokeDigression\.gradle\7.3.3\checksums)" [_thread_blocked, id=4608, stack(0x000000b03fe00000,0x000000b03ff00000)]
  0x0000029fbebee800 JavaThread "Cache worker for cache directory md-supplier (C:\Users\kolosov-V\.gradle\caches\7.3.3\md-supplier)" [_thread_blocked, id=26556, stack(0x000000b040100000,0x000000b040200000)]
  0x0000029fbf1aa800 JavaThread "Cache worker for cache directory md-rule (C:\Users\kolosov-V\.gradle\caches\7.3.3\md-rule)" [_thread_blocked, id=6972, stack(0x000000b040200000,0x000000b040300000)]
  0x0000029fbf1ae800 JavaThread "Cache worker for execution history cache (C:\Users\kolosov-V\.gradle\caches\7.3.3\executionHistory)" [_thread_blocked, id=11784, stack(0x000000b040300000,0x000000b040400000)]
  0x0000029fbf1ac000 JavaThread "jar transforms" [_thread_blocked, id=5160, stack(0x000000b040500000,0x000000b040600000)]
  0x0000029fbf1af800 JavaThread "Cache worker for file content cache (C:\Users\kolosov-V\.gradle\caches\7.3.3\fileContent)" [_thread_blocked, id=26956, stack(0x000000b040600000,0x000000b040700000)]
  0x0000029fbf1b1000 JavaThread "jar transforms Thread 2" [_thread_blocked, id=28180, stack(0x000000b040700000,0x000000b040800000)]
  0x0000029fbf1ab800 JavaThread "Cache worker for dependencies-accessors (D:\Android_Projects\SmokeDigression\.gradle\7.3.3\dependencies-accessors)" [_thread_blocked, id=27576, stack(0x000000b040800000,0x000000b040900000)]
  0x0000029fbf1b5000 JavaThread "jar transforms Thread 3" [_thread_blocked, id=26608, stack(0x000000b040900000,0x000000b040a00000)]
  0x0000029fbf1b7800 JavaThread "Cache worker for Build Output Cleanup Cache (D:\Android_Projects\SmokeDigression\.gradle\buildOutputCleanup)" [_thread_blocked, id=21440, stack(0x000000b040a00000,0x000000b040b00000)]
  0x0000029fbf1b2800 JavaThread "Unconstrained build operations" [_thread_blocked, id=26176, stack(0x000000b040b00000,0x000000b040c00000)]
  0x0000029fbf1b3800 JavaThread "Unconstrained build operations Thread 2" [_thread_blocked, id=25056, stack(0x000000b040c00000,0x000000b040d00000)]
  0x0000029fbf1b4000 JavaThread "Unconstrained build operations Thread 3" [_thread_blocked, id=19332, stack(0x000000b040d00000,0x000000b040e00000)]
  0x0000029fbf1b2000 JavaThread "Unconstrained build operations Thread 4" [_thread_blocked, id=15660, stack(0x000000b040e00000,0x000000b040f00000)]
  0x0000029fbf1b6000 JavaThread "Unconstrained build operations Thread 5" [_thread_blocked, id=27664, stack(0x000000b040f00000,0x000000b041000000)]
  0x0000029fbf1b6800 JavaThread "Unconstrained build operations Thread 6" [_thread_blocked, id=14208, stack(0x000000b041000000,0x000000b041100000)]
  0x0000029fbf1b8800 JavaThread "Unconstrained build operations Thread 7" [_thread_blocked, id=11404, stack(0x000000b041100000,0x000000b041200000)]
  0x0000029fbf1b9000 JavaThread "Unconstrained build operations Thread 8" [_thread_blocked, id=14580, stack(0x000000b041200000,0x000000b041300000)]
  0x0000029fbd9e9000 JavaThread "Unconstrained build operations Thread 9" [_thread_blocked, id=27016, stack(0x000000b041300000,0x000000b041400000)]
  0x0000029fbd9e7800 JavaThread "Unconstrained build operations Thread 10" [_thread_blocked, id=13540, stack(0x000000b041400000,0x000000b041500000)]
  0x0000029fbd9ee000 JavaThread "Unconstrained build operations Thread 11" [_thread_blocked, id=26336, stack(0x000000b041500000,0x000000b041600000)]
  0x0000029fbd9e8000 JavaThread "Unconstrained build operations Thread 12" [_thread_blocked, id=17944, stack(0x000000b041600000,0x000000b041700000)]
  0x0000029fbd9ed000 JavaThread "Unconstrained build operations Thread 13" [_thread_blocked, id=10592, stack(0x000000b041700000,0x000000b041800000)]
  0x0000029fbd9eb800 JavaThread "Unconstrained build operations Thread 14" [_thread_blocked, id=7244, stack(0x000000b041800000,0x000000b041900000)]
  0x0000029fbd9ee800 JavaThread "Unconstrained build operations Thread 15" [_thread_blocked, id=27392, stack(0x000000b041900000,0x000000b041a00000)]
  0x0000029fbd9ec000 JavaThread "Unconstrained build operations Thread 16" [_thread_blocked, id=17228, stack(0x000000b041a00000,0x000000b041b00000)]
  0x0000029fbd9ea800 JavaThread "Unconstrained build operations Thread 17" [_thread_blocked, id=6448, stack(0x000000b041b00000,0x000000b041c00000)]
  0x0000029fbd9ef800 JavaThread "Unconstrained build operations Thread 18" [_thread_blocked, id=23948, stack(0x000000b041c00000,0x000000b041d00000)]
  0x0000029fbd9ea000 JavaThread "Unconstrained build operations Thread 19" [_thread_blocked, id=17444, stack(0x000000b041d00000,0x000000b041e00000)]
  0x0000029fbd9f4800 JavaThread "Unconstrained build operations Thread 20" [_thread_blocked, id=22588, stack(0x000000b041e00000,0x000000b041f00000)]
  0x0000029fbd9f5000 JavaThread "Unconstrained build operations Thread 21" [_thread_blocked, id=24544, stack(0x000000b041f00000,0x000000b042000000)]
  0x0000029fbd9f1000 JavaThread "Unconstrained build operations Thread 22" [_thread_blocked, id=20156, stack(0x000000b042000000,0x000000b042100000)]
  0x0000029fbd9f6000 JavaThread "Unconstrained build operations Thread 23" [_thread_blocked, id=27444, stack(0x000000b042100000,0x000000b042200000)]
  0x0000029fbd9f0800 JavaThread "Unconstrained build operations Thread 24" [_thread_blocked, id=25604, stack(0x000000b042200000,0x000000b042300000)]
  0x0000029fbd9f2000 JavaThread "Unconstrained build operations Thread 25" [_thread_blocked, id=15252, stack(0x000000b042300000,0x000000b042400000)]
  0x0000029fbd9f2800 JavaThread "Unconstrained build operations Thread 26" [_thread_blocked, id=11436, stack(0x000000b042400000,0x000000b042500000)]
  0x0000029fbd9f3800 JavaThread "Unconstrained build operations Thread 27" [_thread_blocked, id=27036, stack(0x000000b042500000,0x000000b042600000)]
  0x0000029fbdc52800 JavaThread "Unconstrained build operations Thread 28" [_thread_blocked, id=12824, stack(0x000000b042600000,0x000000b042700000)]
  0x0000029fbdc53000 JavaThread "Unconstrained build operations Thread 29" [_thread_blocked, id=25652, stack(0x000000b042700000,0x000000b042800000)]
  0x0000029fbdc55000 JavaThread "Unconstrained build operations Thread 30" [_thread_blocked, id=11924, stack(0x000000b042800000,0x000000b042900000)]
  0x0000029fbdc54000 JavaThread "Unconstrained build operations Thread 31" [_thread_blocked, id=21928, stack(0x000000b042900000,0x000000b042a00000)]
  0x0000029fbdc4f000 JavaThread "Unconstrained build operations Thread 32" [_thread_blocked, id=28080, stack(0x000000b042a00000,0x000000b042b00000)]
  0x0000029fbdc55800 JavaThread "Unconstrained build operations Thread 33" [_thread_blocked, id=21648, stack(0x000000b042b00000,0x000000b042c00000)]
  0x0000029fbdc50800 JavaThread "Unconstrained build operations Thread 34" [_thread_blocked, id=888, stack(0x000000b042c00000,0x000000b042d00000)]
  0x0000029fbdc50000 JavaThread "Unconstrained build operations Thread 35" [_thread_blocked, id=11840, stack(0x000000b042d00000,0x000000b042e00000)]
  0x0000029fbdc51800 JavaThread "Unconstrained build operations Thread 36" [_thread_blocked, id=11464, stack(0x000000b042e00000,0x000000b042f00000)]
  0x0000029fbec5c800 JavaThread "Unconstrained build operations Thread 37" [_thread_blocked, id=28640, stack(0x000000b042f00000,0x000000b043000000)]
  0x0000029fbec5b800 JavaThread "Unconstrained build operations Thread 38" [_thread_blocked, id=26440, stack(0x000000b043000000,0x000000b043100000)]
  0x0000029fbec5e000 JavaThread "Unconstrained build operations Thread 39" [_thread_blocked, id=26252, stack(0x000000b043100000,0x000000b043200000)]
  0x0000029fbec5a800 JavaThread "Unconstrained build operations Thread 40" [_thread_blocked, id=1188, stack(0x000000b043200000,0x000000b043300000)]
  0x0000029fbec60800 JavaThread "Unconstrained build operations Thread 41" [_thread_blocked, id=12336, stack(0x000000b043300000,0x000000b043400000)]
  0x0000029fbec5f000 JavaThread "Unconstrained build operations Thread 42" [_thread_blocked, id=11556, stack(0x000000b043400000,0x000000b043500000)]
  0x0000029fbec5f800 JavaThread "Unconstrained build operations Thread 43" [_thread_blocked, id=28372, stack(0x000000b043500000,0x000000b043600000)]
  0x0000029fbec61800 JavaThread "Unconstrained build operations Thread 44" [_thread_blocked, id=19364, stack(0x000000b043600000,0x000000b043700000)]
  0x0000029fbec62000 JavaThread "Unconstrained build operations Thread 45" [_thread_blocked, id=1076, stack(0x000000b043700000,0x000000b043800000)]
  0x0000029fbec5d000 JavaThread "Unconstrained build operations Thread 46" [_thread_blocked, id=28668, stack(0x000000b043800000,0x000000b043900000)]
  0x0000029fbec68000 JavaThread "Unconstrained build operations Thread 47" [_thread_blocked, id=25912, stack(0x000000b043900000,0x000000b043a00000)]
  0x0000029fbec66000 JavaThread "Unconstrained build operations Thread 48" [_thread_blocked, id=23516, stack(0x000000b043a00000,0x000000b043b00000)]
  0x0000029fbec63000 JavaThread "Unconstrained build operations Thread 49" [_thread_blocked, id=26220, stack(0x000000b043b00000,0x000000b043c00000)]
  0x0000029fbec64800 JavaThread "Unconstrained build operations Thread 50" [_thread_blocked, id=11360, stack(0x000000b043c00000,0x000000b043d00000)]
  0x0000029fbec68800 JavaThread "Unconstrained build operations Thread 51" [_thread_blocked, id=12724, stack(0x000000b043d00000,0x000000b043e00000)]
  0x0000029fbec63800 JavaThread "Unconstrained build operations Thread 52" [_thread_blocked, id=24900, stack(0x000000b043e00000,0x000000b043f00000)]
  0x0000029fbec67000 JavaThread "Unconstrained build operations Thread 53" [_thread_blocked, id=26912, stack(0x000000b043f00000,0x000000b044000000)]
  0x0000029fbec69800 JavaThread "Unconstrained build operations Thread 54" [_thread_blocked, id=19084, stack(0x000000b044000000,0x000000b044100000)]
  0x0000029fbec65800 JavaThread "Unconstrained build operations Thread 55" [_thread_blocked, id=18504, stack(0x000000b044100000,0x000000b044200000)]
  0x0000029fc1724800 JavaThread "Unconstrained build operations Thread 56" [_thread_blocked, id=2672, stack(0x000000b044200000,0x000000b044300000)]
  0x0000029fc1725800 JavaThread "Unconstrained build operations Thread 57" [_thread_blocked, id=11680, stack(0x000000b044300000,0x000000b044400000)]
  0x0000029fc1724000 JavaThread "Unconstrained build operations Thread 58" [_thread_blocked, id=16316, stack(0x000000b044400000,0x000000b044500000)]
  0x0000029fc172b000 JavaThread "Unconstrained build operations Thread 59" [_thread_blocked, id=2296, stack(0x000000b044500000,0x000000b044600000)]
  0x0000029fc1726800 JavaThread "Unconstrained build operations Thread 60" [_thread_blocked, id=14316, stack(0x000000b044600000,0x000000b044700000)]
  0x0000029fc1728000 JavaThread "Unconstrained build operations Thread 61" [_thread_blocked, id=26048, stack(0x000000b044700000,0x000000b044800000)]
  0x0000029fc1728800 JavaThread "Unconstrained build operations Thread 62" [_thread_blocked, id=16884, stack(0x000000b044800000,0x000000b044900000)]
  0x0000029fc172d000 JavaThread "Unconstrained build operations Thread 63" [_thread_blocked, id=24324, stack(0x000000b044900000,0x000000b044a00000)]
  0x0000029fc1727000 JavaThread "Unconstrained build operations Thread 64" [_thread_blocked, id=17324, stack(0x000000b044a00000,0x000000b044b00000)]
  0x0000029fc172d800 JavaThread "Unconstrained build operations Thread 65" [_thread_blocked, id=11352, stack(0x000000b044b00000,0x000000b044c00000)]
  0x0000029fc172e800 JavaThread "Unconstrained build operations Thread 66" [_thread_blocked, id=26272, stack(0x000000b044c00000,0x000000b044d00000)]
  0x0000029fc172a800 JavaThread "Unconstrained build operations Thread 67" [_thread_blocked, id=26988, stack(0x000000b044d00000,0x000000b044e00000)]
  0x0000029fc172c000 JavaThread "Unconstrained build operations Thread 68" [_thread_blocked, id=22128, stack(0x000000b044e00000,0x000000b044f00000)]
  0x0000029fc172f800 JavaThread "Unconstrained build operations Thread 69" [_thread_blocked, id=1144, stack(0x000000b044f00000,0x000000b045000000)]
  0x0000029fc1729800 JavaThread "Unconstrained build operations Thread 70" [_thread_blocked, id=21904, stack(0x000000b045000000,0x000000b045100000)]
  0x0000029fc1730000 JavaThread "Unconstrained build operations Thread 71" [_thread_blocked, id=26692, stack(0x000000b045100000,0x000000b045200000)]
  0x0000029fc1731000 JavaThread "Unconstrained build operations Thread 72" [_thread_blocked, id=20248, stack(0x000000b045200000,0x000000b045300000)]
  0x0000029fc1732800 JavaThread "Unconstrained build operations Thread 73" [_thread_blocked, id=18420, stack(0x000000b045300000,0x000000b045400000)]
  0x0000029fc1731800 JavaThread "Unconstrained build operations Thread 74" [_thread_blocked, id=2336, stack(0x000000b045400000,0x000000b045500000)]
  0x0000029fbbcd4000 JavaThread "Unconstrained build operations Thread 75" [_thread_blocked, id=27128, stack(0x000000b045500000,0x000000b045600000)]
  0x0000029fbbcd0000 JavaThread "Unconstrained build operations Thread 76" [_thread_blocked, id=27396, stack(0x000000b045600000,0x000000b045700000)]
  0x0000029fbbcd3000 JavaThread "Unconstrained build operations Thread 77" [_thread_blocked, id=6908, stack(0x000000b045700000,0x000000b045800000)]
  0x0000029fbbcd6800 JavaThread "Unconstrained build operations Thread 78" [_thread_blocked, id=5896, stack(0x000000b045800000,0x000000b045900000)]
  0x0000029fbbcd5000 JavaThread "Unconstrained build operations Thread 79" [_thread_blocked, id=11812, stack(0x000000b045900000,0x000000b045a00000)]
  0x0000029fbbcd5800 JavaThread "Unconstrained build operations Thread 80" [_thread_blocked, id=9104, stack(0x000000b045a00000,0x000000b045b00000)]
  0x0000029fbbcd0800 JavaThread "jar transforms Thread 4" [_thread_blocked, id=19756, stack(0x000000b045b00000,0x000000b045c00000)]
  0x0000029fbbcd7000 JavaThread "jar transforms Thread 5" [_thread_blocked, id=25104, stack(0x000000b045c00000,0x000000b045d00000)]
  0x0000029fbbcd2800 JavaThread "jar transforms Thread 6" [_thread_blocked, id=3324, stack(0x000000b045d00000,0x000000b045e00000)]
  0x0000029fbbcd1800 JavaThread "jar transforms Thread 7" [_thread_blocked, id=4488, stack(0x000000b045e00000,0x000000b045f00000)]
  0x0000029fbbcdb800 JavaThread "jar transforms Thread 8" [_thread_blocked, id=22156, stack(0x000000b045f00000,0x000000b046000000)]
=>0x0000029fbbcdc000 JavaThread "C2 CompilerThread2" daemon [_thread_in_native, id=26948, stack(0x000000b040400000,0x000000b040500000)]
  0x0000029fbbcdd000 JavaThread "Memory manager" [_thread_blocked, id=24184, stack(0x000000b046000000,0x000000b046100000)]
  0x0000029fbbcde000 JavaThread "build event listener" [_thread_blocked, id=26284, stack(0x000000b046100000,0x000000b046200000)]
  0x0000029fbbcde800 JavaThread "Execution worker for ':'" [_thread_blocked, id=20316, stack(0x000000b046200000,0x000000b046300000)]
  0x0000029fbbcd9800 JavaThread "Execution worker for ':' Thread 2" [_thread_blocked, id=16900, stack(0x000000b046300000,0x000000b046400000)]
  0x0000029fbbcd9000 JavaThread "Execution worker for ':' Thread 3" [_thread_blocked, id=25200, stack(0x000000b046400000,0x000000b046500000)]
  0x0000029fbbcda800 JavaThread "Execution worker for ':' Thread 4" [_thread_blocked, id=18864, stack(0x000000b046500000,0x000000b046600000)]
  0x0000029fbbd41000 JavaThread "Execution worker for ':' Thread 5" [_thread_blocked, id=18428, stack(0x000000b046600000,0x000000b046700000)]
  0x0000029fbbd42800 JavaThread "Execution worker for ':' Thread 6" [_thread_blocked, id=9052, stack(0x000000b046700000,0x000000b046800000)]
  0x0000029fbbd45000 JavaThread "Execution worker for ':' Thread 7" [_thread_blocked, id=9056, stack(0x000000b046800000,0x000000b046900000)]
  0x0000029fbbd46800 JavaThread "Cache worker for execution history cache (D:\Android_Projects\SmokeDigression\.gradle\7.3.3\executionHistory)" [_thread_blocked, id=24008, stack(0x000000b046900000,0x000000b046a00000)]
  0x0000029fbbd46000 JavaThread "WorkerExecutor Queue" [_thread_in_vm, id=9836, stack(0x000000b046a00000,0x000000b046b00000)]
  0x0000029fbbd42000 JavaThread "WorkerExecutor Queue Thread 2" [_thread_blocked, id=15080, stack(0x000000b046b00000,0x000000b046c00000)]
  0x0000029fbbd49000 JavaThread "WorkerExecutor Queue Thread 3" [_thread_blocked, id=912, stack(0x000000b046c00000,0x000000b046d00000)]
  0x0000029fbbd47800 JavaThread "WorkerExecutor Queue Thread 4" [_thread_blocked, id=28284, stack(0x000000b046d00000,0x000000b046e00000)]
  0x0000029fbbd48800 JavaThread "WorkerExecutor Queue Thread 5" [_thread_blocked, id=26588, stack(0x000000b046e00000,0x000000b046f00000)]
  0x0000029fbbd43800 JavaThread "WorkerExecutor Queue Thread 6" [_thread_blocked, id=6852, stack(0x000000b046f00000,0x000000b047000000)]
  0x0000029fbbd4a000 JavaThread "WorkerExecutor Queue Thread 7" [_thread_blocked, id=28216, stack(0x000000b047000000,0x000000b047100000)]
  0x0000029fbbd4f000 JavaThread "WorkerExecutor Queue Thread 9" [_thread_blocked, id=11368, stack(0x000000b047200000,0x000000b047300000)]
  0x0000029fbbd4b000 JavaThread "pool-3-thread-1" [_thread_blocked, id=3160, stack(0x000000b047300000,0x000000b047400000)]
  0x0000029fbbd4e000 JavaThread "stderr" [_thread_in_native, id=3992, stack(0x000000b047400000,0x000000b047500000)]
  0x0000029fbbd4f800 JavaThread "stdout" [_thread_in_native, id=27688, stack(0x000000b047500000,0x000000b047600000)]
  0x0000029fbbd4b800 JavaThread "ForkJoinPool-1-worker-3" daemon [_thread_blocked, id=21528, stack(0x000000b047b00000,0x000000b047c00000)]
  0x0000029fbbd4c800 JavaThread "ForkJoinPool-1-worker-5" daemon [_thread_blocked, id=23964, stack(0x000000b047c00000,0x000000b047d00000)]
  0x0000029fbbe26000 JavaThread "ForkJoinPool-1-worker-7" daemon [_thread_blocked, id=28456, stack(0x000000b047d00000,0x000000b047e00000)]
  0x0000029fbbe25000 JavaThread "ForkJoinPool-1-worker-9" daemon [_thread_blocked, id=28160, stack(0x000000b047e00000,0x000000b047f00000)]
  0x0000029fbbe22000 JavaThread "ForkJoinPool-1-worker-11" daemon [_thread_blocked, id=14880, stack(0x000000b047f00000,0x000000b048000000)]
  0x0000029fbbe22800 JavaThread "ForkJoinPool-1-worker-13" daemon [_thread_blocked, id=23848, stack(0x000000b048000000,0x000000b048100000)]
  0x0000029fbbe21000 JavaThread "ForkJoinPool-1-worker-15" daemon [_thread_blocked, id=23804, stack(0x000000b048100000,0x000000b048200000)]
  0x0000029fbbe24000 JavaThread "ForkJoinPool-1-worker-1" daemon [_thread_blocked, id=9872, stack(0x000000b048200000,0x000000b048300000)]

Other Threads:
  0x0000029fbb778800 VMThread "VM Thread" [stack: 0x000000b03dc00000,0x000000b03dd00000] [id=25640]
  0x0000029fbb96a000 WatcherThread [stack: 0x000000b03e600000,0x000000b03e700000] [id=2016]
  0x0000029fa0202800 GCTaskThread "GC Thread#0" [stack: 0x000000b03d700000,0x000000b03d800000] [id=26384]
  0x0000029fbc379800 GCTaskThread "GC Thread#1" [stack: 0x000000b03e900000,0x000000b03ea00000] [id=20808]
  0x0000029fbbf9a800 GCTaskThread "GC Thread#2" [stack: 0x000000b03ea00000,0x000000b03eb00000] [id=14004]
  0x0000029fbcaa7800 GCTaskThread "GC Thread#3" [stack: 0x000000b03eb00000,0x000000b03ec00000] [id=23800]
  0x0000029fbbe12000 GCTaskThread "GC Thread#4" [stack: 0x000000b03ec00000,0x000000b03ed00000] [id=24264]
  0x0000029fbc1d5800 GCTaskThread "GC Thread#5" [stack: 0x000000b03ed00000,0x000000b03ee00000] [id=28228]
  0x0000029fbc2f4800 GCTaskThread "GC Thread#6" [stack: 0x000000b03ee00000,0x000000b03ef00000] [id=28584]
  0x0000029fbc93f800 GCTaskThread "GC Thread#7" [stack: 0x000000b03ef00000,0x000000b03f000000] [id=14304]
  0x0000029fa0234800 ConcurrentGCThread "G1 Main Marker" [stack: 0x000000b03d800000,0x000000b03d900000] [id=25124]
  0x0000029fa0236000 ConcurrentGCThread "G1 Conc#0" [stack: 0x000000b03d900000,0x000000b03da00000] [id=26276]
  0x0000029fbdbc7000 ConcurrentGCThread "G1 Conc#1" [stack: 0x000000b03fb00000,0x000000b03fc00000] [id=11936]
  0x0000029fbadbe800 ConcurrentGCThread "G1 Refine#0" [stack: 0x000000b03da00000,0x000000b03db00000] [id=18924]
  0x0000029fbeb97800 ConcurrentGCThread "G1 Refine#1" [stack: 0x000000b047600000,0x000000b047700000] [id=1864]
  0x0000029fbeb98800 ConcurrentGCThread "G1 Refine#2" [stack: 0x000000b047700000,0x000000b047800000] [id=13700]
  0x0000029fbeb9a800 ConcurrentGCThread "G1 Refine#3" [stack: 0x000000b047800000,0x000000b047900000] [id=19868]
  0x0000029fbeb94000 ConcurrentGCThread "G1 Refine#4" [stack: 0x000000b047900000,0x000000b047a00000] [id=26120]
  0x0000029fbeb9b000 ConcurrentGCThread "G1 Refine#5" [stack: 0x000000b047a00000,0x000000b047b00000] [id=27384]
  0x0000029fbeb99000 ConcurrentGCThread "G1 Refine#6" [stack: 0x000000b048300000,0x000000b048400000] [id=26428]
  0x0000029fbadbf800 ConcurrentGCThread "G1 Young RemSet Sampling" [stack: 0x000000b03db00000,0x000000b03dc00000] [id=20172]

Threads with active compile tasks:
C2 CompilerThread0  16587 13823 %     4       com.android.tools.r8.dex.j::a @ 44 (1042 bytes)
C1 CompilerThread0  16587 14510       2       com.android.tools.r8.internal.D9::a (859 bytes)
C2 CompilerThread1  16588 14343 %     4       com.android.tools.r8.code.y1::a @ 20 (4129 bytes)
C2 CompilerThread2  16588 13932 %     4       com.android.tools.r8.dex.j::e @ 34 (664 bytes)

VM state:not at safepoint (normal execution)

VM Mutex/Monitor currently owned by a thread: None

Heap address: 0x0000000080000000, size: 2048 MB, Compressed Oops mode: 32-bit
Narrow klass base: 0x0000000000000000, Narrow klass shift: 3
Compressed class space size: 1073741824 Address: 0x0000000100000000

Heap:
 garbage-first heap   total 520192K, used 300544K [0x0000000080000000, 0x0000000100000000)
  region size 1024K, 72 young (73728K), 19 survivors (19456K)
 Metaspace       used 108724K, capacity 111432K, committed 111692K, reserved 1146880K
  class space    used 13940K, capacity 14915K, committed 14924K, reserved 1048576K
Heap Regions: E=young(eden), S=young(survivor), O=old, HS=humongous(starts), HC=humongous(continues), CS=collection set, F=free, A=archive, TAMS=top-at-mark-start (previous, next)
|   0|0x0000000080000000, 0x0000000080100000, 0x0000000080100000|100%| O|  |TAMS 0x0000000080100000, 0x0000000080000000| Untracked 
|   1|0x0000000080100000, 0x0000000080200000, 0x0000000080200000|100%| O|  |TAMS 0x0000000080200000, 0x0000000080100000| Untracked 
|   2|0x0000000080200000, 0x0000000080300000, 0x0000000080300000|100%| O|  |TAMS 0x0000000080300000, 0x0000000080200000| Untracked 
|   3|0x0000000080300000, 0x0000000080400000, 0x0000000080400000|100%|HS|  |TAMS 0x0000000080400000, 0x0000000080300000| Complete 
|   4|0x0000000080400000, 0x0000000080500000, 0x0000000080500000|100%|HC|  |TAMS 0x0000000080500000, 0x0000000080400000| Complete 
|   5|0x0000000080500000, 0x0000000080600000, 0x0000000080600000|100%|HC|  |TAMS 0x0000000080600000, 0x0000000080500000| Complete 
|   6|0x0000000080600000, 0x0000000080700000, 0x0000000080700000|100%| O|  |TAMS 0x0000000080700000, 0x0000000080600000| Untracked 
|   7|0x0000000080700000, 0x0000000080800000, 0x0000000080800000|100%| O|  |TAMS 0x0000000080800000, 0x0000000080700000| Untracked 
|   8|0x0000000080800000, 0x0000000080900000, 0x0000000080900000|100%| O|  |TAMS 0x0000000080900000, 0x0000000080800000| Untracked 
|   9|0x0000000080900000, 0x0000000080a00000, 0x0000000080a00000|100%| O|  |TAMS 0x0000000080a00000, 0x0000000080900000| Untracked 
|  10|0x0000000080a00000, 0x0000000080b00000, 0x0000000080b00000|100%| O|  |TAMS 0x0000000080b00000, 0x0000000080a00000| Untracked 
|  11|0x0000000080b00000, 0x0000000080c00000, 0x0000000080c00000|100%| O|  |TAMS 0x0000000080c00000, 0x0000000080b00000| Untracked 
|  12|0x0000000080c00000, 0x0000000080d00000, 0x0000000080d00000|100%| O|  |TAMS 0x0000000080d00000, 0x0000000080c00000| Untracked 
|  13|0x0000000080d00000, 0x0000000080e00000, 0x0000000080e00000|100%| O|  |TAMS 0x0000000080e00000, 0x0000000080d00000| Untracked 
|  14|0x0000000080e00000, 0x0000000080f00000, 0x0000000080f00000|100%| O|  |TAMS 0x0000000080f00000, 0x0000000080e00000| Untracked 
|  15|0x0000000080f00000, 0x0000000081000000, 0x0000000081000000|100%| O|  |TAMS 0x0000000081000000, 0x0000000080f00000| Untracked 
|  16|0x0000000081000000, 0x0000000081100000, 0x0000000081100000|100%| O|  |TAMS 0x0000000081100000, 0x0000000081000000| Untracked 
|  17|0x0000000081100000, 0x0000000081200000, 0x0000000081200000|100%|HS|  |TAMS 0x0000000081200000, 0x0000000081100000| Complete 
|  18|0x0000000081200000, 0x0000000081300000, 0x0000000081300000|100%|HS|  |TAMS 0x0000000081300000, 0x0000000081200000| Complete 
|  19|0x0000000081300000, 0x0000000081400000, 0x0000000081400000|100%|HS|  |TAMS 0x0000000081400000, 0x0000000081300000| Complete 
|  20|0x0000000081400000, 0x0000000081500000, 0x0000000081500000|100%|HS|  |TAMS 0x0000000081500000, 0x0000000081400000| Complete 
|  21|0x0000000081500000, 0x0000000081600000, 0x0000000081600000|100%|HC|  |TAMS 0x0000000081600000, 0x0000000081500000| Complete 
|  22|0x0000000081600000, 0x0000000081700000, 0x0000000081700000|100%|HC|  |TAMS 0x0000000081700000, 0x0000000081600000| Complete 
|  23|0x0000000081700000, 0x0000000081800000, 0x0000000081800000|100%|HS|  |TAMS 0x0000000081800000, 0x0000000081700000| Complete 
|  24|0x0000000081800000, 0x0000000081900000, 0x0000000081900000|100%|HC|  |TAMS 0x0000000081900000, 0x0000000081800000| Complete 
|  25|0x0000000081900000, 0x0000000081a00000, 0x0000000081a00000|100%|HS|  |TAMS 0x0000000081900000, 0x0000000081900000| Complete 
|  26|0x0000000081a00000, 0x0000000081b00000, 0x0000000081b00000|100%| O|  |TAMS 0x0000000081b00000, 0x0000000081a00000| Untracked 
|  27|0x0000000081b00000, 0x0000000081c00000, 0x0000000081c00000|100%| O|  |TAMS 0x0000000081c00000, 0x0000000081b00000| Untracked 
|  28|0x0000000081c00000, 0x0000000081d00000, 0x0000000081d00000|100%| O|  |TAMS 0x0000000081d00000, 0x0000000081c00000| Untracked 
|  29|0x0000000081d00000, 0x0000000081e00000, 0x0000000081e00000|100%| O|  |TAMS 0x0000000081e00000, 0x0000000081d00000| Untracked 
|  30|0x0000000081e00000, 0x0000000081f00000, 0x0000000081f00000|100%| O|  |TAMS 0x0000000081f00000, 0x0000000081e00000| Untracked 
|  31|0x0000000081f00000, 0x0000000082000000, 0x0000000082000000|100%| O|  |TAMS 0x0000000082000000, 0x0000000081f00000| Untracked 
|  32|0x0000000082000000, 0x0000000082100000, 0x0000000082100000|100%| O|  |TAMS 0x0000000082100000, 0x0000000082000000| Untracked 
|  33|0x0000000082100000, 0x0000000082200000, 0x0000000082200000|100%| O|  |TAMS 0x0000000082200000, 0x0000000082100000| Untracked 
|  34|0x0000000082200000, 0x0000000082300000, 0x0000000082300000|100%| O|  |TAMS 0x0000000082300000, 0x0000000082200000| Untracked 
|  35|0x0000000082300000, 0x0000000082400000, 0x0000000082400000|100%| O|  |TAMS 0x0000000082400000, 0x0000000082300000| Untracked 
|  36|0x0000000082400000, 0x0000000082500000, 0x0000000082500000|100%| O|  |TAMS 0x0000000082500000, 0x0000000082400000| Untracked 
|  37|0x0000000082500000, 0x0000000082600000, 0x0000000082600000|100%| O|  |TAMS 0x0000000082569e00, 0x0000000082500000| Untracked 
|  38|0x0000000082600000, 0x0000000082700000, 0x0000000082700000|100%|HS|  |TAMS 0x0000000082600000, 0x0000000082600000| Complete 
|  39|0x0000000082700000, 0x0000000082800000, 0x0000000082800000|100%|HC|  |TAMS 0x0000000082700000, 0x0000000082700000| Complete 
|  40|0x0000000082800000, 0x0000000082900000, 0x0000000082900000|100%|HS|  |TAMS 0x0000000082800000, 0x0000000082800000| Complete 
|  41|0x0000000082900000, 0x0000000082a00000, 0x0000000082a00000|100%|HC|  |TAMS 0x0000000082900000, 0x0000000082900000| Complete 
|  42|0x0000000082a00000, 0x0000000082b00000, 0x0000000082b00000|100%|HS|  |TAMS 0x0000000082a00000, 0x0000000082a00000| Complete 
|  43|0x0000000082b00000, 0x0000000082c00000, 0x0000000082c00000|100%|HS|  |TAMS 0x0000000082b00000, 0x0000000082b00000| Complete 
|  44|0x0000000082c00000, 0x0000000082d00000, 0x0000000082d00000|100%|HS|  |TAMS 0x0000000082c00000, 0x0000000082c00000| Complete 
|  45|0x0000000082d00000, 0x0000000082e00000, 0x0000000082e00000|100%|HC|  |TAMS 0x0000000082d00000, 0x0000000082d00000| Complete 
|  46|0x0000000082e00000, 0x0000000082f00000, 0x0000000082f00000|100%|HC|  |TAMS 0x0000000082e00000, 0x0000000082e00000| Complete 
|  47|0x0000000082f00000, 0x0000000083000000, 0x0000000083000000|100%|HS|  |TAMS 0x0000000082f00000, 0x0000000082f00000| Complete 
|  48|0x0000000083000000, 0x0000000083100000, 0x0000000083100000|100%|HC|  |TAMS 0x0000000083000000, 0x0000000083000000| Complete 
|  49|0x0000000083100000, 0x0000000083200000, 0x0000000083200000|100%|HC|  |TAMS 0x0000000083100000, 0x0000000083100000| Complete 
|  50|0x0000000083200000, 0x0000000083300000, 0x0000000083300000|100%|HS|  |TAMS 0x0000000083200000, 0x0000000083200000| Complete 
|  51|0x0000000083300000, 0x0000000083400000, 0x0000000083400000|100%|HS|  |TAMS 0x0000000083300000, 0x0000000083300000| Complete 
|  52|0x0000000083400000, 0x0000000083500000, 0x0000000083500000|100%|HS|  |TAMS 0x0000000083400000, 0x0000000083400000| Complete 
|  53|0x0000000083500000, 0x0000000083600000, 0x0000000083600000|100%|HC|  |TAMS 0x0000000083500000, 0x0000000083500000| Complete 
|  54|0x0000000083600000, 0x0000000083700000, 0x0000000083700000|100%|HS|  |TAMS 0x0000000083600000, 0x0000000083600000| Complete 
|  55|0x0000000083700000, 0x0000000083800000, 0x0000000083800000|100%|HC|  |TAMS 0x0000000083700000, 0x0000000083700000| Complete 
|  56|0x0000000083800000, 0x0000000083900000, 0x0000000083900000|100%|HC|  |TAMS 0x0000000083800000, 0x0000000083800000| Complete 
|  57|0x0000000083900000, 0x0000000083a00000, 0x0000000083a00000|100%| O|  |TAMS 0x0000000083900000, 0x0000000083900000| Untracked 
|  58|0x0000000083a00000, 0x0000000083b00000, 0x0000000083b00000|100%|HS|  |TAMS 0x0000000083a00000, 0x0000000083a00000| Complete 
|  59|0x0000000083b00000, 0x0000000083c00000, 0x0000000083c00000|100%|HS|  |TAMS 0x0000000083b00000, 0x0000000083b00000| Complete 
|  60|0x0000000083c00000, 0x0000000083d00000, 0x0000000083d00000|100%|HC|  |TAMS 0x0000000083c00000, 0x0000000083c00000| Complete 
|  61|0x0000000083d00000, 0x0000000083e00000, 0x0000000083e00000|100%| O|  |TAMS 0x0000000083d00000, 0x0000000083d00000| Untracked 
|  62|0x0000000083e00000, 0x0000000083f00000, 0x0000000083f00000|100%| O|  |TAMS 0x0000000083e00000, 0x0000000083e00000| Untracked 
|  63|0x0000000083f00000, 0x0000000084000000, 0x0000000084000000|100%| O|  |TAMS 0x0000000083f00000, 0x0000000083f00000| Untracked 
|  64|0x0000000084000000, 0x0000000084100000, 0x0000000084100000|100%| O|  |TAMS 0x0000000084000000, 0x0000000084000000| Untracked 
|  65|0x0000000084100000, 0x0000000084200000, 0x0000000084200000|100%| O|  |TAMS 0x0000000084100000, 0x0000000084100000| Untracked 
|  66|0x0000000084200000, 0x0000000084300000, 0x0000000084300000|100%| O|  |TAMS 0x0000000084200000, 0x0000000084200000| Untracked 
|  67|0x0000000084300000, 0x0000000084400000, 0x0000000084400000|100%| O|  |TAMS 0x0000000084300000, 0x0000000084300000| Untracked 
|  68|0x0000000084400000, 0x0000000084500000, 0x0000000084500000|100%| O|  |TAMS 0x0000000084400000, 0x0000000084400000| Untracked 
|  69|0x0000000084500000, 0x0000000084600000, 0x0000000084600000|100%| O|  |TAMS 0x0000000084500000, 0x0000000084500000| Untracked 
|  70|0x0000000084600000, 0x0000000084700000, 0x0000000084700000|100%| O|  |TAMS 0x0000000084600000, 0x0000000084600000| Untracked 
|  71|0x0000000084700000, 0x0000000084800000, 0x0000000084800000|100%| O|  |TAMS 0x0000000084700000, 0x0000000084700000| Untracked 
|  72|0x0000000084800000, 0x0000000084900000, 0x0000000084900000|100%| O|  |TAMS 0x0000000084800000, 0x0000000084800000| Untracked 
|  73|0x0000000084900000, 0x0000000084a00000, 0x0000000084a00000|100%| O|  |TAMS 0x0000000084900000, 0x0000000084900000| Untracked 
|  74|0x0000000084a00000, 0x0000000084b00000, 0x0000000084b00000|100%| O|  |TAMS 0x0000000084a00000, 0x0000000084a00000| Untracked 
|  75|0x0000000084b00000, 0x0000000084c00000, 0x0000000084c00000|100%| O|  |TAMS 0x0000000084b00000, 0x0000000084b00000| Untracked 
|  76|0x0000000084c00000, 0x0000000084d00000, 0x0000000084d00000|100%|HS|  |TAMS 0x0000000084c00000, 0x0000000084c00000| Complete 
|  77|0x0000000084d00000, 0x0000000084e00000, 0x0000000084e00000|100%|HC|  |TAMS 0x0000000084d00000, 0x0000000084d00000| Complete 
|  78|0x0000000084e00000, 0x0000000084f00000, 0x0000000084f00000|100%|HS|  |TAMS 0x0000000084e00000, 0x0000000084e00000| Complete 
|  79|0x0000000084f00000, 0x0000000085000000, 0x0000000085000000|100%|HC|  |TAMS 0x0000000084f00000, 0x0000000084f00000| Complete 
|  80|0x0000000085000000, 0x0000000085100000, 0x0000000085100000|100%| O|  |TAMS 0x0000000085000000, 0x0000000085000000| Untracked 
|  81|0x0000000085100000, 0x0000000085200000, 0x0000000085200000|100%|HS|  |TAMS 0x0000000085100000, 0x0000000085100000| Complete 
|  82|0x0000000085200000, 0x0000000085300000, 0x0000000085300000|100%|HC|  |TAMS 0x0000000085200000, 0x0000000085200000| Complete 
|  83|0x0000000085300000, 0x0000000085400000, 0x0000000085400000|100%| O|  |TAMS 0x0000000085300000, 0x0000000085300000| Untracked 
|  84|0x0000000085400000, 0x0000000085500000, 0x0000000085500000|100%|HS|  |TAMS 0x0000000085400000, 0x0000000085400000| Complete 
|  85|0x0000000085500000, 0x0000000085600000, 0x0000000085600000|100%| O|  |TAMS 0x0000000085500000, 0x0000000085500000| Untracked 
|  86|0x0000000085600000, 0x0000000085700000, 0x0000000085700000|100%|HS|  |TAMS 0x0000000085600000, 0x0000000085600000| Complete 
|  87|0x0000000085700000, 0x0000000085800000, 0x0000000085800000|100%| O|  |TAMS 0x0000000085700000, 0x0000000085700000| Untracked 
|  88|0x0000000085800000, 0x0000000085900000, 0x0000000085900000|100%| O|  |TAMS 0x0000000085800000, 0x0000000085800000| Untracked 
|  89|0x0000000085900000, 0x0000000085a00000, 0x0000000085a00000|100%| O|  |TAMS 0x0000000085900000, 0x0000000085900000| Untracked 
|  90|0x0000000085a00000, 0x0000000085b00000, 0x0000000085b00000|100%| O|  |TAMS 0x0000000085a00000, 0x0000000085a00000| Untracked 
|  91|0x0000000085b00000, 0x0000000085c00000, 0x0000000085c00000|100%| O|  |TAMS 0x0000000085b00000, 0x0000000085b00000| Untracked 
|  92|0x0000000085c00000, 0x0000000085d00000, 0x0000000085d00000|100%| O|  |TAMS 0x0000000085c00000, 0x0000000085c00000| Untracked 
|  93|0x0000000085d00000, 0x0000000085e00000, 0x0000000085e00000|100%|HS|  |TAMS 0x0000000085d00000, 0x0000000085d00000| Complete 
|  94|0x0000000085e00000, 0x0000000085f00000, 0x0000000085f00000|100%|HC|  |TAMS 0x0000000085e00000, 0x0000000085e00000| Complete 
|  95|0x0000000085f00000, 0x0000000086000000, 0x0000000086000000|100%|HC|  |TAMS 0x0000000085f00000, 0x0000000085f00000| Complete 
|  96|0x0000000086000000, 0x0000000086100000, 0x0000000086100000|100%| O|  |TAMS 0x0000000086000000, 0x0000000086000000| Untracked 
|  97|0x0000000086100000, 0x0000000086200000, 0x0000000086200000|100%| O|  |TAMS 0x0000000086100000, 0x0000000086100000| Untracked 
|  98|0x0000000086200000, 0x0000000086300000, 0x0000000086300000|100%| O|  |TAMS 0x0000000086200000, 0x0000000086200000| Untracked 
|  99|0x0000000086300000, 0x0000000086400000, 0x0000000086400000|100%| O|  |TAMS 0x0000000086300000, 0x0000000086300000| Untracked 
| 100|0x0000000086400000, 0x0000000086500000, 0x0000000086500000|100%| O|  |TAMS 0x0000000086400000, 0x0000000086400000| Untracked 
| 101|0x0000000086500000, 0x0000000086600000, 0x0000000086600000|100%| O|  |TAMS 0x0000000086500000, 0x0000000086500000| Untracked 
| 102|0x0000000086600000, 0x0000000086700000, 0x0000000086700000|100%|HS|  |TAMS 0x0000000086600000, 0x0000000086600000| Complete 
| 103|0x0000000086700000, 0x0000000086800000, 0x0000000086800000|100%|HC|  |TAMS 0x0000000086700000, 0x0000000086700000| Complete 
| 104|0x0000000086800000, 0x0000000086900000, 0x0000000086900000|100%|HC|  |TAMS 0x0000000086800000, 0x0000000086800000| Complete 
| 105|0x0000000086900000, 0x0000000086a00000, 0x0000000086a00000|100%| O|  |TAMS 0x0000000086900000, 0x0000000086900000| Untracked 
| 106|0x0000000086a00000, 0x0000000086b00000, 0x0000000086b00000|100%|HS|  |TAMS 0x0000000086a00000, 0x0000000086a00000| Complete 
| 107|0x0000000086b00000, 0x0000000086c00000, 0x0000000086c00000|100%| O|  |TAMS 0x0000000086b00000, 0x0000000086b00000| Untracked 
| 108|0x0000000086c00000, 0x0000000086d00000, 0x0000000086d00000|100%|HS|  |TAMS 0x0000000086c00000, 0x0000000086c00000| Complete 
| 109|0x0000000086d00000, 0x0000000086e00000, 0x0000000086e00000|100%| O|  |TAMS 0x0000000086d00000, 0x0000000086d00000| Untracked 
| 110|0x0000000086e00000, 0x0000000086f00000, 0x0000000086f00000|100%| O|  |TAMS 0x0000000086e00000, 0x0000000086e00000| Untracked 
| 111|0x0000000086f00000, 0x0000000087000000, 0x0000000087000000|100%| O|  |TAMS 0x0000000086f00000, 0x0000000086f00000| Untracked 
| 112|0x0000000087000000, 0x0000000087100000, 0x0000000087100000|100%|HS|  |TAMS 0x0000000087000000, 0x0000000087000000| Complete 
| 113|0x0000000087100000, 0x0000000087200000, 0x0000000087200000|100%|HC|  |TAMS 0x0000000087100000, 0x0000000087100000| Complete 
| 114|0x0000000087200000, 0x0000000087300000, 0x0000000087300000|100%| O|  |TAMS 0x0000000087200000, 0x0000000087200000| Untracked 
| 115|0x0000000087300000, 0x0000000087400000, 0x0000000087400000|100%| O|  |TAMS 0x0000000087300000, 0x0000000087300000| Untracked 
| 116|0x0000000087400000, 0x0000000087500000, 0x0000000087500000|100%| O|  |TAMS 0x0000000087400000, 0x0000000087400000| Untracked 
| 117|0x0000000087500000, 0x0000000087600000, 0x0000000087600000|100%| O|  |TAMS 0x0000000087500000, 0x0000000087500000| Untracked 
| 118|0x0000000087600000, 0x0000000087700000, 0x0000000087700000|100%| O|  |TAMS 0x0000000087600000, 0x0000000087600000| Untracked 
| 119|0x0000000087700000, 0x0000000087800000, 0x0000000087800000|100%| O|  |TAMS 0x0000000087700000, 0x0000000087700000| Untracked 
| 120|0x0000000087800000, 0x0000000087900000, 0x0000000087900000|100%|HS|  |TAMS 0x0000000087800000, 0x0000000087800000| Complete 
| 121|0x0000000087900000, 0x0000000087a00000, 0x0000000087a00000|100%|HC|  |TAMS 0x0000000087900000, 0x0000000087900000| Complete 
| 122|0x0000000087a00000, 0x0000000087b00000, 0x0000000087b00000|100%|HC|  |TAMS 0x0000000087a00000, 0x0000000087a00000| Complete 
| 123|0x0000000087b00000, 0x0000000087c00000, 0x0000000087c00000|100%|HS|  |TAMS 0x0000000087b00000, 0x0000000087b00000| Complete 
| 124|0x0000000087c00000, 0x0000000087d00000, 0x0000000087d00000|100%|HS|  |TAMS 0x0000000087c00000, 0x0000000087c00000| Complete 
| 125|0x0000000087d00000, 0x0000000087e00000, 0x0000000087e00000|100%| O|  |TAMS 0x0000000087d00000, 0x0000000087d00000| Untracked 
| 126|0x0000000087e00000, 0x0000000087f00000, 0x0000000087f00000|100%| O|  |TAMS 0x0000000087e00000, 0x0000000087e00000| Untracked 
| 127|0x0000000087f00000, 0x0000000088000000, 0x0000000088000000|100%| O|  |TAMS 0x0000000087f00000, 0x0000000087f00000| Untracked 
| 128|0x0000000088000000, 0x0000000088100000, 0x0000000088100000|100%| O|  |TAMS 0x0000000088000000, 0x0000000088000000| Untracked 
| 129|0x0000000088100000, 0x0000000088200000, 0x0000000088200000|100%| O|  |TAMS 0x0000000088100000, 0x0000000088100000| Untracked 
| 130|0x0000000088200000, 0x0000000088300000, 0x0000000088300000|100%| O|  |TAMS 0x0000000088200000, 0x0000000088200000| Untracked 
| 131|0x0000000088300000, 0x0000000088400000, 0x0000000088400000|100%| O|  |TAMS 0x0000000088300000, 0x0000000088300000| Untracked 
| 132|0x0000000088400000, 0x0000000088500000, 0x0000000088500000|100%| O|  |TAMS 0x0000000088400000, 0x0000000088400000| Untracked 
| 133|0x0000000088500000, 0x0000000088600000, 0x0000000088600000|100%| O|  |TAMS 0x0000000088500000, 0x0000000088500000| Untracked 
| 134|0x0000000088600000, 0x0000000088700000, 0x0000000088700000|100%| O|  |TAMS 0x0000000088600000, 0x0000000088600000| Untracked 
| 135|0x0000000088700000, 0x0000000088800000, 0x0000000088800000|100%| O|  |TAMS 0x0000000088700000, 0x0000000088700000| Untracked 
| 136|0x0000000088800000, 0x0000000088900000, 0x0000000088900000|100%| O|  |TAMS 0x0000000088800000, 0x0000000088800000| Untracked 
| 137|0x0000000088900000, 0x0000000088a00000, 0x0000000088a00000|100%| O|  |TAMS 0x0000000088900000, 0x0000000088900000| Untracked 
| 138|0x0000000088a00000, 0x0000000088b00000, 0x0000000088b00000|100%| O|  |TAMS 0x0000000088a00000, 0x0000000088a00000| Untracked 
| 139|0x0000000088b00000, 0x0000000088c00000, 0x0000000088c00000|100%| O|  |TAMS 0x0000000088b00000, 0x0000000088b00000| Untracked 
| 140|0x0000000088c00000, 0x0000000088d00000, 0x0000000088d00000|100%| O|  |TAMS 0x0000000088c00000, 0x0000000088c00000| Untracked 
| 141|0x0000000088d00000, 0x0000000088e00000, 0x0000000088e00000|100%| O|  |TAMS 0x0000000088d00000, 0x0000000088d00000| Untracked 
| 142|0x0000000088e00000, 0x0000000088f00000, 0x0000000088f00000|100%| O|  |TAMS 0x0000000088e00000, 0x0000000088e00000| Untracked 
| 143|0x0000000088f00000, 0x0000000089000000, 0x0000000089000000|100%| O|  |TAMS 0x0000000088f00000, 0x0000000088f00000| Untracked 
| 144|0x0000000089000000, 0x0000000089100000, 0x0000000089100000|100%| O|  |TAMS 0x0000000089000000, 0x0000000089000000| Untracked 
| 145|0x0000000089100000, 0x0000000089200000, 0x0000000089200000|100%| O|  |TAMS 0x0000000089100000, 0x0000000089100000| Untracked 
| 146|0x0000000089200000, 0x0000000089300000, 0x0000000089300000|100%| O|  |TAMS 0x0000000089200000, 0x0000000089200000| Untracked 
| 147|0x0000000089300000, 0x0000000089400000, 0x0000000089400000|100%| O|  |TAMS 0x0000000089300000, 0x0000000089300000| Untracked 
| 148|0x0000000089400000, 0x0000000089500000, 0x0000000089500000|100%| O|  |TAMS 0x0000000089400000, 0x0000000089400000| Untracked 
| 149|0x0000000089500000, 0x0000000089600000, 0x0000000089600000|100%| O|  |TAMS 0x0000000089500000, 0x0000000089500000| Untracked 
| 150|0x0000000089600000, 0x0000000089700000, 0x0000000089700000|100%| O|  |TAMS 0x0000000089600000, 0x0000000089600000| Untracked 
| 151|0x0000000089700000, 0x0000000089800000, 0x0000000089800000|100%| O|  |TAMS 0x0000000089700000, 0x0000000089700000| Untracked 
| 152|0x0000000089800000, 0x0000000089900000, 0x0000000089900000|100%| O|  |TAMS 0x0000000089800000, 0x0000000089800000| Untracked 
| 153|0x0000000089900000, 0x0000000089a00000, 0x0000000089a00000|100%| O|  |TAMS 0x0000000089900000, 0x0000000089900000| Untracked 
| 154|0x0000000089a00000, 0x0000000089b00000, 0x0000000089b00000|100%| O|  |TAMS 0x0000000089a00000, 0x0000000089a00000| Untracked 
| 155|0x0000000089b00000, 0x0000000089c00000, 0x0000000089c00000|100%| O|  |TAMS 0x0000000089b00000, 0x0000000089b00000| Untracked 
| 156|0x0000000089c00000, 0x0000000089d00000, 0x0000000089d00000|100%| O|  |TAMS 0x0000000089c00000, 0x0000000089c00000| Untracked 
| 157|0x0000000089d00000, 0x0000000089e00000, 0x0000000089e00000|100%| O|  |TAMS 0x0000000089d00000, 0x0000000089d00000| Untracked 
| 158|0x0000000089e00000, 0x0000000089f00000, 0x0000000089f00000|100%| O|  |TAMS 0x0000000089e00000, 0x0000000089e00000| Untracked 
| 159|0x0000000089f00000, 0x000000008a000000, 0x000000008a000000|100%| O|  |TAMS 0x0000000089f00000, 0x0000000089f00000| Untracked 
| 160|0x000000008a000000, 0x000000008a100000, 0x000000008a100000|100%| O|  |TAMS 0x000000008a000000, 0x000000008a000000| Untracked 
| 161|0x000000008a100000, 0x000000008a200000, 0x000000008a200000|100%| O|  |TAMS 0x000000008a100000, 0x000000008a100000| Untracked 
| 162|0x000000008a200000, 0x000000008a300000, 0x000000008a300000|100%| O|  |TAMS 0x000000008a200000, 0x000000008a200000| Untracked 
| 163|0x000000008a300000, 0x000000008a400000, 0x000000008a400000|100%| O|  |TAMS 0x000000008a300000, 0x000000008a300000| Untracked 
| 164|0x000000008a400000, 0x000000008a500000, 0x000000008a500000|100%| O|  |TAMS 0x000000008a400000, 0x000000008a400000| Untracked 
| 165|0x000000008a500000, 0x000000008a600000, 0x000000008a600000|100%| O|  |TAMS 0x000000008a500000, 0x000000008a500000| Untracked 
| 166|0x000000008a600000, 0x000000008a700000, 0x000000008a700000|100%| O|  |TAMS 0x000000008a600000, 0x000000008a600000| Untracked 
| 167|0x000000008a700000, 0x000000008a800000, 0x000000008a800000|100%| O|  |TAMS 0x000000008a700000, 0x000000008a700000| Untracked 
| 168|0x000000008a800000, 0x000000008a900000, 0x000000008a900000|100%| O|  |TAMS 0x000000008a800000, 0x000000008a800000| Untracked 
| 169|0x000000008a900000, 0x000000008aa00000, 0x000000008aa00000|100%| O|  |TAMS 0x000000008a900000, 0x000000008a900000| Untracked 
| 170|0x000000008aa00000, 0x000000008ab00000, 0x000000008ab00000|100%| O|  |TAMS 0x000000008aa00000, 0x000000008aa00000| Untracked 
| 171|0x000000008ab00000, 0x000000008ac00000, 0x000000008ac00000|100%| O|  |TAMS 0x000000008ab00000, 0x000000008ab00000| Untracked 
| 172|0x000000008ac00000, 0x000000008ad00000, 0x000000008ad00000|100%| O|  |TAMS 0x000000008ac00000, 0x000000008ac00000| Untracked 
| 173|0x000000008ad00000, 0x000000008ae00000, 0x000000008ae00000|100%| O|  |TAMS 0x000000008ad00000, 0x000000008ad00000| Untracked 
| 174|0x000000008ae00000, 0x000000008af00000, 0x000000008af00000|100%| O|  |TAMS 0x000000008ae00000, 0x000000008ae00000| Untracked 
| 175|0x000000008af00000, 0x000000008b000000, 0x000000008b000000|100%| O|  |TAMS 0x000000008af00000, 0x000000008af00000| Untracked 
| 176|0x000000008b000000, 0x000000008b100000, 0x000000008b100000|100%| O|  |TAMS 0x000000008b000000, 0x000000008b000000| Untracked 
| 177|0x000000008b100000, 0x000000008b200000, 0x000000008b200000|100%| O|  |TAMS 0x000000008b100000, 0x000000008b100000| Untracked 
| 178|0x000000008b200000, 0x000000008b300000, 0x000000008b300000|100%| O|  |TAMS 0x000000008b200000, 0x000000008b200000| Untracked 
| 179|0x000000008b300000, 0x000000008b400000, 0x000000008b400000|100%| O|  |TAMS 0x000000008b300000, 0x000000008b300000| Untracked 
| 180|0x000000008b400000, 0x000000008b500000, 0x000000008b500000|100%| O|  |TAMS 0x000000008b400000, 0x000000008b400000| Untracked 
| 181|0x000000008b500000, 0x000000008b600000, 0x000000008b600000|100%| O|  |TAMS 0x000000008b500000, 0x000000008b500000| Untracked 
| 182|0x000000008b600000, 0x000000008b700000, 0x000000008b700000|100%| O|  |TAMS 0x000000008b600000, 0x000000008b600000| Untracked 
| 183|0x000000008b700000, 0x000000008b800000, 0x000000008b800000|100%| O|  |TAMS 0x000000008b700000, 0x000000008b700000| Untracked 
| 184|0x000000008b800000, 0x000000008b900000, 0x000000008b900000|100%| O|  |TAMS 0x000000008b800000, 0x000000008b800000| Untracked 
| 185|0x000000008b900000, 0x000000008ba00000, 0x000000008ba00000|100%| O|  |TAMS 0x000000008b900000, 0x000000008b900000| Untracked 
| 186|0x000000008ba00000, 0x000000008bb00000, 0x000000008bb00000|100%| O|  |TAMS 0x000000008ba00000, 0x000000008ba00000| Untracked 
| 187|0x000000008bb00000, 0x000000008bc00000, 0x000000008bc00000|100%| O|  |TAMS 0x000000008bb00000, 0x000000008bb00000| Untracked 
| 188|0x000000008bc00000, 0x000000008bd00000, 0x000000008bd00000|100%| O|  |TAMS 0x000000008bc00000, 0x000000008bc00000| Untracked 
| 189|0x000000008bd00000, 0x000000008be00000, 0x000000008be00000|100%| O|  |TAMS 0x000000008bd00000, 0x000000008bd00000| Untracked 
| 190|0x000000008be00000, 0x000000008bf00000, 0x000000008bf00000|100%| O|  |TAMS 0x000000008be00000, 0x000000008be00000| Untracked 
| 191|0x000000008bf00000, 0x000000008c000000, 0x000000008c000000|100%| O|  |TAMS 0x000000008bf00000, 0x000000008bf00000| Untracked 
| 192|0x000000008c000000, 0x000000008c100000, 0x000000008c100000|100%| O|  |TAMS 0x000000008c000000, 0x000000008c000000| Untracked 
| 193|0x000000008c100000, 0x000000008c200000, 0x000000008c200000|100%| O|  |TAMS 0x000000008c100000, 0x000000008c100000| Untracked 
| 194|0x000000008c200000, 0x000000008c300000, 0x000000008c300000|100%| O|  |TAMS 0x000000008c200000, 0x000000008c200000| Untracked 
| 195|0x000000008c300000, 0x000000008c400000, 0x000000008c400000|100%| O|  |TAMS 0x000000008c300000, 0x000000008c300000| Untracked 
| 196|0x000000008c400000, 0x000000008c500000, 0x000000008c500000|100%| O|  |TAMS 0x000000008c400000, 0x000000008c400000| Untracked 
| 197|0x000000008c500000, 0x000000008c600000, 0x000000008c600000|100%| O|  |TAMS 0x000000008c500000, 0x000000008c500000| Untracked 
| 198|0x000000008c600000, 0x000000008c700000, 0x000000008c700000|100%| O|  |TAMS 0x000000008c600000, 0x000000008c600000| Untracked 
| 199|0x000000008c700000, 0x000000008c800000, 0x000000008c800000|100%| O|  |TAMS 0x000000008c700000, 0x000000008c700000| Untracked 
| 200|0x000000008c800000, 0x000000008c900000, 0x000000008c900000|100%| O|  |TAMS 0x000000008c800000, 0x000000008c800000| Untracked 
| 201|0x000000008c900000, 0x000000008ca00000, 0x000000008ca00000|100%| O|  |TAMS 0x000000008c900000, 0x000000008c900000| Untracked 
| 202|0x000000008ca00000, 0x000000008cb00000, 0x000000008cb00000|100%| O|  |TAMS 0x000000008ca00000, 0x000000008ca00000| Untracked 
| 203|0x000000008cb00000, 0x000000008cc00000, 0x000000008cc00000|100%| O|  |TAMS 0x000000008cb00000, 0x000000008cb00000| Untracked 
| 204|0x000000008cc00000, 0x000000008cd00000, 0x000000008cd00000|100%| O|  |TAMS 0x000000008cc00000, 0x000000008cc00000| Untracked 
| 205|0x000000008cd00000, 0x000000008ce00000, 0x000000008ce00000|100%| O|  |TAMS 0x000000008cd00000, 0x000000008cd00000| Untracked 
| 206|0x000000008ce00000, 0x000000008cf00000, 0x000000008cf00000|100%| O|  |TAMS 0x000000008ce00000, 0x000000008ce00000| Untracked 
| 207|0x000000008cf00000, 0x000000008d000000, 0x000000008d000000|100%| O|  |TAMS 0x000000008cf00000, 0x000000008cf00000| Untracked 
| 208|0x000000008d000000, 0x000000008d100000, 0x000000008d100000|100%| O|  |TAMS 0x000000008d000000, 0x000000008d000000| Untracked 
| 209|0x000000008d100000, 0x000000008d200000, 0x000000008d200000|100%| O|  |TAMS 0x000000008d100000, 0x000000008d100000| Untracked 
| 210|0x000000008d200000, 0x000000008d300000, 0x000000008d300000|100%| O|  |TAMS 0x000000008d200000, 0x000000008d200000| Untracked 
| 211|0x000000008d300000, 0x000000008d400000, 0x000000008d400000|100%| O|  |TAMS 0x000000008d300000, 0x000000008d300000| Untracked 
| 212|0x000000008d400000, 0x000000008d500000, 0x000000008d500000|100%| O|  |TAMS 0x000000008d400000, 0x000000008d400000| Untracked 
| 213|0x000000008d500000, 0x000000008d600000, 0x000000008d600000|100%| O|  |TAMS 0x000000008d500000, 0x000000008d500000| Untracked 
| 214|0x000000008d600000, 0x000000008d700000, 0x000000008d700000|100%| O|  |TAMS 0x000000008d600000, 0x000000008d600000| Untracked 
| 215|0x000000008d700000, 0x000000008d800000, 0x000000008d800000|100%| O|  |TAMS 0x000000008d700000, 0x000000008d700000| Untracked 
| 216|0x000000008d800000, 0x000000008d900000, 0x000000008d900000|100%| O|  |TAMS 0x000000008d800000, 0x000000008d800000| Untracked 
| 217|0x000000008d900000, 0x000000008da00000, 0x000000008da00000|100%| O|  |TAMS 0x000000008d900000, 0x000000008d900000| Untracked 
| 218|0x000000008da00000, 0x000000008db00000, 0x000000008db00000|100%| O|  |TAMS 0x000000008da00000, 0x000000008da00000| Untracked 
| 219|0x000000008db00000, 0x000000008dc00000, 0x000000008dc00000|100%| O|  |TAMS 0x000000008db00000, 0x000000008db00000| Untracked 
| 220|0x000000008dc00000, 0x000000008dd00000, 0x000000008dd00000|100%| O|  |TAMS 0x000000008dc00000, 0x000000008dc00000| Untracked 
| 221|0x000000008dd00000, 0x000000008de00000, 0x000000008de00000|100%| O|  |TAMS 0x000000008dd00000, 0x000000008dd00000| Untracked 
| 222|0x000000008de00000, 0x000000008df00000, 0x000000008df00000|100%| O|  |TAMS 0x000000008de00000, 0x000000008de00000| Untracked 
| 223|0x000000008df00000, 0x000000008df80000, 0x000000008e000000| 50%| O|  |TAMS 0x000000008df00000, 0x000000008df00000| Untracked 
| 224|0x000000008e000000, 0x000000008e000000, 0x000000008e100000|  0%| F|  |TAMS 0x000000008e000000, 0x000000008e000000| Untracked 
| 225|0x000000008e100000, 0x000000008e100000, 0x000000008e200000|  0%| F|  |TAMS 0x000000008e100000, 0x000000008e100000| Untracked 
| 226|0x000000008e200000, 0x000000008e200000, 0x000000008e300000|  0%| F|  |TAMS 0x000000008e200000, 0x000000008e200000| Untracked 
| 227|0x000000008e300000, 0x000000008e300000, 0x000000008e400000|  0%| F|  |TAMS 0x000000008e300000, 0x000000008e300000| Untracked 
| 228|0x000000008e400000, 0x000000008e400000, 0x000000008e500000|  0%| F|  |TAMS 0x000000008e400000, 0x000000008e400000| Untracked 
| 229|0x000000008e500000, 0x000000008e500000, 0x000000008e600000|  0%| F|  |TAMS 0x000000008e500000, 0x000000008e500000| Untracked 
| 230|0x000000008e600000, 0x000000008e600000, 0x000000008e700000|  0%| F|  |TAMS 0x000000008e600000, 0x000000008e600000| Untracked 
| 231|0x000000008e700000, 0x000000008e700000, 0x000000008e800000|  0%| F|  |TAMS 0x000000008e700000, 0x000000008e700000| Untracked 
| 232|0x000000008e800000, 0x000000008e800000, 0x000000008e900000|  0%| F|  |TAMS 0x000000008e800000, 0x000000008e800000| Untracked 
| 233|0x000000008e900000, 0x000000008e900000, 0x000000008ea00000|  0%| F|  |TAMS 0x000000008e900000, 0x000000008e900000| Untracked 
| 234|0x000000008ea00000, 0x000000008ea00000, 0x000000008eb00000|  0%| F|  |TAMS 0x000000008ea00000, 0x000000008ea00000| Untracked 
| 235|0x000000008eb00000, 0x000000008eb00000, 0x000000008ec00000|  0%| F|  |TAMS 0x000000008eb00000, 0x000000008eb00000| Untracked 
| 236|0x000000008ec00000, 0x000000008ec00000, 0x000000008ed00000|  0%| F|  |TAMS 0x000000008ec00000, 0x000000008ec00000| Untracked 
| 237|0x000000008ed00000, 0x000000008ed00000, 0x000000008ee00000|  0%| F|  |TAMS 0x000000008ed00000, 0x000000008ed00000| Untracked 
| 238|0x000000008ee00000, 0x000000008ee00000, 0x000000008ef00000|  0%| F|  |TAMS 0x000000008ee00000, 0x000000008ee00000| Untracked 
| 239|0x000000008ef00000, 0x000000008ef00000, 0x000000008f000000|  0%| F|  |TAMS 0x000000008ef00000, 0x000000008ef00000| Untracked 
| 240|0x000000008f000000, 0x000000008f000000, 0x000000008f100000|  0%| F|  |TAMS 0x000000008f000000, 0x000000008f000000| Untracked 
| 241|0x000000008f100000, 0x000000008f100000, 0x000000008f200000|  0%| F|  |TAMS 0x000000008f100000, 0x000000008f100000| Untracked 
| 242|0x000000008f200000, 0x000000008f200000, 0x000000008f300000|  0%| F|  |TAMS 0x000000008f200000, 0x000000008f200000| Untracked 
| 243|0x000000008f300000, 0x000000008f300000, 0x000000008f400000|  0%| F|  |TAMS 0x000000008f300000, 0x000000008f300000| Untracked 
| 244|0x000000008f400000, 0x000000008f400000, 0x000000008f500000|  0%| F|  |TAMS 0x000000008f400000, 0x000000008f400000| Untracked 
| 245|0x000000008f500000, 0x000000008f500000, 0x000000008f600000|  0%| F|  |TAMS 0x000000008f500000, 0x000000008f500000| Untracked 
| 246|0x000000008f600000, 0x000000008f600000, 0x000000008f700000|  0%| F|  |TAMS 0x000000008f600000, 0x000000008f600000| Untracked 
| 247|0x000000008f700000, 0x000000008f700000, 0x000000008f800000|  0%| F|  |TAMS 0x000000008f700000, 0x000000008f700000| Untracked 
| 248|0x000000008f800000, 0x000000008f800000, 0x000000008f900000|  0%| F|  |TAMS 0x000000008f800000, 0x000000008f800000| Untracked 
| 249|0x000000008f900000, 0x000000008f900000, 0x000000008fa00000|  0%| F|  |TAMS 0x000000008f900000, 0x000000008f900000| Untracked 
| 250|0x000000008fa00000, 0x000000008fa00000, 0x000000008fb00000|  0%| F|  |TAMS 0x000000008fa00000, 0x000000008fa00000| Untracked 
| 251|0x000000008fb00000, 0x000000008fb00000, 0x000000008fc00000|  0%| F|  |TAMS 0x000000008fb00000, 0x000000008fb00000| Untracked 
| 252|0x000000008fc00000, 0x000000008fc00000, 0x000000008fd00000|  0%| F|  |TAMS 0x000000008fc00000, 0x000000008fc00000| Untracked 
| 253|0x000000008fd00000, 0x000000008fd00000, 0x000000008fe00000|  0%| F|  |TAMS 0x000000008fd00000, 0x000000008fd00000| Untracked 
| 254|0x000000008fe00000, 0x000000008fe00000, 0x000000008ff00000|  0%| F|  |TAMS 0x000000008fe00000, 0x000000008fe00000| Untracked 
| 255|0x000000008ff00000, 0x000000008ff00000, 0x0000000090000000|  0%| F|  |TAMS 0x000000008ff00000, 0x000000008ff00000| Untracked 
| 256|0x0000000090000000, 0x0000000090000000, 0x0000000090100000|  0%| F|  |TAMS 0x0000000090000000, 0x0000000090000000| Untracked 
| 257|0x0000000090100000, 0x0000000090100000, 0x0000000090200000|  0%| F|  |TAMS 0x0000000090100000, 0x0000000090100000| Untracked 
| 258|0x0000000090200000, 0x0000000090200000, 0x0000000090300000|  0%| F|  |TAMS 0x0000000090200000, 0x0000000090200000| Untracked 
| 259|0x0000000090300000, 0x0000000090300000, 0x0000000090400000|  0%| F|  |TAMS 0x0000000090300000, 0x0000000090300000| Untracked 
| 260|0x0000000090400000, 0x0000000090400000, 0x0000000090500000|  0%| F|  |TAMS 0x0000000090400000, 0x0000000090400000| Untracked 
| 261|0x0000000090500000, 0x0000000090500000, 0x0000000090600000|  0%| F|  |TAMS 0x0000000090500000, 0x0000000090500000| Untracked 
| 262|0x0000000090600000, 0x0000000090600000, 0x0000000090700000|  0%| F|  |TAMS 0x0000000090600000, 0x0000000090600000| Untracked 
| 263|0x0000000090700000, 0x0000000090700000, 0x0000000090800000|  0%| F|  |TAMS 0x0000000090700000, 0x0000000090700000| Untracked 
| 264|0x0000000090800000, 0x0000000090800000, 0x0000000090900000|  0%| F|  |TAMS 0x0000000090800000, 0x0000000090800000| Untracked 
| 265|0x0000000090900000, 0x0000000090900000, 0x0000000090a00000|  0%| F|  |TAMS 0x0000000090900000, 0x0000000090900000| Untracked 
| 266|0x0000000090a00000, 0x0000000090a00000, 0x0000000090b00000|  0%| F|  |TAMS 0x0000000090a00000, 0x0000000090a00000| Untracked 
| 267|0x0000000090b00000, 0x0000000090b00000, 0x0000000090c00000|  0%| F|  |TAMS 0x0000000090b00000, 0x0000000090b00000| Untracked 
| 268|0x0000000090c00000, 0x0000000090c00000, 0x0000000090d00000|  0%| F|  |TAMS 0x0000000090c00000, 0x0000000090c00000| Untracked 
| 269|0x0000000090d00000, 0x0000000090d00000, 0x0000000090e00000|  0%| F|  |TAMS 0x0000000090d00000, 0x0000000090d00000| Untracked 
| 270|0x0000000090e00000, 0x0000000090e00000, 0x0000000090f00000|  0%| F|  |TAMS 0x0000000090e00000, 0x0000000090e00000| Untracked 
| 271|0x0000000090f00000, 0x0000000090f00000, 0x0000000091000000|  0%| F|  |TAMS 0x0000000090f00000, 0x0000000090f00000| Untracked 
| 272|0x0000000091000000, 0x0000000091000000, 0x0000000091100000|  0%| F|  |TAMS 0x0000000091000000, 0x0000000091000000| Untracked 
| 273|0x0000000091100000, 0x0000000091100000, 0x0000000091200000|  0%| F|  |TAMS 0x0000000091100000, 0x0000000091100000| Untracked 
| 274|0x0000000091200000, 0x0000000091200000, 0x0000000091300000|  0%| F|  |TAMS 0x0000000091200000, 0x0000000091200000| Untracked 
| 275|0x0000000091300000, 0x0000000091300000, 0x0000000091400000|  0%| F|  |TAMS 0x0000000091300000, 0x0000000091300000| Untracked 
| 276|0x0000000091400000, 0x0000000091400000, 0x0000000091500000|  0%| F|  |TAMS 0x0000000091400000, 0x0000000091400000| Untracked 
| 277|0x0000000091500000, 0x0000000091500000, 0x0000000091600000|  0%| F|  |TAMS 0x0000000091500000, 0x0000000091500000| Untracked 
| 278|0x0000000091600000, 0x0000000091600000, 0x0000000091700000|  0%| F|  |TAMS 0x0000000091600000, 0x0000000091600000| Untracked 
| 279|0x0000000091700000, 0x0000000091700000, 0x0000000091800000|  0%| F|  |TAMS 0x0000000091700000, 0x0000000091700000| Untracked 
| 280|0x0000000091800000, 0x0000000091800000, 0x0000000091900000|  0%| F|  |TAMS 0x0000000091800000, 0x0000000091800000| Untracked 
| 281|0x0000000091900000, 0x0000000091900000, 0x0000000091a00000|  0%| F|  |TAMS 0x0000000091900000, 0x0000000091900000| Untracked 
| 282|0x0000000091a00000, 0x0000000091a00000, 0x0000000091b00000|  0%| F|  |TAMS 0x0000000091a00000, 0x0000000091a00000| Untracked 
| 283|0x0000000091b00000, 0x0000000091b00000, 0x0000000091c00000|  0%| F|  |TAMS 0x0000000091b00000, 0x0000000091b00000| Untracked 
| 284|0x0000000091c00000, 0x0000000091c00000, 0x0000000091d00000|  0%| F|  |TAMS 0x0000000091c00000, 0x0000000091c00000| Untracked 
| 285|0x0000000091d00000, 0x0000000091d00000, 0x0000000091e00000|  0%| F|  |TAMS 0x0000000091d00000, 0x0000000091d00000| Untracked 
| 286|0x0000000091e00000, 0x0000000091e00000, 0x0000000091f00000|  0%| F|  |TAMS 0x0000000091e00000, 0x0000000091e00000| Untracked 
| 287|0x0000000091f00000, 0x0000000091f00000, 0x0000000092000000|  0%| F|  |TAMS 0x0000000091f00000, 0x0000000091f00000| Untracked 
| 288|0x0000000092000000, 0x0000000092000000, 0x0000000092100000|  0%| F|  |TAMS 0x0000000092000000, 0x0000000092000000| Untracked 
| 289|0x0000000092100000, 0x0000000092100000, 0x0000000092200000|  0%| F|  |TAMS 0x0000000092100000, 0x0000000092100000| Untracked 
| 290|0x0000000092200000, 0x0000000092200000, 0x0000000092300000|  0%| F|  |TAMS 0x0000000092200000, 0x0000000092200000| Untracked 
| 291|0x0000000092300000, 0x0000000092300000, 0x0000000092400000|  0%| F|  |TAMS 0x0000000092300000, 0x0000000092300000| Untracked 
| 292|0x0000000092400000, 0x0000000092400000, 0x0000000092500000|  0%| F|  |TAMS 0x0000000092400000, 0x0000000092400000| Untracked 
| 293|0x0000000092500000, 0x0000000092500000, 0x0000000092600000|  0%| F|  |TAMS 0x0000000092500000, 0x0000000092500000| Untracked 
| 294|0x0000000092600000, 0x0000000092600000, 0x0000000092700000|  0%| F|  |TAMS 0x0000000092600000, 0x0000000092600000| Untracked 
| 295|0x0000000092700000, 0x0000000092700000, 0x0000000092800000|  0%| F|  |TAMS 0x0000000092700000, 0x0000000092700000| Untracked 
| 296|0x0000000092800000, 0x0000000092800000, 0x0000000092900000|  0%| F|  |TAMS 0x0000000092800000, 0x0000000092800000| Untracked 
| 297|0x0000000092900000, 0x0000000092900000, 0x0000000092a00000|  0%| F|  |TAMS 0x0000000092900000, 0x0000000092900000| Untracked 
| 298|0x0000000092a00000, 0x0000000092a00000, 0x0000000092b00000|  0%| F|  |TAMS 0x0000000092a00000, 0x0000000092a00000| Untracked 
| 299|0x0000000092b00000, 0x0000000092b00000, 0x0000000092c00000|  0%| F|  |TAMS 0x0000000092b00000, 0x0000000092b00000| Untracked 
| 300|0x0000000092c00000, 0x0000000092c00000, 0x0000000092d00000|  0%| F|  |TAMS 0x0000000092c00000, 0x0000000092c00000| Untracked 
| 301|0x0000000092d00000, 0x0000000092d00000, 0x0000000092e00000|  0%| F|  |TAMS 0x0000000092d00000, 0x0000000092d00000| Untracked 
| 302|0x0000000092e00000, 0x0000000092e00000, 0x0000000092f00000|  0%| F|  |TAMS 0x0000000092e00000, 0x0000000092e00000| Untracked 
| 303|0x0000000092f00000, 0x0000000092f00000, 0x0000000093000000|  0%| F|  |TAMS 0x0000000092f00000, 0x0000000092f00000| Untracked 
| 304|0x0000000093000000, 0x0000000093000000, 0x0000000093100000|  0%| F|  |TAMS 0x0000000093000000, 0x0000000093000000| Untracked 
| 305|0x0000000093100000, 0x0000000093100000, 0x0000000093200000|  0%| F|  |TAMS 0x0000000093100000, 0x0000000093100000| Untracked 
| 306|0x0000000093200000, 0x0000000093200000, 0x0000000093300000|  0%| F|  |TAMS 0x0000000093200000, 0x0000000093200000| Untracked 
| 307|0x0000000093300000, 0x0000000093300000, 0x0000000093400000|  0%| F|  |TAMS 0x0000000093300000, 0x0000000093300000| Untracked 
| 308|0x0000000093400000, 0x0000000093400000, 0x0000000093500000|  0%| F|  |TAMS 0x0000000093400000, 0x0000000093400000| Untracked 
| 309|0x0000000093500000, 0x0000000093500000, 0x0000000093600000|  0%| F|  |TAMS 0x0000000093500000, 0x0000000093500000| Untracked 
| 310|0x0000000093600000, 0x0000000093600000, 0x0000000093700000|  0%| F|  |TAMS 0x0000000093600000, 0x0000000093600000| Untracked 
| 311|0x0000000093700000, 0x0000000093700000, 0x0000000093800000|  0%| F|  |TAMS 0x0000000093700000, 0x0000000093700000| Untracked 
| 312|0x0000000093800000, 0x0000000093800000, 0x0000000093900000|  0%| F|  |TAMS 0x0000000093800000, 0x0000000093800000| Untracked 
| 313|0x0000000093900000, 0x0000000093900000, 0x0000000093a00000|  0%| F|  |TAMS 0x0000000093900000, 0x0000000093900000| Untracked 
| 314|0x0000000093a00000, 0x0000000093a00000, 0x0000000093b00000|  0%| F|  |TAMS 0x0000000093a00000, 0x0000000093a00000| Untracked 
| 315|0x0000000093b00000, 0x0000000093b00000, 0x0000000093c00000|  0%| F|  |TAMS 0x0000000093b00000, 0x0000000093b00000| Untracked 
| 316|0x0000000093c00000, 0x0000000093c00000, 0x0000000093d00000|  0%| F|  |TAMS 0x0000000093c00000, 0x0000000093c00000| Untracked 
| 317|0x0000000093d00000, 0x0000000093d00000, 0x0000000093e00000|  0%| F|  |TAMS 0x0000000093d00000, 0x0000000093d00000| Untracked 
| 318|0x0000000093e00000, 0x0000000093e00000, 0x0000000093f00000|  0%| F|  |TAMS 0x0000000093e00000, 0x0000000093e00000| Untracked 
| 319|0x0000000093f00000, 0x0000000093f00000, 0x0000000094000000|  0%| F|  |TAMS 0x0000000093f00000, 0x0000000093f00000| Untracked 
| 320|0x0000000094000000, 0x0000000094000000, 0x0000000094100000|  0%| F|  |TAMS 0x0000000094000000, 0x0000000094000000| Untracked 
| 321|0x0000000094100000, 0x0000000094100000, 0x0000000094200000|  0%| F|  |TAMS 0x0000000094100000, 0x0000000094100000| Untracked 
| 322|0x0000000094200000, 0x0000000094200000, 0x0000000094300000|  0%| F|  |TAMS 0x0000000094200000, 0x0000000094200000| Untracked 
| 323|0x0000000094300000, 0x0000000094300000, 0x0000000094400000|  0%| F|  |TAMS 0x0000000094300000, 0x0000000094300000| Untracked 
| 324|0x0000000094400000, 0x0000000094400000, 0x0000000094500000|  0%| F|  |TAMS 0x0000000094400000, 0x0000000094400000| Untracked 
| 325|0x0000000094500000, 0x0000000094500000, 0x0000000094600000|  0%| F|  |TAMS 0x0000000094500000, 0x0000000094500000| Untracked 
| 326|0x0000000094600000, 0x0000000094600000, 0x0000000094700000|  0%| F|  |TAMS 0x0000000094600000, 0x0000000094600000| Untracked 
| 327|0x0000000094700000, 0x0000000094700000, 0x0000000094800000|  0%| F|  |TAMS 0x0000000094700000, 0x0000000094700000| Untracked 
| 328|0x0000000094800000, 0x0000000094800000, 0x0000000094900000|  0%| F|  |TAMS 0x0000000094800000, 0x0000000094800000| Untracked 
| 329|0x0000000094900000, 0x0000000094900000, 0x0000000094a00000|  0%| F|  |TAMS 0x0000000094900000, 0x0000000094900000| Untracked 
| 330|0x0000000094a00000, 0x0000000094a00000, 0x0000000094b00000|  0%| F|  |TAMS 0x0000000094a00000, 0x0000000094a00000| Untracked 
| 331|0x0000000094b00000, 0x0000000094b00000, 0x0000000094c00000|  0%| F|  |TAMS 0x0000000094b00000, 0x0000000094b00000| Untracked 
| 332|0x0000000094c00000, 0x0000000094c00000, 0x0000000094d00000|  0%| F|  |TAMS 0x0000000094c00000, 0x0000000094c00000| Untracked 
| 333|0x0000000094d00000, 0x0000000094d00000, 0x0000000094e00000|  0%| F|  |TAMS 0x0000000094d00000, 0x0000000094d00000| Untracked 
| 334|0x0000000094e00000, 0x0000000094e00000, 0x0000000094f00000|  0%| F|  |TAMS 0x0000000094e00000, 0x0000000094e00000| Untracked 
| 335|0x0000000094f00000, 0x0000000094f00000, 0x0000000095000000|  0%| F|  |TAMS 0x0000000094f00000, 0x0000000094f00000| Untracked 
| 336|0x0000000095000000, 0x0000000095000000, 0x0000000095100000|  0%| F|  |TAMS 0x0000000095000000, 0x0000000095000000| Untracked 
| 337|0x0000000095100000, 0x0000000095100000, 0x0000000095200000|  0%| F|  |TAMS 0x0000000095100000, 0x0000000095100000| Untracked 
| 338|0x0000000095200000, 0x0000000095200000, 0x0000000095300000|  0%| F|  |TAMS 0x0000000095200000, 0x0000000095200000| Untracked 
| 339|0x0000000095300000, 0x0000000095300000, 0x0000000095400000|  0%| F|  |TAMS 0x0000000095300000, 0x0000000095300000| Untracked 
| 340|0x0000000095400000, 0x0000000095400000, 0x0000000095500000|  0%| F|  |TAMS 0x0000000095400000, 0x0000000095400000| Untracked 
| 341|0x0000000095500000, 0x0000000095500000, 0x0000000095600000|  0%| F|  |TAMS 0x0000000095500000, 0x0000000095500000| Untracked 
| 342|0x0000000095600000, 0x0000000095700000, 0x0000000095700000|100%| S|CS|TAMS 0x0000000095600000, 0x0000000095600000| Complete 
| 343|0x0000000095700000, 0x0000000095800000, 0x0000000095800000|100%| S|CS|TAMS 0x0000000095700000, 0x0000000095700000| Complete 
| 344|0x0000000095800000, 0x0000000095900000, 0x0000000095900000|100%| S|CS|TAMS 0x0000000095800000, 0x0000000095800000| Complete 
| 345|0x0000000095900000, 0x0000000095a00000, 0x0000000095a00000|100%| S|CS|TAMS 0x0000000095900000, 0x0000000095900000| Complete 
| 346|0x0000000095a00000, 0x0000000095b00000, 0x0000000095b00000|100%| S|CS|TAMS 0x0000000095a00000, 0x0000000095a00000| Complete 
| 347|0x0000000095b00000, 0x0000000095c00000, 0x0000000095c00000|100%| S|CS|TAMS 0x0000000095b00000, 0x0000000095b00000| Complete 
| 348|0x0000000095c00000, 0x0000000095d00000, 0x0000000095d00000|100%| S|CS|TAMS 0x0000000095c00000, 0x0000000095c00000| Complete 
| 349|0x0000000095d00000, 0x0000000095e00000, 0x0000000095e00000|100%| S|CS|TAMS 0x0000000095d00000, 0x0000000095d00000| Complete 
| 350|0x0000000095e00000, 0x0000000095f00000, 0x0000000095f00000|100%| S|CS|TAMS 0x0000000095e00000, 0x0000000095e00000| Complete 
| 351|0x0000000095f00000, 0x0000000096000000, 0x0000000096000000|100%| S|CS|TAMS 0x0000000095f00000, 0x0000000095f00000| Complete 
| 352|0x0000000096000000, 0x0000000096100000, 0x0000000096100000|100%| S|CS|TAMS 0x0000000096000000, 0x0000000096000000| Complete 
| 353|0x0000000096100000, 0x0000000096200000, 0x0000000096200000|100%| S|CS|TAMS 0x0000000096100000, 0x0000000096100000| Complete 
| 354|0x0000000096200000, 0x0000000096300000, 0x0000000096300000|100%| S|CS|TAMS 0x0000000096200000, 0x0000000096200000| Complete 
| 355|0x0000000096300000, 0x0000000096400000, 0x0000000096400000|100%| S|CS|TAMS 0x0000000096300000, 0x0000000096300000| Complete 
| 356|0x0000000096400000, 0x0000000096500000, 0x0000000096500000|100%| S|CS|TAMS 0x0000000096400000, 0x0000000096400000| Complete 
| 357|0x0000000096500000, 0x0000000096600000, 0x0000000096600000|100%| S|CS|TAMS 0x0000000096500000, 0x0000000096500000| Complete 
| 358|0x0000000096600000, 0x0000000096700000, 0x0000000096700000|100%| S|CS|TAMS 0x0000000096600000, 0x0000000096600000| Complete 
| 359|0x0000000096700000, 0x0000000096800000, 0x0000000096800000|100%| S|CS|TAMS 0x0000000096700000, 0x0000000096700000| Complete 
| 360|0x0000000096800000, 0x0000000096900000, 0x0000000096900000|100%| S|CS|TAMS 0x0000000096800000, 0x0000000096800000| Complete 
| 361|0x0000000096900000, 0x0000000096900000, 0x0000000096a00000|  0%| F|  |TAMS 0x0000000096900000, 0x0000000096900000| Untracked 
| 362|0x0000000096a00000, 0x0000000096a00000, 0x0000000096b00000|  0%| F|  |TAMS 0x0000000096a00000, 0x0000000096a00000| Untracked 
| 363|0x0000000096b00000, 0x0000000096b00000, 0x0000000096c00000|  0%| F|  |TAMS 0x0000000096b00000, 0x0000000096b00000| Untracked 
| 364|0x0000000096c00000, 0x0000000096c00000, 0x0000000096d00000|  0%| F|  |TAMS 0x0000000096c00000, 0x0000000096c00000| Untracked 
| 365|0x0000000096d00000, 0x0000000096d00000, 0x0000000096e00000|  0%| F|  |TAMS 0x0000000096d00000, 0x0000000096d00000| Untracked 
| 366|0x0000000096e00000, 0x0000000096e00000, 0x0000000096f00000|  0%| F|  |TAMS 0x0000000096e00000, 0x0000000096e00000| Untracked 
| 367|0x0000000096f00000, 0x0000000096f00000, 0x0000000097000000|  0%| F|  |TAMS 0x0000000096f00000, 0x0000000096f00000| Untracked 
| 368|0x0000000097000000, 0x0000000097000000, 0x0000000097100000|  0%| F|  |TAMS 0x0000000097000000, 0x0000000097000000| Untracked 
| 369|0x0000000097100000, 0x0000000097100000, 0x0000000097200000|  0%| F|  |TAMS 0x0000000097100000, 0x0000000097100000| Untracked 
| 370|0x0000000097200000, 0x0000000097200000, 0x0000000097300000|  0%| F|  |TAMS 0x0000000097200000, 0x0000000097200000| Untracked 
| 371|0x0000000097300000, 0x0000000097300000, 0x0000000097400000|  0%| F|  |TAMS 0x0000000097300000, 0x0000000097300000| Untracked 
| 372|0x0000000097400000, 0x0000000097400000, 0x0000000097500000|  0%| F|  |TAMS 0x0000000097400000, 0x0000000097400000| Untracked 
| 373|0x0000000097500000, 0x0000000097500000, 0x0000000097600000|  0%| F|  |TAMS 0x0000000097500000, 0x0000000097500000| Untracked 
| 374|0x0000000097600000, 0x0000000097600000, 0x0000000097700000|  0%| F|  |TAMS 0x0000000097600000, 0x0000000097600000| Untracked 
| 375|0x0000000097700000, 0x0000000097700000, 0x0000000097800000|  0%| F|  |TAMS 0x0000000097700000, 0x0000000097700000| Untracked 
| 376|0x0000000097800000, 0x0000000097800000, 0x0000000097900000|  0%| F|  |TAMS 0x0000000097800000, 0x0000000097800000| Untracked 
| 377|0x0000000097900000, 0x0000000097900000, 0x0000000097a00000|  0%| F|  |TAMS 0x0000000097900000, 0x0000000097900000| Untracked 
| 378|0x0000000097a00000, 0x0000000097a00000, 0x0000000097b00000|  0%| F|  |TAMS 0x0000000097a00000, 0x0000000097a00000| Untracked 
| 379|0x0000000097b00000, 0x0000000097b00000, 0x0000000097c00000|  0%| F|  |TAMS 0x0000000097b00000, 0x0000000097b00000| Untracked 
| 380|0x0000000097c00000, 0x0000000097c00000, 0x0000000097d00000|  0%| F|  |TAMS 0x0000000097c00000, 0x0000000097c00000| Untracked 
| 381|0x0000000097d00000, 0x0000000097d00000, 0x0000000097e00000|  0%| F|  |TAMS 0x0000000097d00000, 0x0000000097d00000| Untracked 
| 382|0x0000000097e00000, 0x0000000097e00000, 0x0000000097f00000|  0%| F|  |TAMS 0x0000000097e00000, 0x0000000097e00000| Untracked 
| 383|0x0000000097f00000, 0x0000000097f00000, 0x0000000098000000|  0%| F|  |TAMS 0x0000000097f00000, 0x0000000097f00000| Untracked 
| 384|0x0000000098000000, 0x0000000098000000, 0x0000000098100000|  0%| F|  |TAMS 0x0000000098000000, 0x0000000098000000| Untracked 
| 385|0x0000000098100000, 0x0000000098100000, 0x0000000098200000|  0%| F|  |TAMS 0x0000000098100000, 0x0000000098100000| Untracked 
| 386|0x0000000098200000, 0x0000000098200000, 0x0000000098300000|  0%| F|  |TAMS 0x0000000098200000, 0x0000000098200000| Untracked 
| 387|0x0000000098300000, 0x0000000098300000, 0x0000000098400000|  0%| F|  |TAMS 0x0000000098300000, 0x0000000098300000| Untracked 
| 388|0x0000000098400000, 0x0000000098400000, 0x0000000098500000|  0%| F|  |TAMS 0x0000000098400000, 0x0000000098400000| Untracked 
| 389|0x0000000098500000, 0x0000000098500000, 0x0000000098600000|  0%| F|  |TAMS 0x0000000098500000, 0x0000000098500000| Untracked 
| 390|0x0000000098600000, 0x0000000098600000, 0x0000000098700000|  0%| F|  |TAMS 0x0000000098600000, 0x0000000098600000| Untracked 
| 391|0x0000000098700000, 0x0000000098700000, 0x0000000098800000|  0%| F|  |TAMS 0x0000000098700000, 0x0000000098700000| Untracked 
| 392|0x0000000098800000, 0x0000000098800000, 0x0000000098900000|  0%| F|  |TAMS 0x0000000098800000, 0x0000000098800000| Untracked 
| 393|0x0000000098900000, 0x0000000098900000, 0x0000000098a00000|  0%| F|  |TAMS 0x0000000098900000, 0x0000000098900000| Untracked 
| 394|0x0000000098a00000, 0x0000000098a00000, 0x0000000098b00000|  0%| F|  |TAMS 0x0000000098a00000, 0x0000000098a00000| Untracked 
| 395|0x0000000098b00000, 0x0000000098b00000, 0x0000000098c00000|  0%| F|  |TAMS 0x0000000098b00000, 0x0000000098b00000| Untracked 
| 396|0x0000000098c00000, 0x0000000098c00000, 0x0000000098d00000|  0%| F|  |TAMS 0x0000000098c00000, 0x0000000098c00000| Untracked 
| 397|0x0000000098d00000, 0x0000000098d00000, 0x0000000098e00000|  0%| F|  |TAMS 0x0000000098d00000, 0x0000000098d00000| Untracked 
| 398|0x0000000098e00000, 0x0000000098e00000, 0x0000000098f00000|  0%| F|  |TAMS 0x0000000098e00000, 0x0000000098e00000| Untracked 
| 399|0x0000000098f00000, 0x0000000098f00000, 0x0000000099000000|  0%| F|  |TAMS 0x0000000098f00000, 0x0000000098f00000| Untracked 
| 400|0x0000000099000000, 0x0000000099000000, 0x0000000099100000|  0%| F|  |TAMS 0x0000000099000000, 0x0000000099000000| Untracked 
| 401|0x0000000099100000, 0x0000000099100000, 0x0000000099200000|  0%| F|  |TAMS 0x0000000099100000, 0x0000000099100000| Untracked 
| 402|0x0000000099200000, 0x0000000099200000, 0x0000000099300000|  0%| F|  |TAMS 0x0000000099200000, 0x0000000099200000| Untracked 
| 403|0x0000000099300000, 0x0000000099300000, 0x0000000099400000|  0%| F|  |TAMS 0x0000000099300000, 0x0000000099300000| Untracked 
| 404|0x0000000099400000, 0x0000000099400000, 0x0000000099500000|  0%| F|  |TAMS 0x0000000099400000, 0x0000000099400000| Untracked 
| 405|0x0000000099500000, 0x0000000099500000, 0x0000000099600000|  0%| F|  |TAMS 0x0000000099500000, 0x0000000099500000| Untracked 
| 406|0x0000000099600000, 0x0000000099600000, 0x0000000099700000|  0%| F|  |TAMS 0x0000000099600000, 0x0000000099600000| Untracked 
| 407|0x0000000099700000, 0x0000000099700000, 0x0000000099800000|  0%| F|  |TAMS 0x0000000099700000, 0x0000000099700000| Untracked 
| 408|0x0000000099800000, 0x0000000099800000, 0x0000000099900000|  0%| F|  |TAMS 0x0000000099800000, 0x0000000099800000| Untracked 
| 409|0x0000000099900000, 0x0000000099900000, 0x0000000099a00000|  0%| F|  |TAMS 0x0000000099900000, 0x0000000099900000| Untracked 
| 410|0x0000000099a00000, 0x0000000099a00000, 0x0000000099b00000|  0%| F|  |TAMS 0x0000000099a00000, 0x0000000099a00000| Untracked 
| 411|0x0000000099b00000, 0x0000000099b00000, 0x0000000099c00000|  0%| F|  |TAMS 0x0000000099b00000, 0x0000000099b00000| Untracked 
| 412|0x0000000099c00000, 0x0000000099c00000, 0x0000000099d00000|  0%| F|  |TAMS 0x0000000099c00000, 0x0000000099c00000| Untracked 
| 413|0x0000000099d00000, 0x0000000099d00000, 0x0000000099e00000|  0%| F|  |TAMS 0x0000000099d00000, 0x0000000099d00000| Untracked 
| 414|0x0000000099e00000, 0x0000000099e00000, 0x0000000099f00000|  0%| F|  |TAMS 0x0000000099e00000, 0x0000000099e00000| Untracked 
| 415|0x0000000099f00000, 0x0000000099f00000, 0x000000009a000000|  0%| F|  |TAMS 0x0000000099f00000, 0x0000000099f00000| Untracked 
| 416|0x000000009a000000, 0x000000009a000000, 0x000000009a100000|  0%| F|  |TAMS 0x000000009a000000, 0x000000009a000000| Untracked 
| 417|0x000000009a100000, 0x000000009a100000, 0x000000009a200000|  0%| F|  |TAMS 0x000000009a100000, 0x000000009a100000| Untracked 
| 418|0x000000009a200000, 0x000000009a200000, 0x000000009a300000|  0%| F|  |TAMS 0x000000009a200000, 0x000000009a200000| Untracked 
| 419|0x000000009a300000, 0x000000009a300000, 0x000000009a400000|  0%| F|  |TAMS 0x000000009a300000, 0x000000009a300000| Untracked 
| 420|0x000000009a400000, 0x000000009a400000, 0x000000009a500000|  0%| F|  |TAMS 0x000000009a400000, 0x000000009a400000| Untracked 
| 421|0x000000009a500000, 0x000000009a500000, 0x000000009a600000|  0%| F|  |TAMS 0x000000009a500000, 0x000000009a500000| Untracked 
| 422|0x000000009a600000, 0x000000009a600000, 0x000000009a700000|  0%| F|  |TAMS 0x000000009a600000, 0x000000009a600000| Untracked 
| 423|0x000000009a700000, 0x000000009a700000, 0x000000009a800000|  0%| F|  |TAMS 0x000000009a700000, 0x000000009a700000| Untracked 
| 424|0x000000009a800000, 0x000000009a800000, 0x000000009a900000|  0%| F|  |TAMS 0x000000009a800000, 0x000000009a800000| Untracked 
| 425|0x000000009a900000, 0x000000009a900000, 0x000000009aa00000|  0%| F|  |TAMS 0x000000009a900000, 0x000000009a900000| Untracked 
| 426|0x000000009aa00000, 0x000000009aa00000, 0x000000009ab00000|  0%| F|  |TAMS 0x000000009aa00000, 0x000000009aa00000| Untracked 
| 427|0x000000009ab00000, 0x000000009ab00000, 0x000000009ac00000|  0%| F|  |TAMS 0x000000009ab00000, 0x000000009ab00000| Untracked 
| 428|0x000000009ac00000, 0x000000009ac00000, 0x000000009ad00000|  0%| F|  |TAMS 0x000000009ac00000, 0x000000009ac00000| Untracked 
| 429|0x000000009ad00000, 0x000000009ad00000, 0x000000009ae00000|  0%| F|  |TAMS 0x000000009ad00000, 0x000000009ad00000| Untracked 
| 430|0x000000009ae00000, 0x000000009ae00000, 0x000000009af00000|  0%| F|  |TAMS 0x000000009ae00000, 0x000000009ae00000| Untracked 
| 431|0x000000009af00000, 0x000000009af00000, 0x000000009b000000|  0%| F|  |TAMS 0x000000009af00000, 0x000000009af00000| Untracked 
| 432|0x000000009b000000, 0x000000009b000000, 0x000000009b100000|  0%| F|  |TAMS 0x000000009b000000, 0x000000009b000000| Untracked 
| 433|0x000000009b100000, 0x000000009b100000, 0x000000009b200000|  0%| F|  |TAMS 0x000000009b100000, 0x000000009b100000| Untracked 
| 434|0x000000009b200000, 0x000000009b200000, 0x000000009b300000|  0%| F|  |TAMS 0x000000009b200000, 0x000000009b200000| Untracked 
| 435|0x000000009b300000, 0x000000009b300000, 0x000000009b400000|  0%| F|  |TAMS 0x000000009b300000, 0x000000009b300000| Untracked 
| 436|0x000000009b400000, 0x000000009b400000, 0x000000009b500000|  0%| F|  |TAMS 0x000000009b400000, 0x000000009b400000| Untracked 
| 437|0x000000009b500000, 0x000000009b500000, 0x000000009b600000|  0%| F|  |TAMS 0x000000009b500000, 0x000000009b500000| Untracked 
| 438|0x000000009b600000, 0x000000009b600000, 0x000000009b700000|  0%| F|  |TAMS 0x000000009b600000, 0x000000009b600000| Untracked 
| 439|0x000000009b700000, 0x000000009b700000, 0x000000009b800000|  0%| F|  |TAMS 0x000000009b700000, 0x000000009b700000| Untracked 
| 440|0x000000009b800000, 0x000000009b800000, 0x000000009b900000|  0%| F|  |TAMS 0x000000009b800000, 0x000000009b800000| Untracked 
| 441|0x000000009b900000, 0x000000009b900000, 0x000000009ba00000|  0%| F|  |TAMS 0x000000009b900000, 0x000000009b900000| Untracked 
| 442|0x000000009ba00000, 0x000000009ba00000, 0x000000009bb00000|  0%| F|  |TAMS 0x000000009ba00000, 0x000000009ba00000| Untracked 
| 443|0x000000009bb00000, 0x000000009bb00000, 0x000000009bc00000|  0%| F|  |TAMS 0x000000009bb00000, 0x000000009bb00000| Untracked 
| 444|0x000000009bc00000, 0x000000009bc00000, 0x000000009bd00000|  0%| F|  |TAMS 0x000000009bc00000, 0x000000009bc00000| Untracked 
| 445|0x000000009bd00000, 0x000000009bd00000, 0x000000009be00000|  0%| F|  |TAMS 0x000000009bd00000, 0x000000009bd00000| Untracked 
| 446|0x000000009be00000, 0x000000009be00000, 0x000000009bf00000|  0%| F|  |TAMS 0x000000009be00000, 0x000000009be00000| Untracked 
| 447|0x000000009bf00000, 0x000000009bf00000, 0x000000009c000000|  0%| F|  |TAMS 0x000000009bf00000, 0x000000009bf00000| Untracked 
| 448|0x000000009c000000, 0x000000009c000000, 0x000000009c100000|  0%| F|  |TAMS 0x000000009c000000, 0x000000009c000000| Untracked 
| 449|0x000000009c100000, 0x000000009c100000, 0x000000009c200000|  0%| F|  |TAMS 0x000000009c100000, 0x000000009c100000| Untracked 
| 450|0x000000009c200000, 0x000000009c200000, 0x000000009c300000|  0%| F|  |TAMS 0x000000009c200000, 0x000000009c200000| Untracked 
| 451|0x000000009c300000, 0x000000009c300000, 0x000000009c400000|  0%| F|  |TAMS 0x000000009c300000, 0x000000009c300000| Untracked 
| 452|0x000000009c400000, 0x000000009c400000, 0x000000009c500000|  0%| F|  |TAMS 0x000000009c400000, 0x000000009c400000| Untracked 
| 453|0x000000009c500000, 0x000000009c500000, 0x000000009c600000|  0%| F|  |TAMS 0x000000009c500000, 0x000000009c500000| Untracked 
| 454|0x000000009c600000, 0x000000009c62a208, 0x000000009c700000| 16%| E|  |TAMS 0x000000009c600000, 0x000000009c600000| Complete 
| 455|0x000000009c700000, 0x000000009c800000, 0x000000009c800000|100%| E|CS|TAMS 0x000000009c700000, 0x000000009c700000| Complete 
| 456|0x000000009c800000, 0x000000009c900000, 0x000000009c900000|100%| E|CS|TAMS 0x000000009c800000, 0x000000009c800000| Complete 
| 457|0x000000009c900000, 0x000000009ca00000, 0x000000009ca00000|100%| E|CS|TAMS 0x000000009c900000, 0x000000009c900000| Complete 
| 458|0x000000009ca00000, 0x000000009cb00000, 0x000000009cb00000|100%| E|CS|TAMS 0x000000009ca00000, 0x000000009ca00000| Complete 
| 459|0x000000009cb00000, 0x000000009cc00000, 0x000000009cc00000|100%| E|CS|TAMS 0x000000009cb00000, 0x000000009cb00000| Complete 
| 460|0x000000009cc00000, 0x000000009cd00000, 0x000000009cd00000|100%| E|CS|TAMS 0x000000009cc00000, 0x000000009cc00000| Complete 
| 461|0x000000009cd00000, 0x000000009ce00000, 0x000000009ce00000|100%| E|CS|TAMS 0x000000009cd00000, 0x000000009cd00000| Complete 
| 462|0x000000009ce00000, 0x000000009cf00000, 0x000000009cf00000|100%| E|CS|TAMS 0x000000009ce00000, 0x000000009ce00000| Complete 
| 463|0x000000009cf00000, 0x000000009d000000, 0x000000009d000000|100%| E|  |TAMS 0x000000009cf00000, 0x000000009cf00000| Complete 
| 464|0x000000009d000000, 0x000000009d100000, 0x000000009d100000|100%| E|CS|TAMS 0x000000009d000000, 0x000000009d000000| Complete 
| 465|0x000000009d100000, 0x000000009d200000, 0x000000009d200000|100%| E|CS|TAMS 0x000000009d100000, 0x000000009d100000| Complete 
| 466|0x000000009d200000, 0x000000009d300000, 0x000000009d300000|100%| E|CS|TAMS 0x000000009d200000, 0x000000009d200000| Complete 
| 467|0x000000009d300000, 0x000000009d400000, 0x000000009d400000|100%| E|CS|TAMS 0x000000009d300000, 0x000000009d300000| Complete 
| 468|0x000000009d400000, 0x000000009d500000, 0x000000009d500000|100%| E|CS|TAMS 0x000000009d400000, 0x000000009d400000| Complete 
| 469|0x000000009d500000, 0x000000009d600000, 0x000000009d600000|100%| E|CS|TAMS 0x000000009d500000, 0x000000009d500000| Complete 
| 470|0x000000009d600000, 0x000000009d700000, 0x000000009d700000|100%| E|CS|TAMS 0x000000009d600000, 0x000000009d600000| Complete 
| 471|0x000000009d700000, 0x000000009d800000, 0x000000009d800000|100%| E|CS|TAMS 0x000000009d700000, 0x000000009d700000| Complete 
| 472|0x000000009d800000, 0x000000009d900000, 0x000000009d900000|100%| E|CS|TAMS 0x000000009d800000, 0x000000009d800000| Complete 
| 473|0x000000009d900000, 0x000000009da00000, 0x000000009da00000|100%| E|CS|TAMS 0x000000009d900000, 0x000000009d900000| Complete 
| 474|0x000000009da00000, 0x000000009db00000, 0x000000009db00000|100%| E|CS|TAMS 0x000000009da00000, 0x000000009da00000| Complete 
| 475|0x000000009db00000, 0x000000009dc00000, 0x000000009dc00000|100%| E|CS|TAMS 0x000000009db00000, 0x000000009db00000| Complete 
| 476|0x000000009dc00000, 0x000000009dd00000, 0x000000009dd00000|100%| E|CS|TAMS 0x000000009dc00000, 0x000000009dc00000| Complete 
| 477|0x000000009dd00000, 0x000000009de00000, 0x000000009de00000|100%| E|CS|TAMS 0x000000009dd00000, 0x000000009dd00000| Complete 
| 478|0x000000009de00000, 0x000000009df00000, 0x000000009df00000|100%| E|CS|TAMS 0x000000009de00000, 0x000000009de00000| Complete 
| 479|0x000000009df00000, 0x000000009e000000, 0x000000009e000000|100%| E|CS|TAMS 0x000000009df00000, 0x000000009df00000| Complete 
| 480|0x000000009e000000, 0x000000009e100000, 0x000000009e100000|100%| E|CS|TAMS 0x000000009e000000, 0x000000009e000000| Complete 
| 481|0x000000009e100000, 0x000000009e200000, 0x000000009e200000|100%| E|CS|TAMS 0x000000009e100000, 0x000000009e100000| Complete 
| 482|0x000000009e200000, 0x000000009e300000, 0x000000009e300000|100%| E|CS|TAMS 0x000000009e200000, 0x000000009e200000| Complete 
| 483|0x000000009e300000, 0x000000009e400000, 0x000000009e400000|100%| E|CS|TAMS 0x000000009e300000, 0x000000009e300000| Complete 
| 484|0x000000009e400000, 0x000000009e500000, 0x000000009e500000|100%| E|CS|TAMS 0x000000009e400000, 0x000000009e400000| Complete 
| 485|0x000000009e500000, 0x000000009e600000, 0x000000009e600000|100%| E|CS|TAMS 0x000000009e500000, 0x000000009e500000| Complete 
| 486|0x000000009e600000, 0x000000009e700000, 0x000000009e700000|100%| E|CS|TAMS 0x000000009e600000, 0x000000009e600000| Complete 
| 487|0x000000009e700000, 0x000000009e800000, 0x000000009e800000|100%| E|CS|TAMS 0x000000009e700000, 0x000000009e700000| Complete 
| 488|0x000000009e800000, 0x000000009e900000, 0x000000009e900000|100%| E|CS|TAMS 0x000000009e800000, 0x000000009e800000| Complete 
| 489|0x000000009e900000, 0x000000009ea00000, 0x000000009ea00000|100%| E|CS|TAMS 0x000000009e900000, 0x000000009e900000| Complete 
| 490|0x000000009ea00000, 0x000000009eb00000, 0x000000009eb00000|100%| E|CS|TAMS 0x000000009ea00000, 0x000000009ea00000| Complete 
| 491|0x000000009eb00000, 0x000000009ec00000, 0x000000009ec00000|100%| E|CS|TAMS 0x000000009eb00000, 0x000000009eb00000| Complete 
| 492|0x000000009ec00000, 0x000000009ed00000, 0x000000009ed00000|100%| E|CS|TAMS 0x000000009ec00000, 0x000000009ec00000| Complete 
| 493|0x000000009ed00000, 0x000000009ee00000, 0x000000009ee00000|100%| E|CS|TAMS 0x000000009ed00000, 0x000000009ed00000| Complete 
| 494|0x000000009ee00000, 0x000000009ef00000, 0x000000009ef00000|100%| E|CS|TAMS 0x000000009ee00000, 0x000000009ee00000| Complete 
| 495|0x000000009ef00000, 0x000000009f000000, 0x000000009f000000|100%| E|CS|TAMS 0x000000009ef00000, 0x000000009ef00000| Complete 
| 496|0x000000009f000000, 0x000000009f100000, 0x000000009f100000|100%| E|CS|TAMS 0x000000009f000000, 0x000000009f000000| Complete 
| 497|0x000000009f100000, 0x000000009f200000, 0x000000009f200000|100%| E|CS|TAMS 0x000000009f100000, 0x000000009f100000| Complete 
| 498|0x000000009f200000, 0x000000009f300000, 0x000000009f300000|100%| E|CS|TAMS 0x000000009f200000, 0x000000009f200000| Complete 
| 499|0x000000009f300000, 0x000000009f400000, 0x000000009f400000|100%| E|CS|TAMS 0x000000009f300000, 0x000000009f300000| Complete 
| 500|0x000000009f400000, 0x000000009f500000, 0x000000009f500000|100%| E|CS|TAMS 0x000000009f400000, 0x000000009f400000| Complete 
| 501|0x000000009f500000, 0x000000009f600000, 0x000000009f600000|100%| E|CS|TAMS 0x000000009f500000, 0x000000009f500000| Complete 
| 502|0x000000009f600000, 0x000000009f700000, 0x000000009f700000|100%| E|CS|TAMS 0x000000009f600000, 0x000000009f600000| Complete 
| 503|0x000000009f700000, 0x000000009f800000, 0x000000009f800000|100%| E|CS|TAMS 0x000000009f700000, 0x000000009f700000| Complete 
| 504|0x000000009f800000, 0x000000009f900000, 0x000000009f900000|100%| E|CS|TAMS 0x000000009f800000, 0x000000009f800000| Complete 
| 505|0x000000009f900000, 0x000000009fa00000, 0x000000009fa00000|100%| E|CS|TAMS 0x000000009f900000, 0x000000009f900000| Complete 
| 506|0x000000009fa00000, 0x000000009fb00000, 0x000000009fb00000|100%| E|CS|TAMS 0x000000009fa00000, 0x000000009fa00000| Complete 
| 507|0x000000009fb00000, 0x000000009fc00000, 0x000000009fc00000|100%| E|CS|TAMS 0x000000009fb00000, 0x000000009fb00000| Complete 

Card table byte_map: [0x0000029fb3b60000,0x0000029fb3f60000] _byte_map_base: 0x0000029fb3760000

Marking Bits (Prev, Next): (CMBitMap*) 0x0000029fa022bbc8, (CMBitMap*) 0x0000029fa022bc00
 Prev Bits: [0x0000029fb4360000, 0x0000029fb6360000)
 Next Bits: [0x0000029fb6360000, 0x0000029fb8360000)

Polling page: 0x0000029f9e9d0000

Metaspace:

Usage:
  Non-class:     94.50 MB capacity,    92.81 MB ( 98%) used,     1.38 MB (  1%) free+waste,   320.25 KB ( <1%) overhead. 
      Class:     14.60 MB capacity,    13.65 MB ( 93%) used,   830.34 KB (  6%) free+waste,   143.69 KB ( <1%) overhead. 
       Both:    109.10 MB capacity,   106.46 MB ( 98%) used,     2.19 MB (  2%) free+waste,   463.94 KB ( <1%) overhead. 

Virtual space:
  Non-class space:       96.00 MB reserved,      94.75 MB ( 99%) committed 
      Class space:        1.00 GB reserved,      14.70 MB (  1%) committed 
             Both:        1.09 GB reserved,     109.45 MB ( 10%) committed 

Chunk freelists:
   Non-Class:  59.00 KB
       Class:  29.00 KB
        Both:  88.00 KB

MaxMetaspaceSize: 17179869184.00 GB
CompressedClassSpaceSize: 1.00 GB
Initial GC threshold: 20.80 MB
Current GC threshold: 137.83 MB
CDS: off

CodeHeap 'non-profiled nmethods': size=120000Kb used=9085Kb max_used=9085Kb free=110914Kb
 bounds [0x0000029fab7d0000, 0x0000029fac0b0000, 0x0000029fb2d00000]
CodeHeap 'profiled nmethods': size=120000Kb used=30711Kb max_used=30711Kb free=89288Kb
 bounds [0x0000029fa42a0000, 0x0000029fa60a0000, 0x0000029fab7d0000]
CodeHeap 'non-nmethods': size=5760Kb used=2437Kb max_used=2502Kb free=3322Kb
 bounds [0x0000029fa3d00000, 0x0000029fa3f80000, 0x0000029fa42a0000]
 total_blobs=15200 nmethods=14251 adapters=860
 compilation: enabled
              stopped_count=0, restarted_count=0
 full_count=0

Compilation events (20 events):
Event: 16.543 Thread 0x0000029fbb7ea800 14427       1       com.android.tools.r8.synthesis.u::b (5 bytes)
Event: 16.543 Thread 0x0000029fbb7ea800 nmethod 14427 0x0000029fac0ad190 code [0x0000029fac0ad340, 0x0000029fac0ad3f8]
Event: 16.543 Thread 0x0000029fbb7ea800 14428       1       com.android.tools.r8.synthesis.k::f (5 bytes)
Event: 16.543 Thread 0x0000029fbb7ea800 nmethod 14428 0x0000029fac0ad490 code [0x0000029fac0ad640, 0x0000029fac0ad6f8]
Event: 16.543 Thread 0x0000029fbb7ea800 14429       1       com.android.tools.r8.synthesis.k::d (5 bytes)
Event: 16.543 Thread 0x0000029fbb7ea800 nmethod 14429 0x0000029fac0ad790 code [0x0000029fac0ad940, 0x0000029fac0ad9f8]
Event: 16.544 Thread 0x0000029fbb7ea800 14430       2       com.android.tools.r8.internal.jn::a (176 bytes)
Event: 16.545 Thread 0x0000029fbb7ea800 nmethod 14430 0x0000029fa607cf90 code [0x0000029fa607d200, 0x0000029fa607d868]
Event: 16.545 Thread 0x0000029fbb7ea800 14431       2       com.android.tools.r8.internal.kn::b (57 bytes)
Event: 16.545 Thread 0x0000029fbb7ea800 nmethod 14431 0x0000029fa607dc10 code [0x0000029fa607dde0, 0x0000029fa607e0b8]
Event: 16.545 Thread 0x0000029fbb7ea800 14432       2       com.android.tools.r8.internal.fn::b (46 bytes)
Event: 16.545 Thread 0x0000029fbb7ea800 nmethod 14432 0x0000029fa607e290 code [0x0000029fa607e460, 0x0000029fa607e698]
Event: 16.545 Thread 0x0000029fbb7ea800 14434       2       com.android.tools.r8.internal.Ab::a (96 bytes)
Event: 16.546 Thread 0x0000029fbb7ea800 nmethod 14434 0x0000029fa607e790 code [0x0000029fa607ea40, 0x0000029fa607f208]
Event: 16.546 Thread 0x0000029fbb7ea800 14433       2       java.util.IdentityHashMap::unmaskNull (13 bytes)
Event: 16.546 Thread 0x0000029fbb7ea800 nmethod 14433 0x0000029fa607f690 code [0x0000029fa607f840, 0x0000029fa607f938]
Event: 16.546 Thread 0x0000029fbb7ea800 14435       1       java.util.AbstractMap$SimpleEntry::getKey (5 bytes)
Event: 16.546 Thread 0x0000029fbb7ea800 nmethod 14435 0x0000029fac0ada90 code [0x0000029fac0adc40, 0x0000029fac0adcf8]
Event: 16.546 Thread 0x0000029fbb7ea800 14436       1       java.util.AbstractMap$SimpleEntry::getValue (5 bytes)
Event: 16.546 Thread 0x0000029fbb7ea800 nmethod 14436 0x0000029fac0add90 code [0x0000029fac0adf40, 0x0000029fac0adff8]

GC Heap History (20 events):
Event: 2.867 GC heap before
{Heap before GC invocations=3 (full 0):
 garbage-first heap   total 520192K, used 45926K [0x0000000080000000, 0x0000000100000000)
  region size 1024K, 40 young (40960K), 12 survivors (12288K)
 Metaspace       used 23494K, capacity 24053K, committed 24192K, reserved 1071104K
  class space    used 2990K, capacity 3198K, committed 3200K, reserved 1048576K
}
Event: 2.872 GC heap after
{Heap after GC invocations=4 (full 0):
 garbage-first heap   total 520192K, used 17936K [0x0000000080000000, 0x0000000100000000)
  region size 1024K, 2 young (2048K), 2 survivors (2048K)
 Metaspace       used 23494K, capacity 24053K, committed 24192K, reserved 1071104K
  class space    used 2990K, capacity 3198K, committed 3200K, reserved 1048576K
}
Event: 3.731 GC heap before
{Heap before GC invocations=4 (full 0):
 garbage-first heap   total 520192K, used 97808K [0x0000000080000000, 0x0000000100000000)
  region size 1024K, 80 young (81920K), 2 survivors (2048K)
 Metaspace       used 32320K, capacity 33128K, committed 33280K, reserved 1077248K
  class space    used 4306K, capacity 4571K, committed 4608K, reserved 1048576K
}
Event: 3.736 GC heap after
{Heap after GC invocations=5 (full 0):
 garbage-first heap   total 520192K, used 20936K [0x0000000080000000, 0x0000000100000000)
  region size 1024K, 5 young (5120K), 5 survivors (5120K)
 Metaspace       used 32320K, capacity 33128K, committed 33280K, reserved 1077248K
  class space    used 4306K, capacity 4571K, committed 4608K, reserved 1048576K
}
Event: 3.877 GC heap before
{Heap before GC invocations=5 (full 0):
 garbage-first heap   total 520192K, used 26056K [0x0000000080000000, 0x0000000100000000)
  region size 1024K, 11 young (11264K), 5 survivors (5120K)
 Metaspace       used 34994K, capacity 35789K, committed 35840K, reserved 1081344K
  class space    used 4525K, capacity 4841K, committed 4864K, reserved 1048576K
}
Event: 3.886 GC heap after
{Heap after GC invocations=6 (full 0):
 garbage-first heap   total 520192K, used 22134K [0x0000000080000000, 0x0000000100000000)
  region size 1024K, 6 young (6144K), 6 survivors (6144K)
 Metaspace       used 34994K, capacity 35789K, committed 35840K, reserved 1081344K
  class space    used 4525K, capacity 4841K, committed 4864K, reserved 1048576K
}
Event: 5.127 GC heap before
{Heap before GC invocations=7 (full 0):
 garbage-first heap   total 520192K, used 160374K [0x0000000080000000, 0x0000000100000000)
  region size 1024K, 138 young (141312K), 6 survivors (6144K)
 Metaspace       used 46091K, capacity 47167K, committed 47308K, reserved 1089536K
  class space    used 5924K, capacity 6321K, committed 6348K, reserved 1048576K
}
Event: 5.138 GC heap after
{Heap after GC invocations=8 (full 0):
 garbage-first heap   total 520192K, used 30364K [0x0000000080000000, 0x0000000100000000)
  region size 1024K, 14 young (14336K), 14 survivors (14336K)
 Metaspace       used 46091K, capacity 47167K, committed 47308K, reserved 1089536K
  class space    used 5924K, capacity 6321K, committed 6348K, reserved 1048576K
}
Event: 6.830 GC heap before
{Heap before GC invocations=8 (full 0):
 garbage-first heap   total 520192K, used 213660K [0x0000000080000000, 0x0000000100000000)
  region size 1024K, 187 young (191488K), 14 survivors (14336K)
 Metaspace       used 58408K, capacity 59966K, committed 60236K, reserved 1101824K
  class space    used 7447K, capacity 7985K, committed 8012K, reserved 1048576K
}
Event: 6.861 GC heap after
{Heap after GC invocations=9 (full 0):
 garbage-first heap   total 520192K, used 52676K [0x0000000080000000, 0x0000000100000000)
  region size 1024K, 28 young (28672K), 28 survivors (28672K)
 Metaspace       used 58408K, capacity 59966K, committed 60236K, reserved 1101824K
  class space    used 7447K, capacity 7985K, committed 8012K, reserved 1048576K
}
Event: 9.890 GC heap before
{Heap before GC invocations=10 (full 0):
 garbage-first heap   total 520192K, used 335300K [0x0000000080000000, 0x0000000100000000)
  region size 1024K, 304 young (311296K), 28 survivors (28672K)
 Metaspace       used 82336K, capacity 84257K, committed 84428K, reserved 1122304K
  class space    used 10746K, capacity 11418K, committed 11468K, reserved 1048576K
}
Event: 9.944 GC heap after
{Heap after GC invocations=11 (full 0):
 garbage-first heap   total 520192K, used 71026K [0x0000000080000000, 0x0000000100000000)
  region size 1024K, 33 young (33792K), 33 survivors (33792K)
 Metaspace       used 82336K, capacity 84257K, committed 84428K, reserved 1122304K
  class space    used 10746K, capacity 11418K, committed 11468K, reserved 1048576K
}
Event: 13.050 GC heap before
{Heap before GC invocations=12 (full 0):
 garbage-first heap   total 520192K, used 373106K [0x0000000080000000, 0x0000000100000000)
  region size 1024K, 304 young (311296K), 33 survivors (33792K)
 Metaspace       used 95830K, capacity 98205K, committed 98380K, reserved 1134592K
  class space    used 12223K, capacity 13081K, committed 13132K, reserved 1048576K
}
Event: 13.085 GC heap after
{Heap after GC invocations=13 (full 0):
 garbage-first heap   total 520192K, used 88922K [0x0000000080000000, 0x0000000100000000)
  region size 1024K, 36 young (36864K), 36 survivors (36864K)
 Metaspace       used 95830K, capacity 98205K, committed 98380K, reserved 1134592K
  class space    used 12223K, capacity 13081K, committed 13132K, reserved 1048576K
}
Event: 15.373 GC heap before
{Heap before GC invocations=13 (full 0):
 garbage-first heap   total 520192K, used 438106K [0x0000000080000000, 0x0000000100000000)
  region size 1024K, 304 young (311296K), 36 survivors (36864K)
 Metaspace       used 105148K, capacity 107683K, committed 107980K, reserved 1142784K
  class space    used 13305K, capacity 14195K, committed 14284K, reserved 1048576K
}
Event: 15.425 GC heap after
{Heap after GC invocations=14 (full 0):
 garbage-first heap   total 520192K, used 160768K [0x0000000080000000, 0x0000000100000000)
  region size 1024K, 38 young (38912K), 38 survivors (38912K)
 Metaspace       used 105148K, capacity 107683K, committed 107980K, reserved 1142784K
  class space    used 13305K, capacity 14195K, committed 14284K, reserved 1048576K
}
Event: 15.604 GC heap before
{Heap before GC invocations=14 (full 0):
 garbage-first heap   total 520192K, used 200704K [0x0000000080000000, 0x0000000100000000)
  region size 1024K, 74 young (75776K), 38 survivors (38912K)
 Metaspace       used 105768K, capacity 108411K, committed 108620K, reserved 1142784K
  class space    used 13401K, capacity 14335K, committed 14412K, reserved 1048576K
}
Event: 15.649 GC heap after
{Heap after GC invocations=15 (full 0):
 garbage-first heap   total 520192K, used 179200K [0x0000000080000000, 0x0000000100000000)
  region size 1024K, 10 young (10240K), 10 survivors (10240K)
 Metaspace       used 105768K, capacity 108411K, committed 108620K, reserved 1142784K
  class space    used 13401K, capacity 14335K, committed 14412K, reserved 1048576K
}
Event: 16.195 GC heap before
{Heap before GC invocations=15 (full 0):
 garbage-first heap   total 520192K, used 318464K [0x0000000080000000, 0x0000000100000000)
  region size 1024K, 147 young (150528K), 10 survivors (10240K)
 Metaspace       used 107658K, capacity 110369K, committed 110540K, reserved 1144832K
  class space    used 13792K, capacity 14755K, committed 14796K, reserved 1048576K
}
Event: 16.282 GC heap after
{Heap after GC invocations=16 (full 0):
 garbage-first heap   total 520192K, used 248320K [0x0000000080000000, 0x0000000100000000)
  region size 1024K, 19 young (19456K), 19 survivors (19456K)
 Metaspace       used 107658K, capacity 110369K, committed 110540K, reserved 1144832K
  class space    used 13792K, capacity 14755K, committed 14796K, reserved 1048576K
}

Deoptimization events (20 events):
Event: 16.355 Thread 0x0000029fbbe26000 DEOPT PACKING pc=0x0000029fa5fb637e sp=0x000000b047dfe250
Event: 16.355 Thread 0x0000029fbbe26000 DEOPT UNPACKING pc=0x0000029fa3d49d0e sp=0x000000b047dfd7d0 mode 0
Event: 16.362 Thread 0x0000029fbbe26000 DEOPT PACKING pc=0x0000029fa5fb637e sp=0x000000b047dfe250
Event: 16.362 Thread 0x0000029fbbe26000 DEOPT UNPACKING pc=0x0000029fa3d49d0e sp=0x000000b047dfd7d0 mode 0
Event: 16.530 Thread 0x0000029fbbd46000 Uncommon trap: trap_request=0xffffffde fr.pc=0x0000029fac04fc58 relative=0x0000000000000278
Event: 16.530 Thread 0x0000029fbbd46000 Uncommon trap: reason=class_check action=maybe_recompile pc=0x0000029fac04fc58 method=java.util.Map.computeIfAbsent(Ljava/lang/Object;Ljava/util/function/Function;)Ljava/lang/Object; @ 7 c2
Event: 16.530 Thread 0x0000029fbbd46000 DEOPT PACKING pc=0x0000029fac04fc58 sp=0x000000b046afdbc0
Event: 16.530 Thread 0x0000029fbbd46000 DEOPT UNPACKING pc=0x0000029fa3d085af sp=0x000000b046afdb78 mode 2
Event: 16.531 Thread 0x0000029fbbd46000 Uncommon trap: trap_request=0xffffffde fr.pc=0x0000029fac04fc58 relative=0x0000000000000278
Event: 16.531 Thread 0x0000029fbbd46000 Uncommon trap: reason=class_check action=maybe_recompile pc=0x0000029fac04fc58 method=java.util.Map.computeIfAbsent(Ljava/lang/Object;Ljava/util/function/Function;)Ljava/lang/Object; @ 7 c2
Event: 16.531 Thread 0x0000029fbbd46000 DEOPT PACKING pc=0x0000029fac04fc58 sp=0x000000b046afdbc0
Event: 16.531 Thread 0x0000029fbbd46000 DEOPT UNPACKING pc=0x0000029fa3d085af sp=0x000000b046afdb78 mode 2
Event: 16.531 Thread 0x0000029fbbd46000 Uncommon trap: trap_request=0xffffffde fr.pc=0x0000029fac04fc58 relative=0x0000000000000278
Event: 16.531 Thread 0x0000029fbbd46000 Uncommon trap: reason=class_check action=maybe_recompile pc=0x0000029fac04fc58 method=java.util.Map.computeIfAbsent(Ljava/lang/Object;Ljava/util/function/Function;)Ljava/lang/Object; @ 7 c2
Event: 16.531 Thread 0x0000029fbbd46000 DEOPT PACKING pc=0x0000029fac04fc58 sp=0x000000b046afdbc0
Event: 16.531 Thread 0x0000029fbbd46000 DEOPT UNPACKING pc=0x0000029fa3d085af sp=0x000000b046afdb78 mode 2
Event: 16.535 Thread 0x0000029fbbd46000 Uncommon trap: trap_request=0xffffffde fr.pc=0x0000029fac04fc58 relative=0x0000000000000278
Event: 16.535 Thread 0x0000029fbbd46000 Uncommon trap: reason=class_check action=maybe_recompile pc=0x0000029fac04fc58 method=java.util.Map.computeIfAbsent(Ljava/lang/Object;Ljava/util/function/Function;)Ljava/lang/Object; @ 7 c2
Event: 16.535 Thread 0x0000029fbbd46000 DEOPT PACKING pc=0x0000029fac04fc58 sp=0x000000b046afd6e0
Event: 16.535 Thread 0x0000029fbbd46000 DEOPT UNPACKING pc=0x0000029fa3d085af sp=0x000000b046afd698 mode 2

Classes redefined (0 events):
No events

Internal exceptions (20 events):
Event: 14.584 Thread 0x0000029fbc72e800 Exception <a 'java/lang/NoSuchMethodError'{0x0000000095ccb610}: <clinit>> (0x0000000095ccb610) thrown at [./src/hotspot/share/prims/jni.cpp, line 1365]
Event: 14.584 Thread 0x0000029fbc72e800 Exception <a 'java/lang/NoSuchMethodError'{0x0000000095ccd2e8}: <clinit>> (0x0000000095ccd2e8) thrown at [./src/hotspot/share/prims/jni.cpp, line 1365]
Event: 14.804 Thread 0x0000029fbbd46000 Exception <a 'sun/nio/fs/WindowsException'{0x0000000093e8e4b0}> (0x0000000093e8e4b0) thrown at [./src/hotspot/share/prims/jni.cpp, line 615]
Event: 14.940 Thread 0x0000029fbc72e800 Exception <a 'java/lang/NoSuchMethodError'{0x00000000936ef508}: <clinit>> (0x00000000936ef508) thrown at [./src/hotspot/share/prims/jni.cpp, line 1365]
Event: 14.944 Thread 0x0000029fbc72e800 Exception <a 'java/lang/NoSuchMethodError'{0x0000000093593b48}: <clinit>> (0x0000000093593b48) thrown at [./src/hotspot/share/prims/jni.cpp, line 1365]
Event: 14.946 Thread 0x0000029fbc72e800 Exception <a 'java/lang/NoSuchMethodError'{0x00000000935acd00}: <clinit>> (0x00000000935acd00) thrown at [./src/hotspot/share/prims/jni.cpp, line 1365]
Event: 15.077 Thread 0x0000029fbbd46000 Exception <a 'java/lang/NoSuchMethodError'{0x0000000092e71e28}: 'java.lang.Object java.lang.invoke.DirectMethodHandle$Holder.invokeStaticInit(java.lang.Object, java.lang.Object, java.lang.Object, java.lang.Object, java.lang.Object, java.lang.Object, java.lang.Object, java.lang.Object, java.lang.Object, java.lang.Object, java.lang.Object, java.lang.Object, java.lang.Object, java.lang.Object, java.lang.Object, java.lang.Object, java.lang.Object, java.lang.Object, int, java.lang.Object, java.lang.Object)'> (0
Event: 15.345 Thread 0x0000029fbbd47800 Exception <a 'java/lang/NoSuchMethodError'{0x00000000931f6678}: 'void java.lang.invoke.DirectMethodHandle$Holder.invokeStatic(java.lang.Object, long)'> (0x00000000931f6678) thrown at [./src/hotspot/share/interpreter/linkResolver.cpp, line 773]
Event: 15.346 Thread 0x0000029fbbd47800 Exception <a 'java/lang/NoSuchMethodError'{0x000000008f566d20}: 'java.lang.Object java.lang.invoke.DirectMethodHandle$Holder.invokeStatic(java.lang.Object, long)'> (0x000000008f566d20) thrown at [./src/hotspot/share/interpreter/linkResolver.cpp, line 773]
Event: 15.348 Thread 0x0000029fbbd47800 Exception <a 'java/lang/NoSuchMethodError'{0x000000008f575088}: 'java.lang.Object java.lang.invoke.DirectMethodHandle$Holder.invokeStaticInit(java.lang.Object, java.lang.Object, long, java.lang.Object)'> (0x000000008f575088) thrown at [./src/hotspot/share/interpreter/linkResolver.cpp, line 773]
Event: 15.348 Thread 0x0000029fbbd47800 Exception <a 'java/lang/NoSuchMethodError'{0x000000008f57b220}: 'java.lang.Object java.lang.invoke.DirectMethodHandle$Holder.invokeStatic(java.lang.Object, java.lang.Object, long)'> (0x000000008f57b220) thrown at [./src/hotspot/share/interpreter/linkResolver.cpp, line 773]
Event: 15.348 Thread 0x0000029fbbd47800 Exception <a 'java/lang/NoSuchMethodError'{0x000000008f5e62a0}: 'java.lang.Object java.lang.invoke.Invokers$Holder.linkToTargetMethod(java.lang.Object, long, java.lang.Object)'> (0x000000008f5e62a0) thrown at [./src/hotspot/share/interpreter/linkResolver.cpp, line 773]
Event: 15.487 Thread 0x0000029fbbd47800 Exception <a 'java/lang/NoSuchMethodError'{0x000000009efb3798}: 'int java.lang.invoke.DirectMethodHandle$Holder.invokeSpecialIFC(java.lang.Object, java.lang.Object, java.lang.Object)'> (0x000000009efb3798) thrown at [./src/hotspot/share/interpreter/linkResolver.cpp, line 773]
Event: 15.602 Thread 0x0000029fbbe24000 Exception <a 'java/lang/NoSuchMethodError'{0x000000009d8ac280}: 'java.lang.Object java.lang.invoke.DirectMethodHandle$Holder.newInvokeSpecial(java.lang.Object, int)'> (0x000000009d8ac280) thrown at [./src/hotspot/share/interpreter/linkResolver.cpp, line 773]
Event: 15.603 Thread 0x0000029fbbd4c800 Exception <a 'java/lang/IncompatibleClassChangeError'{0x000000009d92b828}: Found class java.lang.Object, but interface was expected> (0x000000009d92b828) thrown at [./src/hotspot/share/interpreter/linkResolver.cpp, line 839]
Event: 15.604 Thread 0x0000029fbbd4b800 Exception <a 'java/lang/IncompatibleClassChangeError'{0x000000009d87ece8}: Found class java.lang.Object, but interface was expected> (0x000000009d87ece8) thrown at [./src/hotspot/share/interpreter/linkResolver.cpp, line 839]
Event: 15.661 Thread 0x0000029fbbd4b800 Exception <a 'java/lang/IncompatibleClassChangeError'{0x000000009fb48e50}: Found class java.lang.Object, but interface was expected> (0x000000009fb48e50) thrown at [./src/hotspot/share/interpreter/linkResolver.cpp, line 839]
Event: 15.661 Thread 0x0000029fbbd4c800 Exception <a 'java/lang/IncompatibleClassChangeError'{0x000000009fb5f978}: Found class java.lang.Object, but interface was expected> (0x000000009fb5f978) thrown at [./src/hotspot/share/interpreter/linkResolver.cpp, line 839]
Event: 15.661 Thread 0x0000029fbbd4b800 Exception <a 'java/lang/IncompatibleClassChangeError'{0x000000009fb4e910}: Found class java.lang.Object, but interface was expected> (0x000000009fb4e910) thrown at [./src/hotspot/share/interpreter/linkResolver.cpp, line 839]
Event: 15.661 Thread 0x0000029fbbd4c800 Exception <a 'java/lang/IncompatibleClassChangeError'{0x000000009fb60158}: Found class java.lang.Object, but interface was expected> (0x000000009fb60158) thrown at [./src/hotspot/share/interpreter/linkResolver.cpp, line 839]

Events (20 events):
Event: 16.533 loading class com/android/tools/r8/graph/q0
Event: 16.533 loading class com/android/tools/r8/graph/q0 done
Event: 16.533 loading class com/android/tools/r8/graph/v
Event: 16.533 loading class com/android/tools/r8/graph/v done
Event: 16.534 loading class com/android/tools/r8/graph/i3
Event: 16.534 loading class com/android/tools/r8/graph/i3 done
Event: 16.535 loading class com/android/tools/r8/graph/e1
Event: 16.535 loading class com/android/tools/r8/graph/e1 done
Event: 16.544 loading class com/android/tools/r8/graph/e1
Event: 16.544 loading class com/android/tools/r8/graph/e1 done
Event: 16.544 loading class java/util/IdentityHashMap$EntrySet
Event: 16.545 loading class java/util/IdentityHashMap$EntrySet done
Event: 16.545 loading class java/util/AbstractMap$SimpleEntry
Event: 16.545 loading class java/util/AbstractMap$SimpleEntry done
Event: 16.545 loading class com/android/tools/r8/internal/k3
Event: 16.545 loading class com/android/tools/r8/internal/k3 done
Event: 16.546 loading class com/android/tools/r8/internal/lU
Event: 16.546 loading class com/android/tools/r8/internal/lU done
Event: 16.546 loading class com/android/tools/r8/internal/Ni
Event: 16.546 loading class com/android/tools/r8/internal/Ni done


Dynamic libraries:
0x00007ff69af40000 - 0x00007ff69af4a000 	D:\Android Studio\jre\bin\java.exe
0x00007ffe46e50000 - 0x00007ffe47045000 	C:\Windows\SYSTEM32\ntdll.dll
0x00007ffe46960000 - 0x00007ffe46a1d000 	C:\Windows\System32\KERNEL32.DLL
0x00007ffe44770000 - 0x00007ffe44a3d000 	C:\Windows\System32\KERNELBASE.dll
0x00007ffe44a40000 - 0x00007ffe44b40000 	C:\Windows\System32\ucrtbase.dll
0x00007ffe3e540000 - 0x00007ffe3e559000 	D:\Android Studio\jre\bin\jli.dll
0x00007ffe44ff0000 - 0x00007ffe45190000 	C:\Windows\System32\USER32.dll
0x00007ffe44de0000 - 0x00007ffe44e02000 	C:\Windows\System32\win32u.dll
0x00007ffe461e0000 - 0x00007ffe4620a000 	C:\Windows\System32\GDI32.dll
0x00007ffe44b70000 - 0x00007ffe44c7b000 	C:\Windows\System32\gdi32full.dll
0x00007ffe44620000 - 0x00007ffe446bd000 	C:\Windows\System32\msvcp_win.dll
0x00007ffe37900000 - 0x00007ffe37917000 	D:\Android Studio\jre\bin\VCRUNTIME140.dll
0x00007ffe21fe0000 - 0x00007ffe2227a000 	C:\Windows\WinSxS\amd64_microsoft.windows.common-controls_6595b64144ccf1df_6.0.19041.1110_none_60b5254171f9507e\COMCTL32.dll
0x00007ffe46cb0000 - 0x00007ffe46d4e000 	C:\Windows\System32\msvcrt.dll
0x00007ffe46c80000 - 0x00007ffe46cb0000 	C:\Windows\System32\IMM32.DLL
0x00007ffdfe750000 - 0x00007ffdfe7ed000 	D:\Android Studio\jre\bin\msvcp140.dll
0x00007ffdde3f0000 - 0x00007ffddeed5000 	D:\Android Studio\jre\bin\server\jvm.dll
0x00007ffe46a20000 - 0x00007ffe46ace000 	C:\Windows\System32\ADVAPI32.dll
0x00007ffe44f30000 - 0x00007ffe44fcc000 	C:\Windows\System32\sechost.dll
0x00007ffe45670000 - 0x00007ffe45795000 	C:\Windows\System32\RPCRT4.dll
0x00007ffe44ea0000 - 0x00007ffe44ea8000 	C:\Windows\System32\PSAPI.DLL
0x00007ffe1df70000 - 0x00007ffe1df79000 	C:\Windows\SYSTEM32\WSOCK32.dll
0x00007ffe45b80000 - 0x00007ffe45beb000 	C:\Windows\System32\WS2_32.dll
0x00007ffe22430000 - 0x00007ffe22457000 	C:\Windows\SYSTEM32\WINMM.dll
0x00007ffe34190000 - 0x00007ffe3419a000 	C:\Windows\SYSTEM32\VERSION.dll
0x00007ffe42da0000 - 0x00007ffe42db2000 	C:\Windows\SYSTEM32\kernel.appcore.dll
0x00007ffe297d0000 - 0x00007ffe297e1000 	D:\Android Studio\jre\bin\verify.dll
0x00007ffe42ab0000 - 0x00007ffe42c94000 	C:\Windows\SYSTEM32\DBGHELP.DLL
0x00007ffe25580000 - 0x00007ffe255ac000 	C:\Windows\SYSTEM32\dbgcore.DLL
0x00007ffe44e10000 - 0x00007ffe44e92000 	C:\Windows\System32\bcryptPrimitives.dll
0x00007ffe246b0000 - 0x00007ffe246d9000 	D:\Android Studio\jre\bin\java.dll
0x00007ffe3e580000 - 0x00007ffe3e58b000 	D:\Android Studio\jre\bin\jimage.dll
0x00007ffe297b0000 - 0x00007ffe297c8000 	D:\Android Studio\jre\bin\zip.dll
0x00007ffe46210000 - 0x00007ffe46954000 	C:\Windows\System32\SHELL32.dll
0x00007ffe42240000 - 0x00007ffe429d4000 	C:\Windows\SYSTEM32\windows.storage.dll
0x00007ffe45c80000 - 0x00007ffe45fd4000 	C:\Windows\System32\combase.dll
0x00007ffe43e70000 - 0x00007ffe43e9c000 	C:\Windows\SYSTEM32\Wldp.dll
0x00007ffe458c0000 - 0x00007ffe4596d000 	C:\Windows\System32\SHCORE.dll
0x00007ffe46d50000 - 0x00007ffe46da5000 	C:\Windows\System32\shlwapi.dll
0x00007ffe444a0000 - 0x00007ffe444bf000 	C:\Windows\SYSTEM32\profapi.dll
0x00007ffe25680000 - 0x00007ffe2569a000 	D:\Android Studio\jre\bin\net.dll
0x00007ffe3e840000 - 0x00007ffe3e94a000 	C:\Windows\SYSTEM32\WINHTTP.dll
0x00007ffe43bf0000 - 0x00007ffe43c5a000 	C:\Windows\system32\mswsock.dll
0x00007ffe241a0000 - 0x00007ffe241b4000 	D:\Android Studio\jre\bin\nio.dll
0x00007ffe00d40000 - 0x00007ffe00d67000 	C:\Users\kolosov-V\.gradle\native\e1d6ef7f7dcc3fd88c89a11ec53ec762bb8ba0a96d01ffa2cd45eb1d1d8dd5c5\windows-amd64\native-platform.dll
0x00007ffdfe460000 - 0x00007ffdfe5a4000 	C:\Users\kolosov-V\.gradle\native\5664cfc778a61ccfe75a443a1ab52a65af34e5dc3c78e0209fed803814484fcb\windows-amd64\native-platform-file-events.dll
0x00007ffe3e530000 - 0x00007ffe3e53a000 	D:\Android Studio\jre\bin\management.dll
0x00007ffe3c550000 - 0x00007ffe3c55d000 	D:\Android Studio\jre\bin\management_ext.dll
0x00007ffe43ed0000 - 0x00007ffe43ee8000 	C:\Windows\SYSTEM32\CRYPTSP.dll
0x00000000589f0000 - 0x0000000058a07000 	C:\Program Files\Common Files\Crypto Pro\AppCompat\cpadvai.dll
0x0000000058a10000 - 0x0000000058a16000 	C:\Program Files\Common Files\Crypto Pro\AppCompat\detoured.dll
0x00007ffe43590000 - 0x00007ffe435c4000 	C:\Windows\system32\rsaenh.dll
0x00007ffe44b40000 - 0x00007ffe44b67000 	C:\Windows\System32\bcrypt.dll
0x00007ffe44420000 - 0x00007ffe4444e000 	C:\Windows\SYSTEM32\USERENV.dll
0x00007ffe43de0000 - 0x00007ffe43dec000 	C:\Windows\SYSTEM32\CRYPTBASE.dll
0x00007ffe43900000 - 0x00007ffe4393b000 	C:\Windows\SYSTEM32\IPHLPAPI.DLL
0x00007ffe46090000 - 0x00007ffe46098000 	C:\Windows\System32\NSI.dll
0x00007ffe3d0a0000 - 0x00007ffe3d0b7000 	C:\Windows\SYSTEM32\dhcpcsvc6.DLL
0x00007ffe3d190000 - 0x00007ffe3d1ad000 	C:\Windows\SYSTEM32\dhcpcsvc.DLL
0x00007ffe43950000 - 0x00007ffe43a1b000 	C:\Windows\SYSTEM32\DNSAPI.dll
0x00007ffe43470000 - 0x00007ffe434a3000 	C:\Windows\SYSTEM32\ntmarta.dll

dbghelp: loaded successfully - version: 4.0.5 - missing functions: none
symbol engine: initialized successfully - sym options: 0x614 - pdb path: .;D:\Android Studio\jre\bin;C:\Windows\SYSTEM32;C:\Windows\WinSxS\amd64_microsoft.windows.common-controls_6595b64144ccf1df_6.0.19041.1110_none_60b5254171f9507e;D:\Android Studio\jre\bin\server;C:\Users\kolosov-V\.gradle\native\e1d6ef7f7dcc3fd88c89a11ec53ec762bb8ba0a96d01ffa2cd45eb1d1d8dd5c5\windows-amd64;C:\Users\kolosov-V\.gradle\native\5664cfc778a61ccfe75a443a1ab52a65af34e5dc3c78e0209fed803814484fcb\windows-amd64;C:\Program Files\Common Files\Crypto Pro\AppCompat

VM Arguments:
jvm_args: --add-opens=java.base/java.util=ALL-UNNAMED --add-opens=java.base/java.lang=ALL-UNNAMED --add-opens=java.base/java.lang.invoke=ALL-UNNAMED --add-opens=java.base/java.util=ALL-UNNAMED --add-opens=java.prefs/java.util.prefs=ALL-UNNAMED --add-opens=java.prefs/java.util.prefs=ALL-UNNAMED --add-opens=java.base/java.nio.charset=ALL-UNNAMED --add-opens=java.base/java.net=ALL-UNNAMED --add-opens=java.base/java.util.concurrent.atomic=ALL-UNNAMED -Xmx2048m -Dfile.encoding=UTF-8 -Duser.country=RU -Duser.language=ru -Duser.variant 
java_command: org.gradle.launcher.daemon.bootstrap.GradleDaemon 7.3.3
java_class_path (initial): C:\Users\kolosov-V\.gradle\wrapper\dists\gradle-7.3.3-bin\6a41zxkdtcxs8rphpq6y0069z\gradle-7.3.3\lib\gradle-launcher-7.3.3.jar
Launcher Type: SUN_STANDARD

[Global flags]
     intx CICompilerCount                          = 4                                         {product} {ergonomic}
     uint ConcGCThreads                            = 2                                         {product} {ergonomic}
     uint G1ConcRefinementThreads                  = 8                                         {product} {ergonomic}
   size_t G1HeapRegionSize                         = 1048576                                   {product} {ergonomic}
    uintx GCDrainStackTargetSize                   = 64                                        {product} {ergonomic}
   size_t InitialHeapSize                          = 532676608                                 {product} {ergonomic}
   size_t MarkStackSize                            = 4194304                                   {product} {ergonomic}
   size_t MaxHeapSize                              = 2147483648                                {product} {command line}
   size_t MaxNewSize                               = 1287651328                                {product} {ergonomic}
   size_t MinHeapDeltaBytes                        = 1048576                                   {product} {ergonomic}
    uintx NonNMethodCodeHeapSize                   = 5836300                                {pd product} {ergonomic}
    uintx NonProfiledCodeHeapSize                  = 122910970                              {pd product} {ergonomic}
    uintx ProfiledCodeHeapSize                     = 122910970                              {pd product} {ergonomic}
    uintx ReservedCodeCacheSize                    = 251658240                              {pd product} {ergonomic}
     bool SegmentedCodeCache                       = true                                      {product} {ergonomic}
     bool UseCompressedClassPointers               = true                                 {lp64_product} {ergonomic}
     bool UseCompressedOops                        = true                                 {lp64_product} {ergonomic}
     bool UseG1GC                                  = true                                      {product} {ergonomic}
     bool UseLargePagesIndividualAllocation        = false                                  {pd product} {ergonomic}

Logging:
Log output configuration:
 #0: stdout all=warning uptime,level,tags
 #1: stderr all=off uptime,level,tags

Environment Variables:
JAVA_HOME=C:\Program Files\Java\jdk-11.0.14
PATH=C:\Program Files\Java\jdk-11.0.14\bin;C:\Program Files (x86)\VMware\VMware Workstation\bin\;C:\Windows\system32;C:\Windows;C:\Windows\System32\Wbem;C:\Windows\System32\WindowsPowerShell\v1.0\;C:\Windows\System32\OpenSSH\;C:\Program Files\SafeNet\Authentication\SAC\x64;C:\Program Files\SafeNet\Authentication\SAC\x32;C:\Program Files\Git\cmd;C:\Program Files\PuTTY\;C:\Program Files (x86)\Common Files\SecurIT;C:\Program Files\nodejs\;C:\Program Files\Docker\Docker\resources\bin;C:\Users\kolosov-V\AppData\Local\Microsoft\WindowsApps;D:\apache-ant-1.10.13\bin;C:\Users\kolosov-V\AppData\Roaming\npm
USERNAME=kolosov-v
OS=Windows_NT
PROCESSOR_IDENTIFIER=Intel64 Family 6 Model 140 Stepping 1, GenuineIntel



---------------  S Y S T E M  ---------------

OS: Windows 10 , 64 bit Build 19041 (10.0.19041.1706)
OS uptime: 3 days 5:22 hours
Hyper-V role detected

CPU:total 8 (initial active 8) (4 cores per cpu, 2 threads per core) family 6 model 140 stepping 1 microcode 0x86, cmov, cx8, fxsr, mmx, sse, sse2, sse3, ssse3, sse4.1, sse4.2, popcnt, avx, avx2, aes, clmul, erms, 3dnowpref, lzcnt, ht, tsc, tscinvbit, bmi1, bmi2, adx, evex, sha, fma

Memory: 4k page, system-wide physical 32508M (6949M free)
TotalPageFile size 40604M (AvailPageFile size 5M)
current process WorkingSet (physical memory assigned to process): 849M, peak: 849M
current process commit charge ("private bytes"): 900M, peak: 902M

vm_info: OpenJDK 64-Bit Server VM (11.0.12+7-b1504.28-7817840) for windows-amd64 JRE (11.0.12+7-b1504.28-7817840), built on Oct 13 2021 22:12:33 by "builder" with MS VC++ 14.0 (VS2015)

END.
