#
# There is insufficient memory for the Java Runtime Environment to continue.
# Native memory allocation (malloc) failed to allocate 1061616 bytes for Chunk::new
# Possible reasons:
#   The system is out of physical RAM or swap space
#   The process is running with CompressedOops enabled, and the Java Heap may be blocking the growth of the native heap
# Possible solutions:
#   Reduce memory load on the system
#   Increase physical memory or swap space
#   Check if swap backing store is full
#   Decrease Java heap size (-Xmx/-Xms)
#   Decrease number of Java threads
#   Decrease Java thread stack sizes (-Xss)
#   Set larger code cache with -XX:ReservedCodeCacheSize=
#   JVM is running with Unscaled Compressed Oops mode in which the Java heap is
#     placed in the first 4GB address space. The Java Heap base address is the
#     maximum limit for the native heap growth. Please use -XX:HeapBaseMinAddress
#     to set the Java Heap base and to place the Java Heap above 4GB virtual address.
# This output file may be truncated or incomplete.
#
#  Out of Memory Error (./src/hotspot/share/memory/arena.cpp:197), pid=5308, tid=3680
#
# JRE version: OpenJDK Runtime Environment (11.0.12+7) (build 11.0.12+7-b1504.28-7817840)
# Java VM: OpenJDK 64-Bit Server VM (11.0.12+7-b1504.28-7817840, mixed mode, tiered, compressed oops, g1 gc, windows-amd64)
# No core dump will be written. Minidumps are not enabled by default on client versions of Windows
#

---------------  S U M M A R Y ------------

Command Line: --add-opens=java.base/java.util=ALL-UNNAMED --add-opens=java.base/java.lang=ALL-UNNAMED --add-opens=java.base/java.lang.invoke=ALL-UNNAMED --add-opens=java.base/java.util=ALL-UNNAMED --add-opens=java.prefs/java.util.prefs=ALL-UNNAMED --add-opens=java.prefs/java.util.prefs=ALL-UNNAMED --add-opens=java.base/java.nio.charset=ALL-UNNAMED --add-opens=java.base/java.net=ALL-UNNAMED --add-opens=java.base/java.util.concurrent.atomic=ALL-UNNAMED -Xmx2048m -Dfile.encoding=UTF-8 -Duser.country=RU -Duser.language=ru -Duser.variant org.gradle.launcher.daemon.bootstrap.GradleDaemon 7.3.3

Host: 11th Gen Intel(R) Core(TM) i7-1165G7 @ 2.80GHz, 8 cores, 31G,  Windows 10 , 64 bit Build 19041 (10.0.19041.1706)
Time: Tue Oct  8 07:19:22 2024 RTZ 2 (зима) elapsed time: 58.545278 seconds (0d 0h 0m 58s)

---------------  T H R E A D  ---------------

Current thread (0x00000227313d1000):  JavaThread "C2 CompilerThread0" daemon [_thread_in_native, id=3680, stack(0x000000f3c7a00000,0x000000f3c7b00000)]


Current CompileTask:
C2:  58545 21762       4       org.gradle.internal.instantiation.generator.AbstractClassGenerator::inspectType (560 bytes)

Stack: [0x000000f3c7a00000,0x000000f3c7b00000]
Native frames: (J=compiled Java code, j=interpreted, Vv=VM code, C=native code)
V  [jvm.dll+0x5fbcea]
V  [jvm.dll+0x731905]
V  [jvm.dll+0x732f1d]
V  [jvm.dll+0x7335d3]
V  [jvm.dll+0x247bf8]
V  [jvm.dll+0xc018c]
V  [jvm.dll+0xc06cc]
V  [jvm.dll+0x2bcc04]
V  [jvm.dll+0x5113a8]
V  [jvm.dll+0x201c5a]
V  [jvm.dll+0x1ff71f]
V  [jvm.dll+0x18868c]
V  [jvm.dll+0x20e0d7]
V  [jvm.dll+0x20c901]
V  [jvm.dll+0x6f9b7f]
V  [jvm.dll+0x6f26a5]
V  [jvm.dll+0x5fabf6]
C  [ucrtbase.dll+0x21bb2]
C  [KERNEL32.DLL+0x17034]
C  [ntdll.dll+0x52651]


---------------  P R O C E S S  ---------------

Threads class SMR info:
_java_thread_list=0x000002273806c340, length=159, elements={
0x0000022714599800, 0x0000022731368000, 0x0000022731371800, 0x0000022731381800,
0x0000022731387000, 0x00000227313cc800, 0x00000227313d1000, 0x00000227313d5800,
0x00000227313f8800, 0x000002273154c800, 0x0000022732ee1800, 0x000002273368f000,
0x0000022733686000, 0x00000227340e2000, 0x000002273377e000, 0x0000022734894000,
0x0000022732dbf000, 0x0000022732e63000, 0x0000022732c7b800, 0x00000227313d4800,
0x00000227313d7000, 0x00000227313d8000, 0x00000227313d9000, 0x00000227313d6800,
0x00000227313da800, 0x00000227346b7000, 0x00000227346b5800, 0x00000227346b8000,
0x00000227346b3000, 0x00000227346b4000, 0x00000227346bb800, 0x00000227346ba800,
0x00000227346be000, 0x00000227346bf800, 0x00000227346bc000, 0x00000227346b6800,
0x00000227346b9800, 0x00000227346c0000, 0x00000227346c1000, 0x00000227313d9800,
0x00000227313d4000, 0x0000022736651800, 0x0000022736651000, 0x0000022736650000,
0x0000022736654000, 0x0000022736658000, 0x0000022736656800, 0x0000022736657800,
0x0000022736655000, 0x0000022736652800, 0x0000022736659000, 0x0000022736653800,
0x000002273665a000, 0x000002273665a800, 0x000002273665b800, 0x0000022736656000,
0x000002273665c800, 0x000002273665d000, 0x000002273665e000, 0x000002273665e800,
0x0000022737ebe000, 0x0000022737ec0800, 0x0000022737ebf800, 0x0000022737ec1800,
0x0000022737ebd000, 0x0000022737ebf000, 0x0000022737ec2000, 0x0000022737ebc800,
0x0000022737ec7000, 0x0000022737ec3000, 0x0000022737ec9800, 0x0000022737ec6000,
0x0000022737ec4800, 0x0000022737ec3800, 0x0000022737ec8000, 0x0000022737eca800,
0x0000022737ec8800, 0x0000022737ecb000, 0x0000022737ec5800, 0x0000022737c1a800,
0x0000022737c1b000, 0x0000022737c17000, 0x0000022737c18000, 0x0000022737c1c000,
0x0000022737c19800, 0x0000022737c18800, 0x0000022737c16000, 0x0000022737c1d800,
0x0000022737c1c800, 0x0000022737c21800, 0x0000022737c21000, 0x0000022737c1f000,
0x0000022737c20000, 0x0000022737c24000, 0x0000022737c22800, 0x0000022737c23000,
0x0000022737c1e800, 0x0000022737c25000, 0x0000022737c3c000, 0x0000022737c38800,
0x0000022737c36000, 0x0000022737c3b000, 0x0000022737c39800, 0x0000022737c3c800,
0x0000022737c37000, 0x0000022737c3a800, 0x0000022737c3d800, 0x0000022737c38000,
0x0000022737c44000, 0x0000022737c41000, 0x0000022737c40000, 0x0000022737c41800,
0x0000022737c42800, 0x0000022737c3e800, 0x0000022737c43800, 0x0000022737c45000,
0x000002273706f800, 0x000002273706e000, 0x000002273706c000, 0x0000022737071000,
0x000002273706b800, 0x0000022737072000, 0x0000022737074800, 0x0000022737073800,
0x0000022737076000, 0x0000022737070800, 0x0000022737079800, 0x0000022737078800,
0x000002273707a000, 0x0000022737075000, 0x0000022737077000, 0x0000022737c3f000,
0x00000227346b2800, 0x0000022734130800, 0x0000022734137000, 0x0000022734131000,
0x0000022734137800, 0x0000022734134800, 0x0000022734136000, 0x0000022734133000,
0x0000022734133800, 0x000002273413a000, 0x0000022734135000, 0x000002273413b000,
0x000002273413d800, 0x000002273413f000, 0x000002273706e800, 0x0000022737073000,
0x000002273869b000, 0x0000022738697000, 0x0000022738699800, 0x0000022738696000,
0x000002273869b800, 0x000002273869a000, 0x000002273869c800, 0x0000022738698800,
0x00000227386a0800, 0x00000227386a0000, 0x0000022738697800
}

Java Threads: ( => current thread )
  0x0000022714599800 JavaThread "main" [_thread_blocked, id=13456, stack(0x000000f3c6e00000,0x000000f3c6f00000)]
  0x0000022731368000 JavaThread "Reference Handler" daemon [_thread_blocked, id=17552, stack(0x000000f3c7500000,0x000000f3c7600000)]
  0x0000022731371800 JavaThread "Finalizer" daemon [_thread_blocked, id=11540, stack(0x000000f3c7600000,0x000000f3c7700000)]
  0x0000022731381800 JavaThread "Signal Dispatcher" daemon [_thread_blocked, id=17692, stack(0x000000f3c7700000,0x000000f3c7800000)]
  0x0000022731387000 JavaThread "Attach Listener" daemon [_thread_blocked, id=19944, stack(0x000000f3c7800000,0x000000f3c7900000)]
  0x00000227313cc800 JavaThread "Service Thread" daemon [_thread_blocked, id=15824, stack(0x000000f3c7900000,0x000000f3c7a00000)]
=>0x00000227313d1000 JavaThread "C2 CompilerThread0" daemon [_thread_in_native, id=3680, stack(0x000000f3c7a00000,0x000000f3c7b00000)]
  0x00000227313d5800 JavaThread "C1 CompilerThread0" daemon [_thread_blocked, id=20984, stack(0x000000f3c7b00000,0x000000f3c7c00000)]
  0x00000227313f8800 JavaThread "Sweeper thread" daemon [_thread_blocked, id=17744, stack(0x000000f3c7c00000,0x000000f3c7d00000)]
  0x000002273154c800 JavaThread "Common-Cleaner" daemon [_thread_blocked, id=19508, stack(0x000000f3c7d00000,0x000000f3c7e00000)]
  0x0000022732ee1800 JavaThread "Daemon health stats" [_thread_blocked, id=16852, stack(0x000000f3c8800000,0x000000f3c8900000)]
  0x000002273368f000 JavaThread "Incoming local TCP Connector on port 51195" [_thread_in_native, id=12856, stack(0x000000f3c7f00000,0x000000f3c8000000)]
  0x0000022733686000 JavaThread "Daemon periodic checks" [_thread_blocked, id=16584, stack(0x000000f3c8000000,0x000000f3c8100000)]
  0x00000227340e2000 JavaThread "Daemon" [_thread_blocked, id=13628, stack(0x000000f3c8900000,0x000000f3c8a00000)]
  0x000002273377e000 JavaThread "Handler for socket connection from /127.0.0.1:51195 to /127.0.0.1:51196" [_thread_in_native, id=24476, stack(0x000000f3c8a00000,0x000000f3c8b00000)]
  0x0000022734894000 JavaThread "Cancel handler" [_thread_blocked, id=22932, stack(0x000000f3c8b00000,0x000000f3c8c00000)]
  0x0000022732dbf000 JavaThread "Daemon worker" [_thread_blocked, id=24312, stack(0x000000f3c8c00000,0x000000f3c8d00000)]
  0x0000022732e63000 JavaThread "Asynchronous log dispatcher for DefaultDaemonConnection: socket connection from /127.0.0.1:51195 to /127.0.0.1:51196" [_thread_blocked, id=13928, stack(0x000000f3c8d00000,0x000000f3c8e00000)]
  0x0000022732c7b800 JavaThread "Stdin handler" [_thread_blocked, id=23996, stack(0x000000f3c8e00000,0x000000f3c8f00000)]
  0x00000227313d4800 JavaThread "Daemon client event forwarder" [_thread_blocked, id=20252, stack(0x000000f3c8f00000,0x000000f3c9000000)]
  0x00000227313d7000 JavaThread "Cache worker for journal cache (C:\Users\kolosov-V\.gradle\caches\journal-1)" [_thread_blocked, id=17696, stack(0x000000f3c9100000,0x000000f3c9200000)]
  0x00000227313d8000 JavaThread "File lock request listener" [_thread_in_native, id=15368, stack(0x000000f3c9200000,0x000000f3c9300000)]
  0x00000227313d9000 JavaThread "Cache worker for file hash cache (C:\Users\kolosov-V\.gradle\caches\7.3.3\fileHashes)" [_thread_blocked, id=24076, stack(0x000000f3c9300000,0x000000f3c9400000)]
  0x00000227313d6800 JavaThread "Cache worker for file hash cache (D:\Android_Projects\SmokeDigression\.gradle\7.3.3\fileHashes)" [_thread_blocked, id=22892, stack(0x000000f3c9500000,0x000000f3c9600000)]
  0x00000227313da800 JavaThread "File watcher server" daemon [_thread_in_native, id=5116, stack(0x000000f3c9700000,0x000000f3c9800000)]
  0x00000227346b7000 JavaThread "File watcher consumer" daemon [_thread_blocked, id=21972, stack(0x000000f3c9800000,0x000000f3c9900000)]
  0x00000227346b5800 JavaThread "Cache worker for checksums cache (D:\Android_Projects\SmokeDigression\.gradle\7.3.3\checksums)" [_thread_blocked, id=22836, stack(0x000000f3c9000000,0x000000f3c9100000)]
  0x00000227346b8000 JavaThread "Cache worker for cache directory md-supplier (C:\Users\kolosov-V\.gradle\caches\7.3.3\md-supplier)" [_thread_blocked, id=14580, stack(0x000000f3c9600000,0x000000f3c9700000)]
  0x00000227346b3000 JavaThread "Cache worker for cache directory md-rule (C:\Users\kolosov-V\.gradle\caches\7.3.3\md-rule)" [_thread_blocked, id=8884, stack(0x000000f3c9a00000,0x000000f3c9b00000)]
  0x00000227346b4000 JavaThread "Cache worker for execution history cache (C:\Users\kolosov-V\.gradle\caches\7.3.3\executionHistory)" [_thread_blocked, id=23436, stack(0x000000f3c9b00000,0x000000f3c9c00000)]
  0x00000227346bb800 JavaThread "jar transforms" [_thread_blocked, id=14208, stack(0x000000f3c9d00000,0x000000f3c9e00000)]
  0x00000227346ba800 JavaThread "Cache worker for file content cache (C:\Users\kolosov-V\.gradle\caches\7.3.3\fileContent)" [_thread_blocked, id=21988, stack(0x000000f3c9e00000,0x000000f3c9f00000)]
  0x00000227346be000 JavaThread "jar transforms Thread 2" [_thread_blocked, id=21580, stack(0x000000f3c9f00000,0x000000f3ca000000)]
  0x00000227346bf800 JavaThread "Cache worker for dependencies-accessors (D:\Android_Projects\SmokeDigression\.gradle\7.3.3\dependencies-accessors)" [_thread_blocked, id=20996, stack(0x000000f3ca000000,0x000000f3ca100000)]
  0x00000227346bc000 JavaThread "jar transforms Thread 3" [_thread_blocked, id=23712, stack(0x000000f3ca100000,0x000000f3ca200000)]
  0x00000227346b6800 JavaThread "Cache worker for Build Output Cleanup Cache (D:\Android_Projects\SmokeDigression\.gradle\buildOutputCleanup)" [_thread_blocked, id=24016, stack(0x000000f3c9900000,0x000000f3c9a00000)]
  0x00000227346b9800 JavaThread "Unconstrained build operations" [_thread_blocked, id=24108, stack(0x000000f3ca200000,0x000000f3ca300000)]
  0x00000227346c0000 JavaThread "Unconstrained build operations Thread 2" [_thread_blocked, id=17884, stack(0x000000f3ca300000,0x000000f3ca400000)]
  0x00000227346c1000 JavaThread "Unconstrained build operations Thread 3" [_thread_blocked, id=18264, stack(0x000000f3ca400000,0x000000f3ca500000)]
  0x00000227313d9800 JavaThread "Unconstrained build operations Thread 4" [_thread_blocked, id=20244, stack(0x000000f3ca500000,0x000000f3ca600000)]
  0x00000227313d4000 JavaThread "Unconstrained build operations Thread 5" [_thread_blocked, id=2208, stack(0x000000f3ca600000,0x000000f3ca700000)]
  0x0000022736651800 JavaThread "Unconstrained build operations Thread 6" [_thread_blocked, id=3164, stack(0x000000f3ca700000,0x000000f3ca800000)]
  0x0000022736651000 JavaThread "Unconstrained build operations Thread 7" [_thread_blocked, id=18552, stack(0x000000f3ca800000,0x000000f3ca900000)]
  0x0000022736650000 JavaThread "Unconstrained build operations Thread 8" [_thread_blocked, id=2560, stack(0x000000f3ca900000,0x000000f3caa00000)]
  0x0000022736654000 JavaThread "Unconstrained build operations Thread 9" [_thread_blocked, id=16036, stack(0x000000f3caa00000,0x000000f3cab00000)]
  0x0000022736658000 JavaThread "Unconstrained build operations Thread 10" [_thread_blocked, id=23392, stack(0x000000f3cab00000,0x000000f3cac00000)]
  0x0000022736656800 JavaThread "Unconstrained build operations Thread 11" [_thread_blocked, id=22852, stack(0x000000f3cac00000,0x000000f3cad00000)]
  0x0000022736657800 JavaThread "Unconstrained build operations Thread 12" [_thread_blocked, id=8128, stack(0x000000f3cad00000,0x000000f3cae00000)]
  0x0000022736655000 JavaThread "Unconstrained build operations Thread 13" [_thread_blocked, id=23868, stack(0x000000f3cae00000,0x000000f3caf00000)]
  0x0000022736652800 JavaThread "Unconstrained build operations Thread 14" [_thread_blocked, id=6400, stack(0x000000f3caf00000,0x000000f3cb000000)]
  0x0000022736659000 JavaThread "Unconstrained build operations Thread 15" [_thread_blocked, id=13032, stack(0x000000f3cb000000,0x000000f3cb100000)]
  0x0000022736653800 JavaThread "Unconstrained build operations Thread 16" [_thread_blocked, id=16664, stack(0x000000f3cb100000,0x000000f3cb200000)]
  0x000002273665a000 JavaThread "Unconstrained build operations Thread 17" [_thread_blocked, id=19908, stack(0x000000f3cb200000,0x000000f3cb300000)]
  0x000002273665a800 JavaThread "Unconstrained build operations Thread 18" [_thread_blocked, id=1272, stack(0x000000f3cb300000,0x000000f3cb400000)]
  0x000002273665b800 JavaThread "Unconstrained build operations Thread 19" [_thread_blocked, id=20492, stack(0x000000f3cb400000,0x000000f3cb500000)]
  0x0000022736656000 JavaThread "Unconstrained build operations Thread 20" [_thread_blocked, id=19496, stack(0x000000f3cb500000,0x000000f3cb600000)]
  0x000002273665c800 JavaThread "Unconstrained build operations Thread 21" [_thread_blocked, id=19168, stack(0x000000f3cb600000,0x000000f3cb700000)]
  0x000002273665d000 JavaThread "Unconstrained build operations Thread 22" [_thread_blocked, id=7124, stack(0x000000f3cb700000,0x000000f3cb800000)]
  0x000002273665e000 JavaThread "Unconstrained build operations Thread 23" [_thread_blocked, id=24212, stack(0x000000f3cb800000,0x000000f3cb900000)]
  0x000002273665e800 JavaThread "Unconstrained build operations Thread 24" [_thread_blocked, id=14736, stack(0x000000f3cb900000,0x000000f3cba00000)]
  0x0000022737ebe000 JavaThread "Unconstrained build operations Thread 25" [_thread_blocked, id=6388, stack(0x000000f3cba00000,0x000000f3cbb00000)]
  0x0000022737ec0800 JavaThread "Unconstrained build operations Thread 26" [_thread_blocked, id=12740, stack(0x000000f3cbb00000,0x000000f3cbc00000)]
  0x0000022737ebf800 JavaThread "Unconstrained build operations Thread 27" [_thread_blocked, id=18044, stack(0x000000f3cbc00000,0x000000f3cbd00000)]
  0x0000022737ec1800 JavaThread "Unconstrained build operations Thread 28" [_thread_blocked, id=23180, stack(0x000000f3cbd00000,0x000000f3cbe00000)]
  0x0000022737ebd000 JavaThread "Unconstrained build operations Thread 29" [_thread_blocked, id=23076, stack(0x000000f3cbe00000,0x000000f3cbf00000)]
  0x0000022737ebf000 JavaThread "Unconstrained build operations Thread 30" [_thread_blocked, id=12076, stack(0x000000f3cbf00000,0x000000f3cc000000)]
  0x0000022737ec2000 JavaThread "Unconstrained build operations Thread 31" [_thread_blocked, id=8012, stack(0x000000f3cc000000,0x000000f3cc100000)]
  0x0000022737ebc800 JavaThread "Unconstrained build operations Thread 32" [_thread_blocked, id=23380, stack(0x000000f3cc100000,0x000000f3cc200000)]
  0x0000022737ec7000 JavaThread "Unconstrained build operations Thread 33" [_thread_blocked, id=24544, stack(0x000000f3cc200000,0x000000f3cc300000)]
  0x0000022737ec3000 JavaThread "Unconstrained build operations Thread 34" [_thread_blocked, id=21096, stack(0x000000f3cc300000,0x000000f3cc400000)]
  0x0000022737ec9800 JavaThread "Unconstrained build operations Thread 35" [_thread_blocked, id=19952, stack(0x000000f3cc400000,0x000000f3cc500000)]
  0x0000022737ec6000 JavaThread "Unconstrained build operations Thread 36" [_thread_blocked, id=24144, stack(0x000000f3cc500000,0x000000f3cc600000)]
  0x0000022737ec4800 JavaThread "Unconstrained build operations Thread 37" [_thread_blocked, id=14820, stack(0x000000f3cc600000,0x000000f3cc700000)]
  0x0000022737ec3800 JavaThread "Unconstrained build operations Thread 38" [_thread_blocked, id=23372, stack(0x000000f3cc700000,0x000000f3cc800000)]
  0x0000022737ec8000 JavaThread "Unconstrained build operations Thread 39" [_thread_blocked, id=9880, stack(0x000000f3cc800000,0x000000f3cc900000)]
  0x0000022737eca800 JavaThread "Unconstrained build operations Thread 40" [_thread_blocked, id=19632, stack(0x000000f3cc900000,0x000000f3cca00000)]
  0x0000022737ec8800 JavaThread "Unconstrained build operations Thread 41" [_thread_blocked, id=20888, stack(0x000000f3cca00000,0x000000f3ccb00000)]
  0x0000022737ecb000 JavaThread "Unconstrained build operations Thread 42" [_thread_blocked, id=14536, stack(0x000000f3ccb00000,0x000000f3ccc00000)]
  0x0000022737ec5800 JavaThread "Unconstrained build operations Thread 43" [_thread_blocked, id=21860, stack(0x000000f3ccc00000,0x000000f3ccd00000)]
  0x0000022737c1a800 JavaThread "Unconstrained build operations Thread 44" [_thread_blocked, id=3148, stack(0x000000f3ccd00000,0x000000f3cce00000)]
  0x0000022737c1b000 JavaThread "Unconstrained build operations Thread 45" [_thread_blocked, id=19200, stack(0x000000f3cce00000,0x000000f3ccf00000)]
  0x0000022737c17000 JavaThread "Unconstrained build operations Thread 46" [_thread_blocked, id=18020, stack(0x000000f3ccf00000,0x000000f3cd000000)]
  0x0000022737c18000 JavaThread "Unconstrained build operations Thread 47" [_thread_blocked, id=19236, stack(0x000000f3cd000000,0x000000f3cd100000)]
  0x0000022737c1c000 JavaThread "Unconstrained build operations Thread 48" [_thread_blocked, id=10148, stack(0x000000f3cd100000,0x000000f3cd200000)]
  0x0000022737c19800 JavaThread "Unconstrained build operations Thread 49" [_thread_blocked, id=18904, stack(0x000000f3cd200000,0x000000f3cd300000)]
  0x0000022737c18800 JavaThread "Unconstrained build operations Thread 50" [_thread_blocked, id=23220, stack(0x000000f3cd300000,0x000000f3cd400000)]
  0x0000022737c16000 JavaThread "Unconstrained build operations Thread 51" [_thread_blocked, id=22752, stack(0x000000f3cd400000,0x000000f3cd500000)]
  0x0000022737c1d800 JavaThread "Unconstrained build operations Thread 52" [_thread_blocked, id=4856, stack(0x000000f3cd500000,0x000000f3cd600000)]
  0x0000022737c1c800 JavaThread "Unconstrained build operations Thread 53" [_thread_blocked, id=7956, stack(0x000000f3cd600000,0x000000f3cd700000)]
  0x0000022737c21800 JavaThread "Unconstrained build operations Thread 54" [_thread_blocked, id=24012, stack(0x000000f3cd700000,0x000000f3cd800000)]
  0x0000022737c21000 JavaThread "Unconstrained build operations Thread 55" [_thread_blocked, id=21348, stack(0x000000f3cd800000,0x000000f3cd900000)]
  0x0000022737c1f000 JavaThread "Unconstrained build operations Thread 56" [_thread_blocked, id=23368, stack(0x000000f3cd900000,0x000000f3cda00000)]
  0x0000022737c20000 JavaThread "Unconstrained build operations Thread 57" [_thread_blocked, id=18504, stack(0x000000f3cda00000,0x000000f3cdb00000)]
  0x0000022737c24000 JavaThread "Unconstrained build operations Thread 58" [_thread_blocked, id=11648, stack(0x000000f3cdb00000,0x000000f3cdc00000)]
  0x0000022737c22800 JavaThread "Unconstrained build operations Thread 59" [_thread_blocked, id=13612, stack(0x000000f3cdc00000,0x000000f3cdd00000)]
  0x0000022737c23000 JavaThread "Unconstrained build operations Thread 60" [_thread_blocked, id=23260, stack(0x000000f3cdd00000,0x000000f3cde00000)]
  0x0000022737c1e800 JavaThread "Unconstrained build operations Thread 61" [_thread_blocked, id=19220, stack(0x000000f3cde00000,0x000000f3cdf00000)]
  0x0000022737c25000 JavaThread "Unconstrained build operations Thread 62" [_thread_blocked, id=1008, stack(0x000000f3cdf00000,0x000000f3ce000000)]
  0x0000022737c3c000 JavaThread "Unconstrained build operations Thread 63" [_thread_blocked, id=10700, stack(0x000000f3ce000000,0x000000f3ce100000)]
  0x0000022737c38800 JavaThread "Unconstrained build operations Thread 64" [_thread_blocked, id=15340, stack(0x000000f3ce100000,0x000000f3ce200000)]
  0x0000022737c36000 JavaThread "Unconstrained build operations Thread 65" [_thread_blocked, id=15408, stack(0x000000f3ce200000,0x000000f3ce300000)]
  0x0000022737c3b000 JavaThread "Unconstrained build operations Thread 66" [_thread_blocked, id=22352, stack(0x000000f3ce300000,0x000000f3ce400000)]
  0x0000022737c39800 JavaThread "Unconstrained build operations Thread 67" [_thread_blocked, id=6052, stack(0x000000f3ce400000,0x000000f3ce500000)]
  0x0000022737c3c800 JavaThread "Unconstrained build operations Thread 68" [_thread_blocked, id=10632, stack(0x000000f3ce500000,0x000000f3ce600000)]
  0x0000022737c37000 JavaThread "Unconstrained build operations Thread 69" [_thread_blocked, id=7064, stack(0x000000f3ce600000,0x000000f3ce700000)]
  0x0000022737c3a800 JavaThread "Unconstrained build operations Thread 70" [_thread_blocked, id=14852, stack(0x000000f3ce700000,0x000000f3ce800000)]
  0x0000022737c3d800 JavaThread "Unconstrained build operations Thread 71" [_thread_blocked, id=15512, stack(0x000000f3ce800000,0x000000f3ce900000)]
  0x0000022737c38000 JavaThread "Unconstrained build operations Thread 72" [_thread_blocked, id=20100, stack(0x000000f3ce900000,0x000000f3cea00000)]
  0x0000022737c44000 JavaThread "Unconstrained build operations Thread 73" [_thread_blocked, id=24240, stack(0x000000f3cea00000,0x000000f3ceb00000)]
  0x0000022737c41000 JavaThread "Unconstrained build operations Thread 74" [_thread_blocked, id=23444, stack(0x000000f3ceb00000,0x000000f3cec00000)]
  0x0000022737c40000 JavaThread "Unconstrained build operations Thread 75" [_thread_blocked, id=24540, stack(0x000000f3cec00000,0x000000f3ced00000)]
  0x0000022737c41800 JavaThread "Unconstrained build operations Thread 76" [_thread_blocked, id=9244, stack(0x000000f3ced00000,0x000000f3cee00000)]
  0x0000022737c42800 JavaThread "Unconstrained build operations Thread 77" [_thread_blocked, id=17144, stack(0x000000f3cee00000,0x000000f3cef00000)]
  0x0000022737c3e800 JavaThread "Unconstrained build operations Thread 78" [_thread_blocked, id=8416, stack(0x000000f3cef00000,0x000000f3cf000000)]
  0x0000022737c43800 JavaThread "Unconstrained build operations Thread 79" [_thread_blocked, id=628, stack(0x000000f3cf000000,0x000000f3cf100000)]
  0x0000022737c45000 JavaThread "Unconstrained build operations Thread 80" [_thread_blocked, id=13024, stack(0x000000f3cf100000,0x000000f3cf200000)]
  0x000002273706f800 JavaThread "jar transforms Thread 4" [_thread_blocked, id=11256, stack(0x000000f3cf300000,0x000000f3cf400000)]
  0x000002273706e000 JavaThread "jar transforms Thread 5" [_thread_blocked, id=16312, stack(0x000000f3cf400000,0x000000f3cf500000)]
  0x000002273706c000 JavaThread "jar transforms Thread 6" [_thread_blocked, id=8000, stack(0x000000f3cf500000,0x000000f3cf600000)]
  0x0000022737071000 JavaThread "jar transforms Thread 7" [_thread_blocked, id=24280, stack(0x000000f3cf600000,0x000000f3cf700000)]
  0x000002273706b800 JavaThread "jar transforms Thread 8" [_thread_blocked, id=22664, stack(0x000000f3cf700000,0x000000f3cf800000)]
  0x0000022737072000 JavaThread "Memory manager" [_thread_blocked, id=11096, stack(0x000000f3cf200000,0x000000f3cf300000)]
  0x0000022737074800 JavaThread "build event listener" [_thread_blocked, id=11984, stack(0x000000f3cf900000,0x000000f3cfa00000)]
  0x0000022737073800 JavaThread "Execution worker for ':'" [_thread_blocked, id=24392, stack(0x000000f3cfa00000,0x000000f3cfb00000)]
  0x0000022737076000 JavaThread "Execution worker for ':' Thread 2" [_thread_blocked, id=21832, stack(0x000000f3cfb00000,0x000000f3cfc00000)]
  0x0000022737070800 JavaThread "Execution worker for ':' Thread 3" [_thread_blocked, id=22552, stack(0x000000f3cfc00000,0x000000f3cfd00000)]
  0x0000022737079800 JavaThread "Execution worker for ':' Thread 4" [_thread_blocked, id=22132, stack(0x000000f3cfd00000,0x000000f3cfe00000)]
  0x0000022737078800 JavaThread "Execution worker for ':' Thread 5" [_thread_blocked, id=21268, stack(0x000000f3cfe00000,0x000000f3cff00000)]
  0x000002273707a000 JavaThread "Execution worker for ':' Thread 6" [_thread_blocked, id=23892, stack(0x000000f3cff00000,0x000000f3d0000000)]
  0x0000022737075000 JavaThread "Execution worker for ':' Thread 7" [_thread_blocked, id=15960, stack(0x000000f3d0000000,0x000000f3d0100000)]
  0x0000022737077000 JavaThread "Cache worker for execution history cache (D:\Android_Projects\SmokeDigression\.gradle\7.3.3\executionHistory)" [_thread_blocked, id=19932, stack(0x000000f3d0100000,0x000000f3d0200000)]
  0x0000022737c3f000 JavaThread "WorkerExecutor Queue" [_thread_blocked, id=6452, stack(0x000000f3d0200000,0x000000f3d0300000)]
  0x00000227346b2800 JavaThread "WorkerExecutor Queue Thread 2" [_thread_blocked, id=15744, stack(0x000000f3d0300000,0x000000f3d0400000)]
  0x0000022734130800 JavaThread "WorkerExecutor Queue Thread 4" [_thread_blocked, id=7476, stack(0x000000f3d0500000,0x000000f3d0600000)]
  0x0000022734137000 JavaThread "WorkerExecutor Queue Thread 5" [_thread_blocked, id=23532, stack(0x000000f3d0600000,0x000000f3d0700000)]
  0x0000022734131000 JavaThread "WorkerExecutor Queue Thread 6" [_thread_blocked, id=5160, stack(0x000000f3d0800000,0x000000f3d0900000)]
  0x0000022734137800 JavaThread "pool-3-thread-1" [_thread_blocked, id=14552, stack(0x000000f3d0900000,0x000000f3d0a00000)]
  0x0000022734134800 JavaThread "stderr" [_thread_in_native, id=24080, stack(0x000000f3d0a00000,0x000000f3d0b00000)]
  0x0000022734136000 JavaThread "stdout" [_thread_in_native, id=14744, stack(0x000000f3d0b00000,0x000000f3d0c00000)]
  0x0000022734133000 JavaThread "RMI Scheduler(0)" daemon [_thread_blocked, id=23620, stack(0x000000f3c9c00000,0x000000f3c9d00000)]
  0x0000022734133800 JavaThread "RMI GC Daemon" daemon [_thread_blocked, id=15732, stack(0x000000f3d0c00000,0x000000f3d0d00000)]
  0x000002273413a000 JavaThread "RMI TCP Accept-0" daemon [_thread_in_native, id=18992, stack(0x000000f3d0d00000,0x000000f3d0e00000)]
  0x0000022734135000 JavaThread "RMI Reaper" [_thread_blocked, id=14484, stack(0x000000f3d0e00000,0x000000f3d0f00000)]
  0x000002273413b000 JavaThread "RMI TCP Connection(1)-127.0.0.1" daemon [_thread_in_native, id=23792, stack(0x000000f3d0f00000,0x000000f3d1000000)]
  0x000002273413d800 JavaThread "RMI TCP Connection(idle)" daemon [_thread_blocked, id=14004, stack(0x000000f3d1300000,0x000000f3d1400000)]
  0x000002273413f000 JavaThread "RMI TCP Connection(idle)" daemon [_thread_blocked, id=12136, stack(0x000000f3d1600000,0x000000f3d1700000)]
  0x000002273706e800 JavaThread "Cache worker for Java compile cache (C:\Users\kolosov-V\.gradle\caches\7.3.3\javaCompile)" [_thread_blocked, id=18140, stack(0x000000f3d1700000,0x000000f3d1800000)]
  0x0000022737073000 JavaThread "Build operations" [_thread_blocked, id=6908, stack(0x000000f3d1800000,0x000000f3d1900000)]
  0x000002273869b000 JavaThread "Build operations Thread 2" [_thread_blocked, id=17940, stack(0x000000f3d1900000,0x000000f3d1a00000)]
  0x0000022738697000 JavaThread "Build operations Thread 3" [_thread_blocked, id=11900, stack(0x000000f3d1a00000,0x000000f3d1b00000)]
  0x0000022738699800 JavaThread "Build operations Thread 4" [_thread_blocked, id=23764, stack(0x000000f3d1b00000,0x000000f3d1c00000)]
  0x0000022738696000 JavaThread "Build operations Thread 5" [_thread_blocked, id=3640, stack(0x000000f3d1c00000,0x000000f3d1d00000)]
  0x000002273869b800 JavaThread "Build operations Thread 6" [_thread_blocked, id=21796, stack(0x000000f3d1d00000,0x000000f3d1e00000)]
  0x000002273869a000 JavaThread "Build operations Thread 7" [_thread_blocked, id=24096, stack(0x000000f3d1e00000,0x000000f3d1f00000)]
  0x000002273869c800 JavaThread "Build operations Thread 8" [_thread_blocked, id=23656, stack(0x000000f3d1f00000,0x000000f3d2000000)]
  0x0000022738698800 JavaThread "WorkerExecutor Queue Thread 8" [_thread_blocked, id=2480, stack(0x000000f3d1200000,0x000000f3d1300000)]
  0x00000227386a0800 JavaThread "WorkerExecutor Queue Thread 9" [_thread_blocked, id=11684, stack(0x000000f3d1500000,0x000000f3d1600000)]
  0x00000227386a0000 JavaThread "WorkerExecutor Queue Thread 10" [_thread_blocked, id=15788, stack(0x000000f3d2000000,0x000000f3d2100000)]
  0x0000022738697800 JavaThread "C2 CompilerThread1" daemon [_thread_blocked, id=3388, stack(0x000000f3d0400000,0x000000f3d0500000)]

Other Threads:
  0x0000022730a5e800 VMThread "VM Thread" [stack: 0x000000f3c7400000,0x000000f3c7500000] [id=23728]
  0x00000227315a1800 WatcherThread [stack: 0x000000f3c7e00000,0x000000f3c7f00000] [id=24504]
  0x00000227145b2800 GCTaskThread "GC Thread#0" [stack: 0x000000f3c6f00000,0x000000f3c7000000] [id=24248]
  0x00000227324e4000 GCTaskThread "GC Thread#1" [stack: 0x000000f3c8100000,0x000000f3c8200000] [id=512]
  0x0000022731be7000 GCTaskThread "GC Thread#2" [stack: 0x000000f3c8200000,0x000000f3c8300000] [id=6784]
  0x0000022731be8000 GCTaskThread "GC Thread#3" [stack: 0x000000f3c8300000,0x000000f3c8400000] [id=24168]
  0x00000227320ac800 GCTaskThread "GC Thread#4" [stack: 0x000000f3c8400000,0x000000f3c8500000] [id=19520]
  0x00000227320ad800 GCTaskThread "GC Thread#5" [stack: 0x000000f3c8500000,0x000000f3c8600000] [id=20696]
  0x00000227321fd000 GCTaskThread "GC Thread#6" [stack: 0x000000f3c8600000,0x000000f3c8700000] [id=22576]
  0x000002273218b000 GCTaskThread "GC Thread#7" [stack: 0x000000f3c8700000,0x000000f3c8800000] [id=4808]
  0x00000227145e4800 ConcurrentGCThread "G1 Main Marker" [stack: 0x000000f3c7000000,0x000000f3c7100000] [id=21152]
  0x00000227145e6000 ConcurrentGCThread "G1 Conc#0" [stack: 0x000000f3c7100000,0x000000f3c7200000] [id=7448]
  0x0000022733dc0800 ConcurrentGCThread "G1 Conc#1" [stack: 0x000000f3c9400000,0x000000f3c9500000] [id=20220]
  0x000002271467e800 ConcurrentGCThread "G1 Refine#0" [stack: 0x000000f3c7200000,0x000000f3c7300000] [id=18800]
  0x0000022732b83800 ConcurrentGCThread "G1 Refine#1" [stack: 0x000000f3d0700000,0x000000f3d0800000] [id=19172]
  0x00000227309af000 ConcurrentGCThread "G1 Young RemSet Sampling" [stack: 0x000000f3c7300000,0x000000f3c7400000] [id=22096]

Threads with active compile tasks:
C2 CompilerThread0  58629 21762       4       org.gradle.internal.instantiation.generator.AbstractClassGenerator::inspectType (560 bytes)

VM state:not at safepoint (normal execution)

VM Mutex/Monitor currently owned by a thread: None

Heap address: 0x0000000080000000, size: 2048 MB, Compressed Oops mode: 32-bit
Narrow klass base: 0x0000000000000000, Narrow klass shift: 3
Compressed class space size: 1073741824 Address: 0x0000000100000000

Heap:
 garbage-first heap   total 520192K, used 189221K [0x0000000080000000, 0x0000000100000000)
  region size 1024K, 91 young (93184K), 29 survivors (29696K)
 Metaspace       used 135277K, capacity 139471K, committed 139632K, reserved 1171456K
  class space    used 17085K, capacity 18670K, committed 18764K, reserved 1048576K
Heap Regions: E=young(eden), S=young(survivor), O=old, HS=humongous(starts), HC=humongous(continues), CS=collection set, F=free, A=archive, TAMS=top-at-mark-start (previous, next)
|   0|0x0000000080000000, 0x0000000080100000, 0x0000000080100000|100%| O|  |TAMS 0x0000000080100000, 0x0000000080000000| Untracked 
|   1|0x0000000080100000, 0x0000000080200000, 0x0000000080200000|100%| O|  |TAMS 0x0000000080200000, 0x0000000080100000| Untracked 
|   2|0x0000000080200000, 0x0000000080300000, 0x0000000080300000|100%| O|  |TAMS 0x0000000080300000, 0x0000000080200000| Untracked 
|   3|0x0000000080300000, 0x0000000080400000, 0x0000000080400000|100%|HS|  |TAMS 0x0000000080400000, 0x0000000080300000| Complete 
|   4|0x0000000080400000, 0x0000000080500000, 0x0000000080500000|100%|HC|  |TAMS 0x0000000080500000, 0x0000000080400000| Complete 
|   5|0x0000000080500000, 0x0000000080600000, 0x0000000080600000|100%|HC|  |TAMS 0x0000000080600000, 0x0000000080500000| Complete 
|   6|0x0000000080600000, 0x0000000080700000, 0x0000000080700000|100%| O|  |TAMS 0x0000000080700000, 0x0000000080600000| Untracked 
|   7|0x0000000080700000, 0x0000000080800000, 0x0000000080800000|100%| O|  |TAMS 0x0000000080800000, 0x0000000080700000| Untracked 
|   8|0x0000000080800000, 0x0000000080900000, 0x0000000080900000|100%| O|  |TAMS 0x0000000080900000, 0x0000000080800000| Untracked 
|   9|0x0000000080900000, 0x0000000080a00000, 0x0000000080a00000|100%| O|  |TAMS 0x0000000080a00000, 0x0000000080900000| Untracked 
|  10|0x0000000080a00000, 0x0000000080b00000, 0x0000000080b00000|100%| O|  |TAMS 0x0000000080b00000, 0x0000000080a00000| Untracked 
|  11|0x0000000080b00000, 0x0000000080c00000, 0x0000000080c00000|100%| O|  |TAMS 0x0000000080c00000, 0x0000000080b00000| Untracked 
|  12|0x0000000080c00000, 0x0000000080d00000, 0x0000000080d00000|100%| O|  |TAMS 0x0000000080d00000, 0x0000000080c00000| Untracked 
|  13|0x0000000080d00000, 0x0000000080e00000, 0x0000000080e00000|100%| O|  |TAMS 0x0000000080e00000, 0x0000000080d00000| Untracked 
|  14|0x0000000080e00000, 0x0000000080f00000, 0x0000000080f00000|100%| O|  |TAMS 0x0000000080f00000, 0x0000000080e00000| Untracked 
|  15|0x0000000080f00000, 0x0000000081000000, 0x0000000081000000|100%| O|  |TAMS 0x0000000081000000, 0x0000000080f00000| Untracked 
|  16|0x0000000081000000, 0x0000000081100000, 0x0000000081100000|100%| O|  |TAMS 0x0000000081100000, 0x0000000081000000| Untracked 
|  17|0x0000000081100000, 0x0000000081200000, 0x0000000081200000|100%|HS|  |TAMS 0x0000000081200000, 0x0000000081100000| Complete 
|  18|0x0000000081200000, 0x0000000081300000, 0x0000000081300000|100%|HS|  |TAMS 0x0000000081300000, 0x0000000081200000| Complete 
|  19|0x0000000081300000, 0x0000000081400000, 0x0000000081400000|100%|HS|  |TAMS 0x0000000081400000, 0x0000000081300000| Complete 
|  20|0x0000000081400000, 0x0000000081500000, 0x0000000081500000|100%|HS|  |TAMS 0x0000000081500000, 0x0000000081400000| Complete 
|  21|0x0000000081500000, 0x0000000081600000, 0x0000000081600000|100%|HC|  |TAMS 0x0000000081600000, 0x0000000081500000| Complete 
|  22|0x0000000081600000, 0x0000000081700000, 0x0000000081700000|100%|HC|  |TAMS 0x0000000081700000, 0x0000000081600000| Complete 
|  23|0x0000000081700000, 0x0000000081800000, 0x0000000081800000|100%|HS|  |TAMS 0x0000000081800000, 0x0000000081700000| Complete 
|  24|0x0000000081800000, 0x0000000081900000, 0x0000000081900000|100%|HC|  |TAMS 0x0000000081900000, 0x0000000081800000| Complete 
|  25|0x0000000081900000, 0x0000000081a00000, 0x0000000081a00000|100%| O|  |TAMS 0x0000000081900000, 0x0000000081900000| Untracked 
|  26|0x0000000081a00000, 0x0000000081b00000, 0x0000000081b00000|100%| O|  |TAMS 0x0000000081b00000, 0x0000000081a00000| Untracked 
|  27|0x0000000081b00000, 0x0000000081c00000, 0x0000000081c00000|100%| O|  |TAMS 0x0000000081c00000, 0x0000000081b00000| Untracked 
|  28|0x0000000081c00000, 0x0000000081d00000, 0x0000000081d00000|100%| O|  |TAMS 0x0000000081d00000, 0x0000000081c00000| Untracked 
|  29|0x0000000081d00000, 0x0000000081e00000, 0x0000000081e00000|100%| O|  |TAMS 0x0000000081e00000, 0x0000000081d00000| Untracked 
|  30|0x0000000081e00000, 0x0000000081f00000, 0x0000000081f00000|100%| O|  |TAMS 0x0000000081f00000, 0x0000000081e00000| Untracked 
|  31|0x0000000081f00000, 0x0000000082000000, 0x0000000082000000|100%| O|  |TAMS 0x0000000082000000, 0x0000000081f00000| Untracked 
|  32|0x0000000082000000, 0x0000000082100000, 0x0000000082100000|100%| O|  |TAMS 0x0000000082100000, 0x0000000082000000| Untracked 
|  33|0x0000000082100000, 0x0000000082200000, 0x0000000082200000|100%| O|  |TAMS 0x0000000082200000, 0x0000000082100000| Untracked 
|  34|0x0000000082200000, 0x0000000082300000, 0x0000000082300000|100%| O|  |TAMS 0x0000000082300000, 0x0000000082200000| Untracked 
|  35|0x0000000082300000, 0x0000000082400000, 0x0000000082400000|100%| O|  |TAMS 0x0000000082400000, 0x0000000082300000| Untracked 
|  36|0x0000000082400000, 0x0000000082500000, 0x0000000082500000|100%| O|  |TAMS 0x0000000082500000, 0x0000000082400000| Untracked 
|  37|0x0000000082500000, 0x0000000082600000, 0x0000000082600000|100%| O|  |TAMS 0x00000000825cde00, 0x0000000082500000| Untracked 
|  38|0x0000000082600000, 0x0000000082700000, 0x0000000082700000|100%| O|  |TAMS 0x0000000082600000, 0x0000000082600000| Untracked 
|  39|0x0000000082700000, 0x0000000082800000, 0x0000000082800000|100%| O|  |TAMS 0x0000000082700000, 0x0000000082700000| Untracked 
|  40|0x0000000082800000, 0x0000000082900000, 0x0000000082900000|100%| O|  |TAMS 0x0000000082800000, 0x0000000082800000| Untracked 
|  41|0x0000000082900000, 0x0000000082a00000, 0x0000000082a00000|100%| O|  |TAMS 0x0000000082900000, 0x0000000082900000| Untracked 
|  42|0x0000000082a00000, 0x0000000082b00000, 0x0000000082b00000|100%| O|  |TAMS 0x0000000082a00000, 0x0000000082a00000| Untracked 
|  43|0x0000000082b00000, 0x0000000082c00000, 0x0000000082c00000|100%| O|  |TAMS 0x0000000082b00000, 0x0000000082b00000| Untracked 
|  44|0x0000000082c00000, 0x0000000082d00000, 0x0000000082d00000|100%| O|  |TAMS 0x0000000082c00000, 0x0000000082c00000| Untracked 
|  45|0x0000000082d00000, 0x0000000082e00000, 0x0000000082e00000|100%| O|  |TAMS 0x0000000082d00000, 0x0000000082d00000| Untracked 
|  46|0x0000000082e00000, 0x0000000082f00000, 0x0000000082f00000|100%| O|  |TAMS 0x0000000082e00000, 0x0000000082e00000| Untracked 
|  47|0x0000000082f00000, 0x0000000083000000, 0x0000000083000000|100%| O|  |TAMS 0x0000000082f00000, 0x0000000082f00000| Untracked 
|  48|0x0000000083000000, 0x0000000083100000, 0x0000000083100000|100%| O|  |TAMS 0x0000000083000000, 0x0000000083000000| Untracked 
|  49|0x0000000083100000, 0x0000000083200000, 0x0000000083200000|100%| O|  |TAMS 0x0000000083100000, 0x0000000083100000| Untracked 
|  50|0x0000000083200000, 0x0000000083300000, 0x0000000083300000|100%| O|  |TAMS 0x0000000083200000, 0x0000000083200000| Untracked 
|  51|0x0000000083300000, 0x0000000083400000, 0x0000000083400000|100%| O|  |TAMS 0x0000000083300000, 0x0000000083300000| Untracked 
|  52|0x0000000083400000, 0x0000000083500000, 0x0000000083500000|100%| O|  |TAMS 0x0000000083400000, 0x0000000083400000| Untracked 
|  53|0x0000000083500000, 0x0000000083600000, 0x0000000083600000|100%| O|  |TAMS 0x0000000083500000, 0x0000000083500000| Untracked 
|  54|0x0000000083600000, 0x0000000083700000, 0x0000000083700000|100%| O|  |TAMS 0x0000000083600000, 0x0000000083600000| Untracked 
|  55|0x0000000083700000, 0x0000000083800000, 0x0000000083800000|100%| O|  |TAMS 0x0000000083700000, 0x0000000083700000| Untracked 
|  56|0x0000000083800000, 0x0000000083900000, 0x0000000083900000|100%| O|  |TAMS 0x0000000083800000, 0x0000000083800000| Untracked 
|  57|0x0000000083900000, 0x0000000083a00000, 0x0000000083a00000|100%| O|  |TAMS 0x0000000083900000, 0x0000000083900000| Untracked 
|  58|0x0000000083a00000, 0x0000000083b00000, 0x0000000083b00000|100%| O|  |TAMS 0x0000000083a00000, 0x0000000083a00000| Untracked 
|  59|0x0000000083b00000, 0x0000000083c00000, 0x0000000083c00000|100%| O|  |TAMS 0x0000000083b00000, 0x0000000083b00000| Untracked 
|  60|0x0000000083c00000, 0x0000000083d00000, 0x0000000083d00000|100%| O|  |TAMS 0x0000000083c00000, 0x0000000083c00000| Untracked 
|  61|0x0000000083d00000, 0x0000000083e00000, 0x0000000083e00000|100%| O|  |TAMS 0x0000000083d00000, 0x0000000083d00000| Untracked 
|  62|0x0000000083e00000, 0x0000000083f00000, 0x0000000083f00000|100%| O|  |TAMS 0x0000000083e00000, 0x0000000083e00000| Untracked 
|  63|0x0000000083f00000, 0x0000000084000000, 0x0000000084000000|100%| O|  |TAMS 0x0000000083f00000, 0x0000000083f00000| Untracked 
|  64|0x0000000084000000, 0x0000000084100000, 0x0000000084100000|100%| O|  |TAMS 0x0000000084000000, 0x0000000084000000| Untracked 
|  65|0x0000000084100000, 0x0000000084200000, 0x0000000084200000|100%| O|  |TAMS 0x0000000084100000, 0x0000000084100000| Untracked 
|  66|0x0000000084200000, 0x0000000084300000, 0x0000000084300000|100%| O|  |TAMS 0x0000000084200000, 0x0000000084200000| Untracked 
|  67|0x0000000084300000, 0x0000000084400000, 0x0000000084400000|100%| O|  |TAMS 0x0000000084300000, 0x0000000084300000| Untracked 
|  68|0x0000000084400000, 0x0000000084500000, 0x0000000084500000|100%| O|  |TAMS 0x0000000084400000, 0x0000000084400000| Untracked 
|  69|0x0000000084500000, 0x0000000084600000, 0x0000000084600000|100%| O|  |TAMS 0x0000000084500000, 0x0000000084500000| Untracked 
|  70|0x0000000084600000, 0x0000000084700000, 0x0000000084700000|100%| O|  |TAMS 0x0000000084600000, 0x0000000084600000| Untracked 
|  71|0x0000000084700000, 0x0000000084800000, 0x0000000084800000|100%| O|  |TAMS 0x0000000084700000, 0x0000000084700000| Untracked 
|  72|0x0000000084800000, 0x0000000084900000, 0x0000000084900000|100%| O|  |TAMS 0x0000000084800000, 0x0000000084800000| Untracked 
|  73|0x0000000084900000, 0x0000000084a00000, 0x0000000084a00000|100%| O|  |TAMS 0x0000000084900000, 0x0000000084900000| Untracked 
|  74|0x0000000084a00000, 0x0000000084b00000, 0x0000000084b00000|100%| O|  |TAMS 0x0000000084a00000, 0x0000000084a00000| Untracked 
|  75|0x0000000084b00000, 0x0000000084c00000, 0x0000000084c00000|100%| O|  |TAMS 0x0000000084b00000, 0x0000000084b00000| Untracked 
|  76|0x0000000084c00000, 0x0000000084d00000, 0x0000000084d00000|100%| O|  |TAMS 0x0000000084c00000, 0x0000000084c00000| Untracked 
|  77|0x0000000084d00000, 0x0000000084e00000, 0x0000000084e00000|100%| O|  |TAMS 0x0000000084d00000, 0x0000000084d00000| Untracked 
|  78|0x0000000084e00000, 0x0000000084f00000, 0x0000000084f00000|100%| O|  |TAMS 0x0000000084e00000, 0x0000000084e00000| Untracked 
|  79|0x0000000084f00000, 0x0000000085000000, 0x0000000085000000|100%| O|  |TAMS 0x0000000084f00000, 0x0000000084f00000| Untracked 
|  80|0x0000000085000000, 0x0000000085100000, 0x0000000085100000|100%|HS|  |TAMS 0x0000000085000000, 0x0000000085000000| Complete 
|  81|0x0000000085100000, 0x0000000085100000, 0x0000000085200000|  0%| F|  |TAMS 0x0000000085100000, 0x0000000085100000| Untracked 
|  82|0x0000000085200000, 0x0000000085200000, 0x0000000085300000|  0%| F|  |TAMS 0x0000000085200000, 0x0000000085200000| Untracked 
|  83|0x0000000085300000, 0x0000000085300000, 0x0000000085400000|  0%| F|  |TAMS 0x0000000085300000, 0x0000000085300000| Untracked 
|  84|0x0000000085400000, 0x0000000085400000, 0x0000000085500000|  0%| F|  |TAMS 0x0000000085400000, 0x0000000085400000| Untracked 
|  85|0x0000000085500000, 0x0000000085600000, 0x0000000085600000|100%| O|  |TAMS 0x0000000085500000, 0x0000000085500000| Untracked 
|  86|0x0000000085600000, 0x0000000085700000, 0x0000000085700000|100%| O|  |TAMS 0x0000000085600000, 0x0000000085600000| Untracked 
|  87|0x0000000085700000, 0x0000000085800000, 0x0000000085800000|100%| O|  |TAMS 0x0000000085700000, 0x0000000085700000| Untracked 
|  88|0x0000000085800000, 0x0000000085900000, 0x0000000085900000|100%| O|  |TAMS 0x0000000085800000, 0x0000000085800000| Untracked 
|  89|0x0000000085900000, 0x0000000085a00000, 0x0000000085a00000|100%| O|  |TAMS 0x0000000085900000, 0x0000000085900000| Untracked 
|  90|0x0000000085a00000, 0x0000000085b00000, 0x0000000085b00000|100%| O|  |TAMS 0x0000000085a00000, 0x0000000085a00000| Untracked 
|  91|0x0000000085b00000, 0x0000000085c00000, 0x0000000085c00000|100%| O|  |TAMS 0x0000000085b00000, 0x0000000085b00000| Untracked 
|  92|0x0000000085c00000, 0x0000000085d00000, 0x0000000085d00000|100%| O|  |TAMS 0x0000000085c00000, 0x0000000085c00000| Untracked 
|  93|0x0000000085d00000, 0x0000000085e00000, 0x0000000085e00000|100%| O|  |TAMS 0x0000000085d00000, 0x0000000085d00000| Untracked 
|  94|0x0000000085e00000, 0x0000000085f00000, 0x0000000085f00000|100%| O|  |TAMS 0x0000000085e00000, 0x0000000085e00000| Untracked 
|  95|0x0000000085f00000, 0x0000000086000000, 0x0000000086000000|100%| O|  |TAMS 0x0000000085f00000, 0x0000000085f00000| Untracked 
|  96|0x0000000086000000, 0x0000000086100000, 0x0000000086100000|100%| O|  |TAMS 0x0000000086000000, 0x0000000086000000| Untracked 
|  97|0x0000000086100000, 0x0000000086200000, 0x0000000086200000|100%| O|  |TAMS 0x0000000086100000, 0x0000000086100000| Untracked 
|  98|0x0000000086200000, 0x0000000086300000, 0x0000000086300000|100%| O|  |TAMS 0x0000000086200000, 0x0000000086200000| Untracked 
|  99|0x0000000086300000, 0x0000000086400000, 0x0000000086400000|100%| O|  |TAMS 0x0000000086300000, 0x0000000086300000| Untracked 
| 100|0x0000000086400000, 0x0000000086449600, 0x0000000086500000| 28%| O|  |TAMS 0x0000000086400000, 0x0000000086400000| Untracked 
| 101|0x0000000086500000, 0x0000000086500000, 0x0000000086600000|  0%| F|  |TAMS 0x0000000086500000, 0x0000000086500000| Untracked 
| 102|0x0000000086600000, 0x0000000086600000, 0x0000000086700000|  0%| F|  |TAMS 0x0000000086600000, 0x0000000086600000| Untracked 
| 103|0x0000000086700000, 0x0000000086700000, 0x0000000086800000|  0%| F|  |TAMS 0x0000000086700000, 0x0000000086700000| Untracked 
| 104|0x0000000086800000, 0x0000000086800000, 0x0000000086900000|  0%| F|  |TAMS 0x0000000086800000, 0x0000000086800000| Untracked 
| 105|0x0000000086900000, 0x0000000086900000, 0x0000000086a00000|  0%| F|  |TAMS 0x0000000086900000, 0x0000000086900000| Untracked 
| 106|0x0000000086a00000, 0x0000000086a00000, 0x0000000086b00000|  0%| F|  |TAMS 0x0000000086a00000, 0x0000000086a00000| Untracked 
| 107|0x0000000086b00000, 0x0000000086b00000, 0x0000000086c00000|  0%| F|  |TAMS 0x0000000086b00000, 0x0000000086b00000| Untracked 
| 108|0x0000000086c00000, 0x0000000086c00000, 0x0000000086d00000|  0%| F|  |TAMS 0x0000000086c00000, 0x0000000086c00000| Untracked 
| 109|0x0000000086d00000, 0x0000000086d00000, 0x0000000086e00000|  0%| F|  |TAMS 0x0000000086d00000, 0x0000000086d00000| Untracked 
| 110|0x0000000086e00000, 0x0000000086e00000, 0x0000000086f00000|  0%| F|  |TAMS 0x0000000086e00000, 0x0000000086e00000| Untracked 
| 111|0x0000000086f00000, 0x0000000086f00000, 0x0000000087000000|  0%| F|  |TAMS 0x0000000086f00000, 0x0000000086f00000| Untracked 
| 112|0x0000000087000000, 0x0000000087000000, 0x0000000087100000|  0%| F|  |TAMS 0x0000000087000000, 0x0000000087000000| Untracked 
| 113|0x0000000087100000, 0x0000000087100000, 0x0000000087200000|  0%| F|  |TAMS 0x0000000087100000, 0x0000000087100000| Untracked 
| 114|0x0000000087200000, 0x0000000087200000, 0x0000000087300000|  0%| F|  |TAMS 0x0000000087200000, 0x0000000087200000| Untracked 
| 115|0x0000000087300000, 0x0000000087300000, 0x0000000087400000|  0%| F|  |TAMS 0x0000000087300000, 0x0000000087300000| Untracked 
| 116|0x0000000087400000, 0x0000000087400000, 0x0000000087500000|  0%| F|  |TAMS 0x0000000087400000, 0x0000000087400000| Untracked 
| 117|0x0000000087500000, 0x0000000087500000, 0x0000000087600000|  0%| F|  |TAMS 0x0000000087500000, 0x0000000087500000| Untracked 
| 118|0x0000000087600000, 0x0000000087600000, 0x0000000087700000|  0%| F|  |TAMS 0x0000000087600000, 0x0000000087600000| Untracked 
| 119|0x0000000087700000, 0x0000000087700000, 0x0000000087800000|  0%| F|  |TAMS 0x0000000087700000, 0x0000000087700000| Untracked 
| 120|0x0000000087800000, 0x0000000087800000, 0x0000000087900000|  0%| F|  |TAMS 0x0000000087800000, 0x0000000087800000| Untracked 
| 121|0x0000000087900000, 0x0000000087900000, 0x0000000087a00000|  0%| F|  |TAMS 0x0000000087900000, 0x0000000087900000| Untracked 
| 122|0x0000000087a00000, 0x0000000087a00000, 0x0000000087b00000|  0%| F|  |TAMS 0x0000000087a00000, 0x0000000087a00000| Untracked 
| 123|0x0000000087b00000, 0x0000000087b00000, 0x0000000087c00000|  0%| F|  |TAMS 0x0000000087b00000, 0x0000000087b00000| Untracked 
| 124|0x0000000087c00000, 0x0000000087c00000, 0x0000000087d00000|  0%| F|  |TAMS 0x0000000087c00000, 0x0000000087c00000| Untracked 
| 125|0x0000000087d00000, 0x0000000087d00000, 0x0000000087e00000|  0%| F|  |TAMS 0x0000000087d00000, 0x0000000087d00000| Untracked 
| 126|0x0000000087e00000, 0x0000000087e00000, 0x0000000087f00000|  0%| F|  |TAMS 0x0000000087e00000, 0x0000000087e00000| Untracked 
| 127|0x0000000087f00000, 0x0000000087f00000, 0x0000000088000000|  0%| F|  |TAMS 0x0000000087f00000, 0x0000000087f00000| Untracked 
| 128|0x0000000088000000, 0x0000000088000000, 0x0000000088100000|  0%| F|  |TAMS 0x0000000088000000, 0x0000000088000000| Untracked 
| 129|0x0000000088100000, 0x0000000088100000, 0x0000000088200000|  0%| F|  |TAMS 0x0000000088100000, 0x0000000088100000| Untracked 
| 130|0x0000000088200000, 0x0000000088200000, 0x0000000088300000|  0%| F|  |TAMS 0x0000000088200000, 0x0000000088200000| Untracked 
| 131|0x0000000088300000, 0x0000000088300000, 0x0000000088400000|  0%| F|  |TAMS 0x0000000088300000, 0x0000000088300000| Untracked 
| 132|0x0000000088400000, 0x0000000088400000, 0x0000000088500000|  0%| F|  |TAMS 0x0000000088400000, 0x0000000088400000| Untracked 
| 133|0x0000000088500000, 0x0000000088500000, 0x0000000088600000|  0%| F|  |TAMS 0x0000000088500000, 0x0000000088500000| Untracked 
| 134|0x0000000088600000, 0x0000000088600000, 0x0000000088700000|  0%| F|  |TAMS 0x0000000088600000, 0x0000000088600000| Untracked 
| 135|0x0000000088700000, 0x0000000088700000, 0x0000000088800000|  0%| F|  |TAMS 0x0000000088700000, 0x0000000088700000| Untracked 
| 136|0x0000000088800000, 0x0000000088800000, 0x0000000088900000|  0%| F|  |TAMS 0x0000000088800000, 0x0000000088800000| Untracked 
| 137|0x0000000088900000, 0x0000000088900000, 0x0000000088a00000|  0%| F|  |TAMS 0x0000000088900000, 0x0000000088900000| Untracked 
| 138|0x0000000088a00000, 0x0000000088a00000, 0x0000000088b00000|  0%| F|  |TAMS 0x0000000088a00000, 0x0000000088a00000| Untracked 
| 139|0x0000000088b00000, 0x0000000088b00000, 0x0000000088c00000|  0%| F|  |TAMS 0x0000000088b00000, 0x0000000088b00000| Untracked 
| 140|0x0000000088c00000, 0x0000000088c00000, 0x0000000088d00000|  0%| F|  |TAMS 0x0000000088c00000, 0x0000000088c00000| Untracked 
| 141|0x0000000088d00000, 0x0000000088d00000, 0x0000000088e00000|  0%| F|  |TAMS 0x0000000088d00000, 0x0000000088d00000| Untracked 
| 142|0x0000000088e00000, 0x0000000088e00000, 0x0000000088f00000|  0%| F|  |TAMS 0x0000000088e00000, 0x0000000088e00000| Untracked 
| 143|0x0000000088f00000, 0x0000000088f00000, 0x0000000089000000|  0%| F|  |TAMS 0x0000000088f00000, 0x0000000088f00000| Untracked 
| 144|0x0000000089000000, 0x0000000089000000, 0x0000000089100000|  0%| F|  |TAMS 0x0000000089000000, 0x0000000089000000| Untracked 
| 145|0x0000000089100000, 0x0000000089100000, 0x0000000089200000|  0%| F|  |TAMS 0x0000000089100000, 0x0000000089100000| Untracked 
| 146|0x0000000089200000, 0x0000000089200000, 0x0000000089300000|  0%| F|  |TAMS 0x0000000089200000, 0x0000000089200000| Untracked 
| 147|0x0000000089300000, 0x0000000089300000, 0x0000000089400000|  0%| F|  |TAMS 0x0000000089300000, 0x0000000089300000| Untracked 
| 148|0x0000000089400000, 0x0000000089400000, 0x0000000089500000|  0%| F|  |TAMS 0x0000000089400000, 0x0000000089400000| Untracked 
| 149|0x0000000089500000, 0x0000000089500000, 0x0000000089600000|  0%| F|  |TAMS 0x0000000089500000, 0x0000000089500000| Untracked 
| 150|0x0000000089600000, 0x0000000089600000, 0x0000000089700000|  0%| F|  |TAMS 0x0000000089600000, 0x0000000089600000| Untracked 
| 151|0x0000000089700000, 0x0000000089700000, 0x0000000089800000|  0%| F|  |TAMS 0x0000000089700000, 0x0000000089700000| Untracked 
| 152|0x0000000089800000, 0x0000000089800000, 0x0000000089900000|  0%| F|  |TAMS 0x0000000089800000, 0x0000000089800000| Untracked 
| 153|0x0000000089900000, 0x0000000089900000, 0x0000000089a00000|  0%| F|  |TAMS 0x0000000089900000, 0x0000000089900000| Untracked 
| 154|0x0000000089a00000, 0x0000000089a00000, 0x0000000089b00000|  0%| F|  |TAMS 0x0000000089a00000, 0x0000000089a00000| Untracked 
| 155|0x0000000089b00000, 0x0000000089b00000, 0x0000000089c00000|  0%| F|  |TAMS 0x0000000089b00000, 0x0000000089b00000| Untracked 
| 156|0x0000000089c00000, 0x0000000089c00000, 0x0000000089d00000|  0%| F|  |TAMS 0x0000000089c00000, 0x0000000089c00000| Untracked 
| 157|0x0000000089d00000, 0x0000000089d00000, 0x0000000089e00000|  0%| F|  |TAMS 0x0000000089d00000, 0x0000000089d00000| Untracked 
| 158|0x0000000089e00000, 0x0000000089e00000, 0x0000000089f00000|  0%| F|  |TAMS 0x0000000089e00000, 0x0000000089e00000| Untracked 
| 159|0x0000000089f00000, 0x0000000089f00000, 0x000000008a000000|  0%| F|  |TAMS 0x0000000089f00000, 0x0000000089f00000| Untracked 
| 160|0x000000008a000000, 0x000000008a000000, 0x000000008a100000|  0%| F|  |TAMS 0x000000008a000000, 0x000000008a000000| Untracked 
| 161|0x000000008a100000, 0x000000008a100000, 0x000000008a200000|  0%| F|  |TAMS 0x000000008a100000, 0x000000008a100000| Untracked 
| 162|0x000000008a200000, 0x000000008a200000, 0x000000008a300000|  0%| F|  |TAMS 0x000000008a200000, 0x000000008a200000| Untracked 
| 163|0x000000008a300000, 0x000000008a300000, 0x000000008a400000|  0%| F|  |TAMS 0x000000008a300000, 0x000000008a300000| Untracked 
| 164|0x000000008a400000, 0x000000008a400000, 0x000000008a500000|  0%| F|  |TAMS 0x000000008a400000, 0x000000008a400000| Untracked 
| 165|0x000000008a500000, 0x000000008a500000, 0x000000008a600000|  0%| F|  |TAMS 0x000000008a500000, 0x000000008a500000| Untracked 
| 166|0x000000008a600000, 0x000000008a600000, 0x000000008a700000|  0%| F|  |TAMS 0x000000008a600000, 0x000000008a600000| Untracked 
| 167|0x000000008a700000, 0x000000008a700000, 0x000000008a800000|  0%| F|  |TAMS 0x000000008a700000, 0x000000008a700000| Untracked 
| 168|0x000000008a800000, 0x000000008a800000, 0x000000008a900000|  0%| F|  |TAMS 0x000000008a800000, 0x000000008a800000| Untracked 
| 169|0x000000008a900000, 0x000000008a900000, 0x000000008aa00000|  0%| F|  |TAMS 0x000000008a900000, 0x000000008a900000| Untracked 
| 170|0x000000008aa00000, 0x000000008aa00000, 0x000000008ab00000|  0%| F|  |TAMS 0x000000008aa00000, 0x000000008aa00000| Untracked 
| 171|0x000000008ab00000, 0x000000008ab00000, 0x000000008ac00000|  0%| F|  |TAMS 0x000000008ab00000, 0x000000008ab00000| Untracked 
| 172|0x000000008ac00000, 0x000000008ac00000, 0x000000008ad00000|  0%| F|  |TAMS 0x000000008ac00000, 0x000000008ac00000| Untracked 
| 173|0x000000008ad00000, 0x000000008ad00000, 0x000000008ae00000|  0%| F|  |TAMS 0x000000008ad00000, 0x000000008ad00000| Untracked 
| 174|0x000000008ae00000, 0x000000008ae00000, 0x000000008af00000|  0%| F|  |TAMS 0x000000008ae00000, 0x000000008ae00000| Untracked 
| 175|0x000000008af00000, 0x000000008af80000, 0x000000008b000000| 50%| S|CS|TAMS 0x000000008af00000, 0x000000008af00000| Complete 
| 176|0x000000008b000000, 0x000000008b000000, 0x000000008b100000|  0%| F|  |TAMS 0x000000008b000000, 0x000000008b000000| Untracked 
| 177|0x000000008b100000, 0x000000008b100000, 0x000000008b200000|  0%| F|  |TAMS 0x000000008b100000, 0x000000008b100000| Untracked 
| 178|0x000000008b200000, 0x000000008b200000, 0x000000008b300000|  0%| F|  |TAMS 0x000000008b200000, 0x000000008b200000| Untracked 
| 179|0x000000008b300000, 0x000000008b300000, 0x000000008b400000|  0%| F|  |TAMS 0x000000008b300000, 0x000000008b300000| Untracked 
| 180|0x000000008b400000, 0x000000008b400000, 0x000000008b500000|  0%| F|  |TAMS 0x000000008b400000, 0x000000008b400000| Untracked 
| 181|0x000000008b500000, 0x000000008b500000, 0x000000008b600000|  0%| F|  |TAMS 0x000000008b500000, 0x000000008b500000| Untracked 
| 182|0x000000008b600000, 0x000000008b600000, 0x000000008b700000|  0%| F|  |TAMS 0x000000008b600000, 0x000000008b600000| Untracked 
| 183|0x000000008b700000, 0x000000008b700000, 0x000000008b800000|  0%| F|  |TAMS 0x000000008b700000, 0x000000008b700000| Untracked 
| 184|0x000000008b800000, 0x000000008b800000, 0x000000008b900000|  0%| F|  |TAMS 0x000000008b800000, 0x000000008b800000| Untracked 
| 185|0x000000008b900000, 0x000000008b900000, 0x000000008ba00000|  0%| F|  |TAMS 0x000000008b900000, 0x000000008b900000| Untracked 
| 186|0x000000008ba00000, 0x000000008ba00000, 0x000000008bb00000|  0%| F|  |TAMS 0x000000008ba00000, 0x000000008ba00000| Untracked 
| 187|0x000000008bb00000, 0x000000008bb00000, 0x000000008bc00000|  0%| F|  |TAMS 0x000000008bb00000, 0x000000008bb00000| Untracked 
| 188|0x000000008bc00000, 0x000000008bc00000, 0x000000008bd00000|  0%| F|  |TAMS 0x000000008bc00000, 0x000000008bc00000| Untracked 
| 189|0x000000008bd00000, 0x000000008bd00000, 0x000000008be00000|  0%| F|  |TAMS 0x000000008bd00000, 0x000000008bd00000| Untracked 
| 190|0x000000008be00000, 0x000000008bf00000, 0x000000008bf00000|100%| S|CS|TAMS 0x000000008be00000, 0x000000008be00000| Complete 
| 191|0x000000008bf00000, 0x000000008c000000, 0x000000008c000000|100%| S|CS|TAMS 0x000000008bf00000, 0x000000008bf00000| Complete 
| 192|0x000000008c000000, 0x000000008c100000, 0x000000008c100000|100%| S|CS|TAMS 0x000000008c000000, 0x000000008c000000| Complete 
| 193|0x000000008c100000, 0x000000008c200000, 0x000000008c200000|100%| S|CS|TAMS 0x000000008c100000, 0x000000008c100000| Complete 
| 194|0x000000008c200000, 0x000000008c300000, 0x000000008c300000|100%| S|CS|TAMS 0x000000008c200000, 0x000000008c200000| Complete 
| 195|0x000000008c300000, 0x000000008c400000, 0x000000008c400000|100%| S|CS|TAMS 0x000000008c300000, 0x000000008c300000| Complete 
| 196|0x000000008c400000, 0x000000008c500000, 0x000000008c500000|100%| S|CS|TAMS 0x000000008c400000, 0x000000008c400000| Complete 
| 197|0x000000008c500000, 0x000000008c600000, 0x000000008c600000|100%| S|CS|TAMS 0x000000008c500000, 0x000000008c500000| Complete 
| 198|0x000000008c600000, 0x000000008c700000, 0x000000008c700000|100%| S|CS|TAMS 0x000000008c600000, 0x000000008c600000| Complete 
| 199|0x000000008c700000, 0x000000008c800000, 0x000000008c800000|100%| S|CS|TAMS 0x000000008c700000, 0x000000008c700000| Complete 
| 200|0x000000008c800000, 0x000000008c900000, 0x000000008c900000|100%| S|CS|TAMS 0x000000008c800000, 0x000000008c800000| Complete 
| 201|0x000000008c900000, 0x000000008ca00000, 0x000000008ca00000|100%| S|CS|TAMS 0x000000008c900000, 0x000000008c900000| Complete 
| 202|0x000000008ca00000, 0x000000008cb00000, 0x000000008cb00000|100%| S|CS|TAMS 0x000000008ca00000, 0x000000008ca00000| Complete 
| 203|0x000000008cb00000, 0x000000008cc00000, 0x000000008cc00000|100%| S|CS|TAMS 0x000000008cb00000, 0x000000008cb00000| Complete 
| 204|0x000000008cc00000, 0x000000008cc00000, 0x000000008cd00000|  0%| F|  |TAMS 0x000000008cc00000, 0x000000008cc00000| Untracked 
| 205|0x000000008cd00000, 0x000000008cd00000, 0x000000008ce00000|  0%| F|  |TAMS 0x000000008cd00000, 0x000000008cd00000| Untracked 
| 206|0x000000008ce00000, 0x000000008ce00000, 0x000000008cf00000|  0%| F|  |TAMS 0x000000008ce00000, 0x000000008ce00000| Untracked 
| 207|0x000000008cf00000, 0x000000008cf00000, 0x000000008d000000|  0%| F|  |TAMS 0x000000008cf00000, 0x000000008cf00000| Untracked 
| 208|0x000000008d000000, 0x000000008d000000, 0x000000008d100000|  0%| F|  |TAMS 0x000000008d000000, 0x000000008d000000| Untracked 
| 209|0x000000008d100000, 0x000000008d100000, 0x000000008d200000|  0%| F|  |TAMS 0x000000008d100000, 0x000000008d100000| Untracked 
| 210|0x000000008d200000, 0x000000008d200000, 0x000000008d300000|  0%| F|  |TAMS 0x000000008d200000, 0x000000008d200000| Untracked 
| 211|0x000000008d300000, 0x000000008d300000, 0x000000008d400000|  0%| F|  |TAMS 0x000000008d300000, 0x000000008d300000| Untracked 
| 212|0x000000008d400000, 0x000000008d400000, 0x000000008d500000|  0%| F|  |TAMS 0x000000008d400000, 0x000000008d400000| Untracked 
| 213|0x000000008d500000, 0x000000008d500000, 0x000000008d600000|  0%| F|  |TAMS 0x000000008d500000, 0x000000008d500000| Untracked 
| 214|0x000000008d600000, 0x000000008d600000, 0x000000008d700000|  0%| F|  |TAMS 0x000000008d600000, 0x000000008d600000| Untracked 
| 215|0x000000008d700000, 0x000000008d700000, 0x000000008d800000|  0%| F|  |TAMS 0x000000008d700000, 0x000000008d700000| Untracked 
| 216|0x000000008d800000, 0x000000008d800000, 0x000000008d900000|  0%| F|  |TAMS 0x000000008d800000, 0x000000008d800000| Untracked 
| 217|0x000000008d900000, 0x000000008d900000, 0x000000008da00000|  0%| F|  |TAMS 0x000000008d900000, 0x000000008d900000| Untracked 
| 218|0x000000008da00000, 0x000000008db00000, 0x000000008db00000|100%| S|CS|TAMS 0x000000008da00000, 0x000000008da00000| Complete 
| 219|0x000000008db00000, 0x000000008dc00000, 0x000000008dc00000|100%| S|CS|TAMS 0x000000008db00000, 0x000000008db00000| Complete 
| 220|0x000000008dc00000, 0x000000008dd00000, 0x000000008dd00000|100%| S|CS|TAMS 0x000000008dc00000, 0x000000008dc00000| Complete 
| 221|0x000000008dd00000, 0x000000008de00000, 0x000000008de00000|100%| S|CS|TAMS 0x000000008dd00000, 0x000000008dd00000| Complete 
| 222|0x000000008de00000, 0x000000008df00000, 0x000000008df00000|100%| S|CS|TAMS 0x000000008de00000, 0x000000008de00000| Complete 
| 223|0x000000008df00000, 0x000000008e000000, 0x000000008e000000|100%| S|CS|TAMS 0x000000008df00000, 0x000000008df00000| Complete 
| 224|0x000000008e000000, 0x000000008e100000, 0x000000008e100000|100%| S|CS|TAMS 0x000000008e000000, 0x000000008e000000| Complete 
| 225|0x000000008e100000, 0x000000008e200000, 0x000000008e200000|100%| S|CS|TAMS 0x000000008e100000, 0x000000008e100000| Complete 
| 226|0x000000008e200000, 0x000000008e300000, 0x000000008e300000|100%| S|CS|TAMS 0x000000008e200000, 0x000000008e200000| Complete 
| 227|0x000000008e300000, 0x000000008e400000, 0x000000008e400000|100%| S|CS|TAMS 0x000000008e300000, 0x000000008e300000| Complete 
| 228|0x000000008e400000, 0x000000008e500000, 0x000000008e500000|100%| S|CS|TAMS 0x000000008e400000, 0x000000008e400000| Complete 
| 229|0x000000008e500000, 0x000000008e600000, 0x000000008e600000|100%| S|CS|TAMS 0x000000008e500000, 0x000000008e500000| Complete 
| 230|0x000000008e600000, 0x000000008e700000, 0x000000008e700000|100%| S|CS|TAMS 0x000000008e600000, 0x000000008e600000| Complete 
| 231|0x000000008e700000, 0x000000008e800000, 0x000000008e800000|100%| S|CS|TAMS 0x000000008e700000, 0x000000008e700000| Complete 
| 232|0x000000008e800000, 0x000000008e800000, 0x000000008e900000|  0%| F|  |TAMS 0x000000008e800000, 0x000000008e800000| Untracked 
| 233|0x000000008e900000, 0x000000008e900000, 0x000000008ea00000|  0%| F|  |TAMS 0x000000008e900000, 0x000000008e900000| Untracked 
| 234|0x000000008ea00000, 0x000000008ea00000, 0x000000008eb00000|  0%| F|  |TAMS 0x000000008ea00000, 0x000000008ea00000| Untracked 
| 235|0x000000008eb00000, 0x000000008eb00000, 0x000000008ec00000|  0%| F|  |TAMS 0x000000008eb00000, 0x000000008eb00000| Untracked 
| 236|0x000000008ec00000, 0x000000008ec00000, 0x000000008ed00000|  0%| F|  |TAMS 0x000000008ec00000, 0x000000008ec00000| Untracked 
| 237|0x000000008ed00000, 0x000000008ed00000, 0x000000008ee00000|  0%| F|  |TAMS 0x000000008ed00000, 0x000000008ed00000| Untracked 
| 238|0x000000008ee00000, 0x000000008ee00000, 0x000000008ef00000|  0%| F|  |TAMS 0x000000008ee00000, 0x000000008ee00000| Untracked 
| 239|0x000000008ef00000, 0x000000008ef00000, 0x000000008f000000|  0%| F|  |TAMS 0x000000008ef00000, 0x000000008ef00000| Untracked 
| 240|0x000000008f000000, 0x000000008f000000, 0x000000008f100000|  0%| F|  |TAMS 0x000000008f000000, 0x000000008f000000| Untracked 
| 241|0x000000008f100000, 0x000000008f100000, 0x000000008f200000|  0%| F|  |TAMS 0x000000008f100000, 0x000000008f100000| Untracked 
| 242|0x000000008f200000, 0x000000008f200000, 0x000000008f300000|  0%| F|  |TAMS 0x000000008f200000, 0x000000008f200000| Untracked 
| 243|0x000000008f300000, 0x000000008f300000, 0x000000008f400000|  0%| F|  |TAMS 0x000000008f300000, 0x000000008f300000| Untracked 
| 244|0x000000008f400000, 0x000000008f400000, 0x000000008f500000|  0%| F|  |TAMS 0x000000008f400000, 0x000000008f400000| Untracked 
| 245|0x000000008f500000, 0x000000008f500000, 0x000000008f600000|  0%| F|  |TAMS 0x000000008f500000, 0x000000008f500000| Untracked 
| 246|0x000000008f600000, 0x000000008f600000, 0x000000008f700000|  0%| F|  |TAMS 0x000000008f600000, 0x000000008f600000| Untracked 
| 247|0x000000008f700000, 0x000000008f700000, 0x000000008f800000|  0%| F|  |TAMS 0x000000008f700000, 0x000000008f700000| Untracked 
| 248|0x000000008f800000, 0x000000008f800000, 0x000000008f900000|  0%| F|  |TAMS 0x000000008f800000, 0x000000008f800000| Untracked 
| 249|0x000000008f900000, 0x000000008f900000, 0x000000008fa00000|  0%| F|  |TAMS 0x000000008f900000, 0x000000008f900000| Untracked 
| 250|0x000000008fa00000, 0x000000008fa00000, 0x000000008fb00000|  0%| F|  |TAMS 0x000000008fa00000, 0x000000008fa00000| Untracked 
| 251|0x000000008fb00000, 0x000000008fb00000, 0x000000008fc00000|  0%| F|  |TAMS 0x000000008fb00000, 0x000000008fb00000| Untracked 
| 252|0x000000008fc00000, 0x000000008fc00000, 0x000000008fd00000|  0%| F|  |TAMS 0x000000008fc00000, 0x000000008fc00000| Untracked 
| 253|0x000000008fd00000, 0x000000008fd00000, 0x000000008fe00000|  0%| F|  |TAMS 0x000000008fd00000, 0x000000008fd00000| Untracked 
| 254|0x000000008fe00000, 0x000000008fe00000, 0x000000008ff00000|  0%| F|  |TAMS 0x000000008fe00000, 0x000000008fe00000| Untracked 
| 255|0x000000008ff00000, 0x000000008ff00000, 0x0000000090000000|  0%| F|  |TAMS 0x000000008ff00000, 0x000000008ff00000| Untracked 
| 256|0x0000000090000000, 0x0000000090000000, 0x0000000090100000|  0%| F|  |TAMS 0x0000000090000000, 0x0000000090000000| Untracked 
| 257|0x0000000090100000, 0x0000000090100000, 0x0000000090200000|  0%| F|  |TAMS 0x0000000090100000, 0x0000000090100000| Untracked 
| 258|0x0000000090200000, 0x0000000090200000, 0x0000000090300000|  0%| F|  |TAMS 0x0000000090200000, 0x0000000090200000| Untracked 
| 259|0x0000000090300000, 0x0000000090300000, 0x0000000090400000|  0%| F|  |TAMS 0x0000000090300000, 0x0000000090300000| Untracked 
| 260|0x0000000090400000, 0x0000000090400000, 0x0000000090500000|  0%| F|  |TAMS 0x0000000090400000, 0x0000000090400000| Untracked 
| 261|0x0000000090500000, 0x0000000090500000, 0x0000000090600000|  0%| F|  |TAMS 0x0000000090500000, 0x0000000090500000| Untracked 
| 262|0x0000000090600000, 0x0000000090600000, 0x0000000090700000|  0%| F|  |TAMS 0x0000000090600000, 0x0000000090600000| Untracked 
| 263|0x0000000090700000, 0x0000000090700000, 0x0000000090800000|  0%| F|  |TAMS 0x0000000090700000, 0x0000000090700000| Untracked 
| 264|0x0000000090800000, 0x0000000090800000, 0x0000000090900000|  0%| F|  |TAMS 0x0000000090800000, 0x0000000090800000| Untracked 
| 265|0x0000000090900000, 0x0000000090900000, 0x0000000090a00000|  0%| F|  |TAMS 0x0000000090900000, 0x0000000090900000| Untracked 
| 266|0x0000000090a00000, 0x0000000090a00000, 0x0000000090b00000|  0%| F|  |TAMS 0x0000000090a00000, 0x0000000090a00000| Untracked 
| 267|0x0000000090b00000, 0x0000000090b00000, 0x0000000090c00000|  0%| F|  |TAMS 0x0000000090b00000, 0x0000000090b00000| Untracked 
| 268|0x0000000090c00000, 0x0000000090c00000, 0x0000000090d00000|  0%| F|  |TAMS 0x0000000090c00000, 0x0000000090c00000| Untracked 
| 269|0x0000000090d00000, 0x0000000090d00000, 0x0000000090e00000|  0%| F|  |TAMS 0x0000000090d00000, 0x0000000090d00000| Untracked 
| 270|0x0000000090e00000, 0x0000000090e00000, 0x0000000090f00000|  0%| F|  |TAMS 0x0000000090e00000, 0x0000000090e00000| Untracked 
| 271|0x0000000090f00000, 0x0000000090f00000, 0x0000000091000000|  0%| F|  |TAMS 0x0000000090f00000, 0x0000000090f00000| Untracked 
| 272|0x0000000091000000, 0x0000000091000000, 0x0000000091100000|  0%| F|  |TAMS 0x0000000091000000, 0x0000000091000000| Untracked 
| 273|0x0000000091100000, 0x0000000091100000, 0x0000000091200000|  0%| F|  |TAMS 0x0000000091100000, 0x0000000091100000| Untracked 
| 274|0x0000000091200000, 0x0000000091200000, 0x0000000091300000|  0%| F|  |TAMS 0x0000000091200000, 0x0000000091200000| Untracked 
| 275|0x0000000091300000, 0x0000000091300000, 0x0000000091400000|  0%| F|  |TAMS 0x0000000091300000, 0x0000000091300000| Untracked 
| 276|0x0000000091400000, 0x0000000091400000, 0x0000000091500000|  0%| F|  |TAMS 0x0000000091400000, 0x0000000091400000| Untracked 
| 277|0x0000000091500000, 0x0000000091500000, 0x0000000091600000|  0%| F|  |TAMS 0x0000000091500000, 0x0000000091500000| Untracked 
| 278|0x0000000091600000, 0x0000000091600000, 0x0000000091700000|  0%| F|  |TAMS 0x0000000091600000, 0x0000000091600000| Untracked 
| 279|0x0000000091700000, 0x0000000091700000, 0x0000000091800000|  0%| F|  |TAMS 0x0000000091700000, 0x0000000091700000| Untracked 
| 280|0x0000000091800000, 0x0000000091800000, 0x0000000091900000|  0%| F|  |TAMS 0x0000000091800000, 0x0000000091800000| Untracked 
| 281|0x0000000091900000, 0x0000000091900000, 0x0000000091a00000|  0%| F|  |TAMS 0x0000000091900000, 0x0000000091900000| Untracked 
| 282|0x0000000091a00000, 0x0000000091a00000, 0x0000000091b00000|  0%| F|  |TAMS 0x0000000091a00000, 0x0000000091a00000| Untracked 
| 283|0x0000000091b00000, 0x0000000091b00000, 0x0000000091c00000|  0%| F|  |TAMS 0x0000000091b00000, 0x0000000091b00000| Untracked 
| 284|0x0000000091c00000, 0x0000000091c00000, 0x0000000091d00000|  0%| F|  |TAMS 0x0000000091c00000, 0x0000000091c00000| Untracked 
| 285|0x0000000091d00000, 0x0000000091d00000, 0x0000000091e00000|  0%| F|  |TAMS 0x0000000091d00000, 0x0000000091d00000| Untracked 
| 286|0x0000000091e00000, 0x0000000091e00000, 0x0000000091f00000|  0%| F|  |TAMS 0x0000000091e00000, 0x0000000091e00000| Untracked 
| 287|0x0000000091f00000, 0x0000000091f00000, 0x0000000092000000|  0%| F|  |TAMS 0x0000000091f00000, 0x0000000091f00000| Untracked 
| 288|0x0000000092000000, 0x0000000092000000, 0x0000000092100000|  0%| F|  |TAMS 0x0000000092000000, 0x0000000092000000| Untracked 
| 289|0x0000000092100000, 0x0000000092100000, 0x0000000092200000|  0%| F|  |TAMS 0x0000000092100000, 0x0000000092100000| Untracked 
| 290|0x0000000092200000, 0x0000000092200000, 0x0000000092300000|  0%| F|  |TAMS 0x0000000092200000, 0x0000000092200000| Untracked 
| 291|0x0000000092300000, 0x0000000092300000, 0x0000000092400000|  0%| F|  |TAMS 0x0000000092300000, 0x0000000092300000| Untracked 
| 292|0x0000000092400000, 0x0000000092400000, 0x0000000092500000|  0%| F|  |TAMS 0x0000000092400000, 0x0000000092400000| Untracked 
| 293|0x0000000092500000, 0x0000000092500000, 0x0000000092600000|  0%| F|  |TAMS 0x0000000092500000, 0x0000000092500000| Untracked 
| 294|0x0000000092600000, 0x0000000092600000, 0x0000000092700000|  0%| F|  |TAMS 0x0000000092600000, 0x0000000092600000| Untracked 
| 295|0x0000000092700000, 0x0000000092700000, 0x0000000092800000|  0%| F|  |TAMS 0x0000000092700000, 0x0000000092700000| Untracked 
| 296|0x0000000092800000, 0x0000000092800000, 0x0000000092900000|  0%| F|  |TAMS 0x0000000092800000, 0x0000000092800000| Untracked 
| 297|0x0000000092900000, 0x0000000092900000, 0x0000000092a00000|  0%| F|  |TAMS 0x0000000092900000, 0x0000000092900000| Untracked 
| 298|0x0000000092a00000, 0x0000000092a00000, 0x0000000092b00000|  0%| F|  |TAMS 0x0000000092a00000, 0x0000000092a00000| Untracked 
| 299|0x0000000092b00000, 0x0000000092b00000, 0x0000000092c00000|  0%| F|  |TAMS 0x0000000092b00000, 0x0000000092b00000| Untracked 
| 300|0x0000000092c00000, 0x0000000092c00000, 0x0000000092d00000|  0%| F|  |TAMS 0x0000000092c00000, 0x0000000092c00000| Untracked 
| 301|0x0000000092d00000, 0x0000000092d00000, 0x0000000092e00000|  0%| F|  |TAMS 0x0000000092d00000, 0x0000000092d00000| Untracked 
| 302|0x0000000092e00000, 0x0000000092e00000, 0x0000000092f00000|  0%| F|  |TAMS 0x0000000092e00000, 0x0000000092e00000| Untracked 
| 303|0x0000000092f00000, 0x0000000092f00000, 0x0000000093000000|  0%| F|  |TAMS 0x0000000092f00000, 0x0000000092f00000| Untracked 
| 304|0x0000000093000000, 0x0000000093000000, 0x0000000093100000|  0%| F|  |TAMS 0x0000000093000000, 0x0000000093000000| Untracked 
| 305|0x0000000093100000, 0x0000000093100000, 0x0000000093200000|  0%| F|  |TAMS 0x0000000093100000, 0x0000000093100000| Untracked 
| 306|0x0000000093200000, 0x0000000093200000, 0x0000000093300000|  0%| F|  |TAMS 0x0000000093200000, 0x0000000093200000| Untracked 
| 307|0x0000000093300000, 0x0000000093300000, 0x0000000093400000|  0%| F|  |TAMS 0x0000000093300000, 0x0000000093300000| Untracked 
| 308|0x0000000093400000, 0x0000000093400000, 0x0000000093500000|  0%| F|  |TAMS 0x0000000093400000, 0x0000000093400000| Untracked 
| 309|0x0000000093500000, 0x0000000093500000, 0x0000000093600000|  0%| F|  |TAMS 0x0000000093500000, 0x0000000093500000| Untracked 
| 310|0x0000000093600000, 0x0000000093600000, 0x0000000093700000|  0%| F|  |TAMS 0x0000000093600000, 0x0000000093600000| Untracked 
| 311|0x0000000093700000, 0x0000000093700000, 0x0000000093800000|  0%| F|  |TAMS 0x0000000093700000, 0x0000000093700000| Untracked 
| 312|0x0000000093800000, 0x0000000093800000, 0x0000000093900000|  0%| F|  |TAMS 0x0000000093800000, 0x0000000093800000| Untracked 
| 313|0x0000000093900000, 0x0000000093900000, 0x0000000093a00000|  0%| F|  |TAMS 0x0000000093900000, 0x0000000093900000| Untracked 
| 314|0x0000000093a00000, 0x0000000093a00000, 0x0000000093b00000|  0%| F|  |TAMS 0x0000000093a00000, 0x0000000093a00000| Untracked 
| 315|0x0000000093b00000, 0x0000000093b00000, 0x0000000093c00000|  0%| F|  |TAMS 0x0000000093b00000, 0x0000000093b00000| Untracked 
| 316|0x0000000093c00000, 0x0000000093c00000, 0x0000000093d00000|  0%| F|  |TAMS 0x0000000093c00000, 0x0000000093c00000| Untracked 
| 317|0x0000000093d00000, 0x0000000093d00000, 0x0000000093e00000|  0%| F|  |TAMS 0x0000000093d00000, 0x0000000093d00000| Untracked 
| 318|0x0000000093e00000, 0x0000000093e00000, 0x0000000093f00000|  0%| F|  |TAMS 0x0000000093e00000, 0x0000000093e00000| Untracked 
| 319|0x0000000093f00000, 0x0000000093f00000, 0x0000000094000000|  0%| F|  |TAMS 0x0000000093f00000, 0x0000000093f00000| Untracked 
| 320|0x0000000094000000, 0x0000000094000000, 0x0000000094100000|  0%| F|  |TAMS 0x0000000094000000, 0x0000000094000000| Untracked 
| 321|0x0000000094100000, 0x0000000094100000, 0x0000000094200000|  0%| F|  |TAMS 0x0000000094100000, 0x0000000094100000| Untracked 
| 322|0x0000000094200000, 0x0000000094200000, 0x0000000094300000|  0%| F|  |TAMS 0x0000000094200000, 0x0000000094200000| Untracked 
| 323|0x0000000094300000, 0x0000000094300000, 0x0000000094400000|  0%| F|  |TAMS 0x0000000094300000, 0x0000000094300000| Untracked 
| 324|0x0000000094400000, 0x0000000094400000, 0x0000000094500000|  0%| F|  |TAMS 0x0000000094400000, 0x0000000094400000| Untracked 
| 325|0x0000000094500000, 0x0000000094500000, 0x0000000094600000|  0%| F|  |TAMS 0x0000000094500000, 0x0000000094500000| Untracked 
| 326|0x0000000094600000, 0x0000000094600000, 0x0000000094700000|  0%| F|  |TAMS 0x0000000094600000, 0x0000000094600000| Untracked 
| 327|0x0000000094700000, 0x0000000094700000, 0x0000000094800000|  0%| F|  |TAMS 0x0000000094700000, 0x0000000094700000| Untracked 
| 328|0x0000000094800000, 0x0000000094800000, 0x0000000094900000|  0%| F|  |TAMS 0x0000000094800000, 0x0000000094800000| Untracked 
| 329|0x0000000094900000, 0x0000000094900000, 0x0000000094a00000|  0%| F|  |TAMS 0x0000000094900000, 0x0000000094900000| Untracked 
| 330|0x0000000094a00000, 0x0000000094a00000, 0x0000000094b00000|  0%| F|  |TAMS 0x0000000094a00000, 0x0000000094a00000| Untracked 
| 331|0x0000000094b00000, 0x0000000094b00000, 0x0000000094c00000|  0%| F|  |TAMS 0x0000000094b00000, 0x0000000094b00000| Untracked 
| 332|0x0000000094c00000, 0x0000000094c00000, 0x0000000094d00000|  0%| F|  |TAMS 0x0000000094c00000, 0x0000000094c00000| Untracked 
| 333|0x0000000094d00000, 0x0000000094d00000, 0x0000000094e00000|  0%| F|  |TAMS 0x0000000094d00000, 0x0000000094d00000| Untracked 
| 334|0x0000000094e00000, 0x0000000094e00000, 0x0000000094f00000|  0%| F|  |TAMS 0x0000000094e00000, 0x0000000094e00000| Untracked 
| 335|0x0000000094f00000, 0x0000000094f00000, 0x0000000095000000|  0%| F|  |TAMS 0x0000000094f00000, 0x0000000094f00000| Untracked 
| 336|0x0000000095000000, 0x0000000095000000, 0x0000000095100000|  0%| F|  |TAMS 0x0000000095000000, 0x0000000095000000| Untracked 
| 337|0x0000000095100000, 0x0000000095100000, 0x0000000095200000|  0%| F|  |TAMS 0x0000000095100000, 0x0000000095100000| Untracked 
| 338|0x0000000095200000, 0x0000000095200000, 0x0000000095300000|  0%| F|  |TAMS 0x0000000095200000, 0x0000000095200000| Untracked 
| 339|0x0000000095300000, 0x0000000095300000, 0x0000000095400000|  0%| F|  |TAMS 0x0000000095300000, 0x0000000095300000| Untracked 
| 340|0x0000000095400000, 0x0000000095400000, 0x0000000095500000|  0%| F|  |TAMS 0x0000000095400000, 0x0000000095400000| Untracked 
| 341|0x0000000095500000, 0x0000000095500000, 0x0000000095600000|  0%| F|  |TAMS 0x0000000095500000, 0x0000000095500000| Untracked 
| 342|0x0000000095600000, 0x0000000095600000, 0x0000000095700000|  0%| F|  |TAMS 0x0000000095600000, 0x0000000095600000| Untracked 
| 343|0x0000000095700000, 0x0000000095700000, 0x0000000095800000|  0%| F|  |TAMS 0x0000000095700000, 0x0000000095700000| Untracked 
| 344|0x0000000095800000, 0x0000000095800000, 0x0000000095900000|  0%| F|  |TAMS 0x0000000095800000, 0x0000000095800000| Untracked 
| 345|0x0000000095900000, 0x0000000095900000, 0x0000000095a00000|  0%| F|  |TAMS 0x0000000095900000, 0x0000000095900000| Untracked 
| 346|0x0000000095a00000, 0x0000000095a00000, 0x0000000095b00000|  0%| F|  |TAMS 0x0000000095a00000, 0x0000000095a00000| Untracked 
| 347|0x0000000095b00000, 0x0000000095b00000, 0x0000000095c00000|  0%| F|  |TAMS 0x0000000095b00000, 0x0000000095b00000| Untracked 
| 348|0x0000000095c00000, 0x0000000095c00000, 0x0000000095d00000|  0%| F|  |TAMS 0x0000000095c00000, 0x0000000095c00000| Untracked 
| 349|0x0000000095d00000, 0x0000000095d00000, 0x0000000095e00000|  0%| F|  |TAMS 0x0000000095d00000, 0x0000000095d00000| Untracked 
| 350|0x0000000095e00000, 0x0000000095e00000, 0x0000000095f00000|  0%| F|  |TAMS 0x0000000095e00000, 0x0000000095e00000| Untracked 
| 351|0x0000000095f00000, 0x0000000095f00000, 0x0000000096000000|  0%| F|  |TAMS 0x0000000095f00000, 0x0000000095f00000| Untracked 
| 352|0x0000000096000000, 0x0000000096000000, 0x0000000096100000|  0%| F|  |TAMS 0x0000000096000000, 0x0000000096000000| Untracked 
| 353|0x0000000096100000, 0x0000000096100000, 0x0000000096200000|  0%| F|  |TAMS 0x0000000096100000, 0x0000000096100000| Untracked 
| 354|0x0000000096200000, 0x0000000096200000, 0x0000000096300000|  0%| F|  |TAMS 0x0000000096200000, 0x0000000096200000| Untracked 
| 355|0x0000000096300000, 0x0000000096300000, 0x0000000096400000|  0%| F|  |TAMS 0x0000000096300000, 0x0000000096300000| Untracked 
| 356|0x0000000096400000, 0x0000000096400000, 0x0000000096500000|  0%| F|  |TAMS 0x0000000096400000, 0x0000000096400000| Untracked 
| 357|0x0000000096500000, 0x0000000096500000, 0x0000000096600000|  0%| F|  |TAMS 0x0000000096500000, 0x0000000096500000| Untracked 
| 358|0x0000000096600000, 0x0000000096600000, 0x0000000096700000|  0%| F|  |TAMS 0x0000000096600000, 0x0000000096600000| Untracked 
| 359|0x0000000096700000, 0x0000000096700000, 0x0000000096800000|  0%| F|  |TAMS 0x0000000096700000, 0x0000000096700000| Untracked 
| 360|0x0000000096800000, 0x0000000096800000, 0x0000000096900000|  0%| F|  |TAMS 0x0000000096800000, 0x0000000096800000| Untracked 
| 361|0x0000000096900000, 0x0000000096900000, 0x0000000096a00000|  0%| F|  |TAMS 0x0000000096900000, 0x0000000096900000| Untracked 
| 362|0x0000000096a00000, 0x0000000096a00000, 0x0000000096b00000|  0%| F|  |TAMS 0x0000000096a00000, 0x0000000096a00000| Untracked 
| 363|0x0000000096b00000, 0x0000000096b00000, 0x0000000096c00000|  0%| F|  |TAMS 0x0000000096b00000, 0x0000000096b00000| Untracked 
| 364|0x0000000096c00000, 0x0000000096c00000, 0x0000000096d00000|  0%| F|  |TAMS 0x0000000096c00000, 0x0000000096c00000| Untracked 
| 365|0x0000000096d00000, 0x0000000096d00000, 0x0000000096e00000|  0%| F|  |TAMS 0x0000000096d00000, 0x0000000096d00000| Untracked 
| 366|0x0000000096e00000, 0x0000000096e00000, 0x0000000096f00000|  0%| F|  |TAMS 0x0000000096e00000, 0x0000000096e00000| Untracked 
| 367|0x0000000096f00000, 0x0000000096f00000, 0x0000000097000000|  0%| F|  |TAMS 0x0000000096f00000, 0x0000000096f00000| Untracked 
| 368|0x0000000097000000, 0x0000000097000000, 0x0000000097100000|  0%| F|  |TAMS 0x0000000097000000, 0x0000000097000000| Untracked 
| 369|0x0000000097100000, 0x0000000097100000, 0x0000000097200000|  0%| F|  |TAMS 0x0000000097100000, 0x0000000097100000| Untracked 
| 370|0x0000000097200000, 0x0000000097200000, 0x0000000097300000|  0%| F|  |TAMS 0x0000000097200000, 0x0000000097200000| Untracked 
| 371|0x0000000097300000, 0x0000000097300000, 0x0000000097400000|  0%| F|  |TAMS 0x0000000097300000, 0x0000000097300000| Untracked 
| 372|0x0000000097400000, 0x0000000097400000, 0x0000000097500000|  0%| F|  |TAMS 0x0000000097400000, 0x0000000097400000| Untracked 
| 373|0x0000000097500000, 0x0000000097500000, 0x0000000097600000|  0%| F|  |TAMS 0x0000000097500000, 0x0000000097500000| Untracked 
| 374|0x0000000097600000, 0x0000000097600000, 0x0000000097700000|  0%| F|  |TAMS 0x0000000097600000, 0x0000000097600000| Untracked 
| 375|0x0000000097700000, 0x0000000097700000, 0x0000000097800000|  0%| F|  |TAMS 0x0000000097700000, 0x0000000097700000| Untracked 
| 376|0x0000000097800000, 0x0000000097800000, 0x0000000097900000|  0%| F|  |TAMS 0x0000000097800000, 0x0000000097800000| Untracked 
| 377|0x0000000097900000, 0x0000000097900000, 0x0000000097a00000|  0%| F|  |TAMS 0x0000000097900000, 0x0000000097900000| Untracked 
| 378|0x0000000097a00000, 0x0000000097a00000, 0x0000000097b00000|  0%| F|  |TAMS 0x0000000097a00000, 0x0000000097a00000| Untracked 
| 379|0x0000000097b00000, 0x0000000097b00000, 0x0000000097c00000|  0%| F|  |TAMS 0x0000000097b00000, 0x0000000097b00000| Untracked 
| 380|0x0000000097c00000, 0x0000000097c00000, 0x0000000097d00000|  0%| F|  |TAMS 0x0000000097c00000, 0x0000000097c00000| Untracked 
| 381|0x0000000097d00000, 0x0000000097d00000, 0x0000000097e00000|  0%| F|  |TAMS 0x0000000097d00000, 0x0000000097d00000| Untracked 
| 382|0x0000000097e00000, 0x0000000097e00000, 0x0000000097f00000|  0%| F|  |TAMS 0x0000000097e00000, 0x0000000097e00000| Untracked 
| 383|0x0000000097f00000, 0x0000000097f00000, 0x0000000098000000|  0%| F|  |TAMS 0x0000000097f00000, 0x0000000097f00000| Untracked 
| 384|0x0000000098000000, 0x0000000098000000, 0x0000000098100000|  0%| F|  |TAMS 0x0000000098000000, 0x0000000098000000| Untracked 
| 385|0x0000000098100000, 0x0000000098100000, 0x0000000098200000|  0%| F|  |TAMS 0x0000000098100000, 0x0000000098100000| Untracked 
| 386|0x0000000098200000, 0x0000000098200000, 0x0000000098300000|  0%| F|  |TAMS 0x0000000098200000, 0x0000000098200000| Untracked 
| 387|0x0000000098300000, 0x0000000098300000, 0x0000000098400000|  0%| F|  |TAMS 0x0000000098300000, 0x0000000098300000| Untracked 
| 388|0x0000000098400000, 0x0000000098400000, 0x0000000098500000|  0%| F|  |TAMS 0x0000000098400000, 0x0000000098400000| Untracked 
| 389|0x0000000098500000, 0x0000000098500000, 0x0000000098600000|  0%| F|  |TAMS 0x0000000098500000, 0x0000000098500000| Untracked 
| 390|0x0000000098600000, 0x0000000098600000, 0x0000000098700000|  0%| F|  |TAMS 0x0000000098600000, 0x0000000098600000| Untracked 
| 391|0x0000000098700000, 0x0000000098700000, 0x0000000098800000|  0%| F|  |TAMS 0x0000000098700000, 0x0000000098700000| Untracked 
| 392|0x0000000098800000, 0x0000000098800000, 0x0000000098900000|  0%| F|  |TAMS 0x0000000098800000, 0x0000000098800000| Untracked 
| 393|0x0000000098900000, 0x0000000098900000, 0x0000000098a00000|  0%| F|  |TAMS 0x0000000098900000, 0x0000000098900000| Untracked 
| 394|0x0000000098a00000, 0x0000000098a00000, 0x0000000098b00000|  0%| F|  |TAMS 0x0000000098a00000, 0x0000000098a00000| Untracked 
| 395|0x0000000098b00000, 0x0000000098b00000, 0x0000000098c00000|  0%| F|  |TAMS 0x0000000098b00000, 0x0000000098b00000| Untracked 
| 396|0x0000000098c00000, 0x0000000098c00000, 0x0000000098d00000|  0%| F|  |TAMS 0x0000000098c00000, 0x0000000098c00000| Untracked 
| 397|0x0000000098d00000, 0x0000000098d00000, 0x0000000098e00000|  0%| F|  |TAMS 0x0000000098d00000, 0x0000000098d00000| Untracked 
| 398|0x0000000098e00000, 0x0000000098e00000, 0x0000000098f00000|  0%| F|  |TAMS 0x0000000098e00000, 0x0000000098e00000| Untracked 
| 399|0x0000000098f00000, 0x0000000098f00000, 0x0000000099000000|  0%| F|  |TAMS 0x0000000098f00000, 0x0000000098f00000| Untracked 
| 400|0x0000000099000000, 0x0000000099000000, 0x0000000099100000|  0%| F|  |TAMS 0x0000000099000000, 0x0000000099000000| Untracked 
| 401|0x0000000099100000, 0x0000000099100000, 0x0000000099200000|  0%| F|  |TAMS 0x0000000099100000, 0x0000000099100000| Untracked 
| 402|0x0000000099200000, 0x0000000099200000, 0x0000000099300000|  0%| F|  |TAMS 0x0000000099200000, 0x0000000099200000| Untracked 
| 403|0x0000000099300000, 0x0000000099300000, 0x0000000099400000|  0%| F|  |TAMS 0x0000000099300000, 0x0000000099300000| Untracked 
| 404|0x0000000099400000, 0x0000000099400000, 0x0000000099500000|  0%| F|  |TAMS 0x0000000099400000, 0x0000000099400000| Untracked 
| 405|0x0000000099500000, 0x0000000099500000, 0x0000000099600000|  0%| F|  |TAMS 0x0000000099500000, 0x0000000099500000| Untracked 
| 406|0x0000000099600000, 0x0000000099600000, 0x0000000099700000|  0%| F|  |TAMS 0x0000000099600000, 0x0000000099600000| Untracked 
| 407|0x0000000099700000, 0x0000000099700000, 0x0000000099800000|  0%| F|  |TAMS 0x0000000099700000, 0x0000000099700000| Untracked 
| 408|0x0000000099800000, 0x0000000099800000, 0x0000000099900000|  0%| F|  |TAMS 0x0000000099800000, 0x0000000099800000| Untracked 
| 409|0x0000000099900000, 0x0000000099900000, 0x0000000099a00000|  0%| F|  |TAMS 0x0000000099900000, 0x0000000099900000| Untracked 
| 410|0x0000000099a00000, 0x0000000099a00000, 0x0000000099b00000|  0%| F|  |TAMS 0x0000000099a00000, 0x0000000099a00000| Untracked 
| 411|0x0000000099b00000, 0x0000000099b00000, 0x0000000099c00000|  0%| F|  |TAMS 0x0000000099b00000, 0x0000000099b00000| Untracked 
| 412|0x0000000099c00000, 0x0000000099c00000, 0x0000000099d00000|  0%| F|  |TAMS 0x0000000099c00000, 0x0000000099c00000| Untracked 
| 413|0x0000000099d00000, 0x0000000099d00000, 0x0000000099e00000|  0%| F|  |TAMS 0x0000000099d00000, 0x0000000099d00000| Untracked 
| 414|0x0000000099e00000, 0x0000000099e00000, 0x0000000099f00000|  0%| F|  |TAMS 0x0000000099e00000, 0x0000000099e00000| Untracked 
| 415|0x0000000099f00000, 0x0000000099f00000, 0x000000009a000000|  0%| F|  |TAMS 0x0000000099f00000, 0x0000000099f00000| Untracked 
| 416|0x000000009a000000, 0x000000009a000000, 0x000000009a100000|  0%| F|  |TAMS 0x000000009a000000, 0x000000009a000000| Untracked 
| 417|0x000000009a100000, 0x000000009a100000, 0x000000009a200000|  0%| F|  |TAMS 0x000000009a100000, 0x000000009a100000| Untracked 
| 418|0x000000009a200000, 0x000000009a200000, 0x000000009a300000|  0%| F|  |TAMS 0x000000009a200000, 0x000000009a200000| Untracked 
| 419|0x000000009a300000, 0x000000009a300000, 0x000000009a400000|  0%| F|  |TAMS 0x000000009a300000, 0x000000009a300000| Untracked 
| 420|0x000000009a400000, 0x000000009a400000, 0x000000009a500000|  0%| F|  |TAMS 0x000000009a400000, 0x000000009a400000| Untracked 
| 421|0x000000009a500000, 0x000000009a500000, 0x000000009a600000|  0%| F|  |TAMS 0x000000009a500000, 0x000000009a500000| Untracked 
| 422|0x000000009a600000, 0x000000009a600000, 0x000000009a700000|  0%| F|  |TAMS 0x000000009a600000, 0x000000009a600000| Untracked 
| 423|0x000000009a700000, 0x000000009a700000, 0x000000009a800000|  0%| F|  |TAMS 0x000000009a700000, 0x000000009a700000| Untracked 
| 424|0x000000009a800000, 0x000000009a800000, 0x000000009a900000|  0%| F|  |TAMS 0x000000009a800000, 0x000000009a800000| Untracked 
| 425|0x000000009a900000, 0x000000009a900000, 0x000000009aa00000|  0%| F|  |TAMS 0x000000009a900000, 0x000000009a900000| Untracked 
| 426|0x000000009aa00000, 0x000000009aa00000, 0x000000009ab00000|  0%| F|  |TAMS 0x000000009aa00000, 0x000000009aa00000| Untracked 
| 427|0x000000009ab00000, 0x000000009ab00000, 0x000000009ac00000|  0%| F|  |TAMS 0x000000009ab00000, 0x000000009ab00000| Untracked 
| 428|0x000000009ac00000, 0x000000009ac00000, 0x000000009ad00000|  0%| F|  |TAMS 0x000000009ac00000, 0x000000009ac00000| Untracked 
| 429|0x000000009ad00000, 0x000000009ad00000, 0x000000009ae00000|  0%| F|  |TAMS 0x000000009ad00000, 0x000000009ad00000| Untracked 
| 430|0x000000009ae00000, 0x000000009ae00000, 0x000000009af00000|  0%| F|  |TAMS 0x000000009ae00000, 0x000000009ae00000| Untracked 
| 431|0x000000009af00000, 0x000000009af00000, 0x000000009b000000|  0%| F|  |TAMS 0x000000009af00000, 0x000000009af00000| Untracked 
| 432|0x000000009b000000, 0x000000009b000000, 0x000000009b100000|  0%| F|  |TAMS 0x000000009b000000, 0x000000009b000000| Untracked 
| 433|0x000000009b100000, 0x000000009b100000, 0x000000009b200000|  0%| F|  |TAMS 0x000000009b100000, 0x000000009b100000| Untracked 
| 434|0x000000009b200000, 0x000000009b200000, 0x000000009b300000|  0%| F|  |TAMS 0x000000009b200000, 0x000000009b200000| Untracked 
| 435|0x000000009b300000, 0x000000009b300000, 0x000000009b400000|  0%| F|  |TAMS 0x000000009b300000, 0x000000009b300000| Untracked 
| 436|0x000000009b400000, 0x000000009b400000, 0x000000009b500000|  0%| F|  |TAMS 0x000000009b400000, 0x000000009b400000| Untracked 
| 437|0x000000009b500000, 0x000000009b500000, 0x000000009b600000|  0%| F|  |TAMS 0x000000009b500000, 0x000000009b500000| Untracked 
| 438|0x000000009b600000, 0x000000009b600000, 0x000000009b700000|  0%| F|  |TAMS 0x000000009b600000, 0x000000009b600000| Untracked 
| 439|0x000000009b700000, 0x000000009b700000, 0x000000009b800000|  0%| F|  |TAMS 0x000000009b700000, 0x000000009b700000| Untracked 
| 440|0x000000009b800000, 0x000000009b800000, 0x000000009b900000|  0%| F|  |TAMS 0x000000009b800000, 0x000000009b800000| Untracked 
| 441|0x000000009b900000, 0x000000009b900000, 0x000000009ba00000|  0%| F|  |TAMS 0x000000009b900000, 0x000000009b900000| Untracked 
| 442|0x000000009ba00000, 0x000000009ba00000, 0x000000009bb00000|  0%| F|  |TAMS 0x000000009ba00000, 0x000000009ba00000| Untracked 
| 443|0x000000009bb00000, 0x000000009bb00000, 0x000000009bc00000|  0%| F|  |TAMS 0x000000009bb00000, 0x000000009bb00000| Untracked 
| 444|0x000000009bc00000, 0x000000009bc00000, 0x000000009bd00000|  0%| F|  |TAMS 0x000000009bc00000, 0x000000009bc00000| Untracked 
| 445|0x000000009bd00000, 0x000000009bd00000, 0x000000009be00000|  0%| F|  |TAMS 0x000000009bd00000, 0x000000009bd00000| Untracked 
| 446|0x000000009be00000, 0x000000009be80800, 0x000000009bf00000| 50%| E|  |TAMS 0x000000009be00000, 0x000000009be00000| Complete 
| 447|0x000000009bf00000, 0x000000009c000000, 0x000000009c000000|100%| E|CS|TAMS 0x000000009bf00000, 0x000000009bf00000| Complete 
| 448|0x000000009c000000, 0x000000009c100000, 0x000000009c100000|100%| E|CS|TAMS 0x000000009c000000, 0x000000009c000000| Complete 
| 449|0x000000009c100000, 0x000000009c200000, 0x000000009c200000|100%| E|CS|TAMS 0x000000009c100000, 0x000000009c100000| Complete 
| 450|0x000000009c200000, 0x000000009c300000, 0x000000009c300000|100%| E|CS|TAMS 0x000000009c200000, 0x000000009c200000| Complete 
| 451|0x000000009c300000, 0x000000009c400000, 0x000000009c400000|100%| E|CS|TAMS 0x000000009c300000, 0x000000009c300000| Complete 
| 452|0x000000009c400000, 0x000000009c500000, 0x000000009c500000|100%| E|CS|TAMS 0x000000009c400000, 0x000000009c400000| Complete 
| 453|0x000000009c500000, 0x000000009c600000, 0x000000009c600000|100%| E|CS|TAMS 0x000000009c500000, 0x000000009c500000| Complete 
| 454|0x000000009c600000, 0x000000009c700000, 0x000000009c700000|100%| E|  |TAMS 0x000000009c600000, 0x000000009c600000| Complete 
| 455|0x000000009c700000, 0x000000009c800000, 0x000000009c800000|100%| E|CS|TAMS 0x000000009c700000, 0x000000009c700000| Complete 
| 456|0x000000009c800000, 0x000000009c900000, 0x000000009c900000|100%| E|CS|TAMS 0x000000009c800000, 0x000000009c800000| Complete 
| 457|0x000000009c900000, 0x000000009ca00000, 0x000000009ca00000|100%| E|CS|TAMS 0x000000009c900000, 0x000000009c900000| Complete 
| 458|0x000000009ca00000, 0x000000009cb00000, 0x000000009cb00000|100%| E|CS|TAMS 0x000000009ca00000, 0x000000009ca00000| Complete 
| 459|0x000000009cb00000, 0x000000009cc00000, 0x000000009cc00000|100%| E|CS|TAMS 0x000000009cb00000, 0x000000009cb00000| Complete 
| 460|0x000000009cc00000, 0x000000009cd00000, 0x000000009cd00000|100%| E|CS|TAMS 0x000000009cc00000, 0x000000009cc00000| Complete 
| 461|0x000000009cd00000, 0x000000009ce00000, 0x000000009ce00000|100%| E|CS|TAMS 0x000000009cd00000, 0x000000009cd00000| Complete 
| 462|0x000000009ce00000, 0x000000009cf00000, 0x000000009cf00000|100%| E|CS|TAMS 0x000000009ce00000, 0x000000009ce00000| Complete 
| 463|0x000000009cf00000, 0x000000009d000000, 0x000000009d000000|100%| E|CS|TAMS 0x000000009cf00000, 0x000000009cf00000| Complete 
| 464|0x000000009d000000, 0x000000009d100000, 0x000000009d100000|100%| E|CS|TAMS 0x000000009d000000, 0x000000009d000000| Complete 
| 465|0x000000009d100000, 0x000000009d200000, 0x000000009d200000|100%| E|CS|TAMS 0x000000009d100000, 0x000000009d100000| Complete 
| 466|0x000000009d200000, 0x000000009d300000, 0x000000009d300000|100%| E|CS|TAMS 0x000000009d200000, 0x000000009d200000| Complete 
| 467|0x000000009d300000, 0x000000009d400000, 0x000000009d400000|100%| E|CS|TAMS 0x000000009d300000, 0x000000009d300000| Complete 
| 468|0x000000009d400000, 0x000000009d500000, 0x000000009d500000|100%| E|CS|TAMS 0x000000009d400000, 0x000000009d400000| Complete 
| 469|0x000000009d500000, 0x000000009d600000, 0x000000009d600000|100%| E|CS|TAMS 0x000000009d500000, 0x000000009d500000| Complete 
| 470|0x000000009d600000, 0x000000009d700000, 0x000000009d700000|100%| E|CS|TAMS 0x000000009d600000, 0x000000009d600000| Complete 
| 471|0x000000009d700000, 0x000000009d800000, 0x000000009d800000|100%| E|CS|TAMS 0x000000009d700000, 0x000000009d700000| Complete 
| 472|0x000000009d800000, 0x000000009d900000, 0x000000009d900000|100%| E|CS|TAMS 0x000000009d800000, 0x000000009d800000| Complete 
| 473|0x000000009d900000, 0x000000009da00000, 0x000000009da00000|100%| E|CS|TAMS 0x000000009d900000, 0x000000009d900000| Complete 
| 474|0x000000009da00000, 0x000000009db00000, 0x000000009db00000|100%| E|CS|TAMS 0x000000009da00000, 0x000000009da00000| Complete 
| 475|0x000000009db00000, 0x000000009dc00000, 0x000000009dc00000|100%| E|CS|TAMS 0x000000009db00000, 0x000000009db00000| Complete 
| 476|0x000000009dc00000, 0x000000009dd00000, 0x000000009dd00000|100%| E|CS|TAMS 0x000000009dc00000, 0x000000009dc00000| Complete 
| 477|0x000000009dd00000, 0x000000009de00000, 0x000000009de00000|100%| E|CS|TAMS 0x000000009dd00000, 0x000000009dd00000| Complete 
| 478|0x000000009de00000, 0x000000009df00000, 0x000000009df00000|100%| E|CS|TAMS 0x000000009de00000, 0x000000009de00000| Complete 
| 479|0x000000009df00000, 0x000000009e000000, 0x000000009e000000|100%| E|CS|TAMS 0x000000009df00000, 0x000000009df00000| Complete 
| 480|0x000000009e000000, 0x000000009e100000, 0x000000009e100000|100%| E|CS|TAMS 0x000000009e000000, 0x000000009e000000| Complete 
| 481|0x000000009e100000, 0x000000009e200000, 0x000000009e200000|100%| E|CS|TAMS 0x000000009e100000, 0x000000009e100000| Complete 
| 482|0x000000009e200000, 0x000000009e300000, 0x000000009e300000|100%| E|CS|TAMS 0x000000009e200000, 0x000000009e200000| Complete 
| 483|0x000000009e300000, 0x000000009e400000, 0x000000009e400000|100%| E|CS|TAMS 0x000000009e300000, 0x000000009e300000| Complete 
| 484|0x000000009e400000, 0x000000009e500000, 0x000000009e500000|100%| E|CS|TAMS 0x000000009e400000, 0x000000009e400000| Complete 
| 485|0x000000009e500000, 0x000000009e600000, 0x000000009e600000|100%| E|CS|TAMS 0x000000009e500000, 0x000000009e500000| Complete 
| 486|0x000000009e600000, 0x000000009e700000, 0x000000009e700000|100%| E|CS|TAMS 0x000000009e600000, 0x000000009e600000| Complete 
| 487|0x000000009e700000, 0x000000009e800000, 0x000000009e800000|100%| E|CS|TAMS 0x000000009e700000, 0x000000009e700000| Complete 
| 488|0x000000009e800000, 0x000000009e900000, 0x000000009e900000|100%| E|CS|TAMS 0x000000009e800000, 0x000000009e800000| Complete 
| 489|0x000000009e900000, 0x000000009ea00000, 0x000000009ea00000|100%| E|CS|TAMS 0x000000009e900000, 0x000000009e900000| Complete 
| 490|0x000000009ea00000, 0x000000009eb00000, 0x000000009eb00000|100%| E|CS|TAMS 0x000000009ea00000, 0x000000009ea00000| Complete 
| 491|0x000000009eb00000, 0x000000009ec00000, 0x000000009ec00000|100%| E|CS|TAMS 0x000000009eb00000, 0x000000009eb00000| Complete 
| 492|0x000000009ec00000, 0x000000009ed00000, 0x000000009ed00000|100%| E|CS|TAMS 0x000000009ec00000, 0x000000009ec00000| Complete 
| 493|0x000000009ed00000, 0x000000009ee00000, 0x000000009ee00000|100%| E|CS|TAMS 0x000000009ed00000, 0x000000009ed00000| Complete 
| 494|0x000000009ee00000, 0x000000009ef00000, 0x000000009ef00000|100%| E|CS|TAMS 0x000000009ee00000, 0x000000009ee00000| Complete 
| 495|0x000000009ef00000, 0x000000009f000000, 0x000000009f000000|100%| E|CS|TAMS 0x000000009ef00000, 0x000000009ef00000| Complete 
| 496|0x000000009f000000, 0x000000009f100000, 0x000000009f100000|100%| E|CS|TAMS 0x000000009f000000, 0x000000009f000000| Complete 
| 497|0x000000009f100000, 0x000000009f200000, 0x000000009f200000|100%| E|CS|TAMS 0x000000009f100000, 0x000000009f100000| Complete 
| 498|0x000000009f200000, 0x000000009f300000, 0x000000009f300000|100%| E|CS|TAMS 0x000000009f200000, 0x000000009f200000| Complete 
| 499|0x000000009f300000, 0x000000009f400000, 0x000000009f400000|100%| E|CS|TAMS 0x000000009f300000, 0x000000009f300000| Complete 
| 500|0x000000009f400000, 0x000000009f500000, 0x000000009f500000|100%| E|CS|TAMS 0x000000009f400000, 0x000000009f400000| Complete 
| 501|0x000000009f500000, 0x000000009f600000, 0x000000009f600000|100%| E|CS|TAMS 0x000000009f500000, 0x000000009f500000| Complete 
| 502|0x000000009f600000, 0x000000009f700000, 0x000000009f700000|100%| E|CS|TAMS 0x000000009f600000, 0x000000009f600000| Complete 
| 503|0x000000009f700000, 0x000000009f800000, 0x000000009f800000|100%| E|CS|TAMS 0x000000009f700000, 0x000000009f700000| Complete 
| 504|0x000000009f800000, 0x000000009f900000, 0x000000009f900000|100%| E|CS|TAMS 0x000000009f800000, 0x000000009f800000| Complete 
| 505|0x000000009f900000, 0x000000009fa00000, 0x000000009fa00000|100%| E|CS|TAMS 0x000000009f900000, 0x000000009f900000| Complete 
| 506|0x000000009fa00000, 0x000000009fb00000, 0x000000009fb00000|100%| E|CS|TAMS 0x000000009fa00000, 0x000000009fa00000| Complete 
| 507|0x000000009fb00000, 0x000000009fc00000, 0x000000009fc00000|100%| E|CS|TAMS 0x000000009fb00000, 0x000000009fb00000| Complete 

Card table byte_map: [0x0000022729750000,0x0000022729b50000] _byte_map_base: 0x0000022729350000

Marking Bits (Prev, Next): (CMBitMap*) 0x00000227145dbbc8, (CMBitMap*) 0x00000227145dbc00
 Prev Bits: [0x0000022729f50000, 0x000002272bf50000)
 Next Bits: [0x000002272bf50000, 0x000002272df50000)

Polling page: 0x0000022714420000

Metaspace:

Usage:
  Non-class:    118.03 MB capacity,   115.53 MB ( 98%) used,     2.02 MB (  2%) free+waste,   493.94 KB ( <1%) overhead. 
      Class:     18.23 MB capacity,    16.69 MB ( 92%) used,     1.32 MB (  7%) free+waste,   224.81 KB (  1%) overhead. 
       Both:    136.27 MB capacity,   132.23 MB ( 97%) used,     3.34 MB (  2%) free+waste,   718.75 KB ( <1%) overhead. 

Virtual space:
  Non-class space:      120.00 MB reserved,     118.04 MB ( 98%) committed 
      Class space:        1.00 GB reserved,      18.32 MB (  2%) committed 
             Both:        1.12 GB reserved,     136.36 MB ( 12%) committed 

Chunk freelists:
   Non-Class:  1.00 KB
       Class:  17.00 KB
        Both:  18.00 KB

MaxMetaspaceSize: 17179869184.00 GB
CompressedClassSpaceSize: 1.00 GB
Initial GC threshold: 20.80 MB
Current GC threshold: 137.48 MB
CDS: off

CodeHeap 'non-profiled nmethods': size=120000Kb used=12980Kb max_used=13045Kb free=107019Kb
 bounds [0x00000227213b0000, 0x0000022722070000, 0x00000227288e0000]
CodeHeap 'profiled nmethods': size=120000Kb used=44436Kb max_used=44436Kb free=75563Kb
 bounds [0x0000022719e80000, 0x000002271c9f0000, 0x00000227213b0000]
CodeHeap 'non-nmethods': size=5760Kb used=2498Kb max_used=2545Kb free=3261Kb
 bounds [0x00000227198e0000, 0x0000022719b70000, 0x0000022719e80000]
 total_blobs=20773 nmethods=19748 adapters=935
 compilation: enabled
              stopped_count=0, restarted_count=0
 full_count=0

Compilation events (20 events):
Event: 58.417 Thread 0x00000227313d5800 nmethod 21779 0x000002271c9dd910 code [0x000002271c9ddb80, 0x000002271c9de858]
Event: 58.417 Thread 0x00000227313d5800 21781       3       jdk.xml.internal.SecuritySupport::getSystemProperty (13 bytes)
Event: 58.418 Thread 0x00000227313d5800 nmethod 21781 0x000002271c9deb90 code [0x000002271c9deda0, 0x000002271c9df3e8]
Event: 58.418 Thread 0x00000227313d5800 21782       3       com.sun.org.apache.xerces.internal.impl.XMLEntityScanner::skipChar (285 bytes)
Event: 58.420 Thread 0x00000227313d5800 nmethod 21782 0x000002271c9df610 code [0x000002271c9df840, 0x000002271c9dfe28]
Event: 58.420 Thread 0x00000227313d5800 21784       3       com.sun.org.apache.xerces.internal.util.NamespaceSupport::getURI (38 bytes)
Event: 58.420 Thread 0x00000227313d5800 nmethod 21784 0x000002271c9e0090 code [0x000002271c9e0260, 0x000002271c9e04b8]
Event: 58.421 Thread 0x00000227313d5800 21783       3       com.sun.org.apache.xerces.internal.util.SymbolTable$Entry::<init> (47 bytes)
Event: 58.421 Thread 0x00000227313d5800 nmethod 21783 0x000002271c9e0610 code [0x000002271c9e0820, 0x000002271c9e0d48]
Event: 58.421 Thread 0x00000227313d5800 21780       3       com.google.gson.internal.$Gson$Preconditions::checkNotNull (14 bytes)
Event: 58.421 Thread 0x00000227313d5800 nmethod 21780 0x000002271c9e0f10 code [0x000002271c9e10e0, 0x000002271c9e12a8]
Event: 58.469 Thread 0x0000022738697800 nmethod 21752 0x0000022721593010 code [0x0000022721593320, 0x00000227215953d8]
Event: 58.469 Thread 0x0000022738697800 21774       4       com.google.common.collect.TransformedIterator::next (14 bytes)
Event: 58.475 Thread 0x0000022738697800 nmethod 21774 0x0000022721592810 code [0x0000022721592a00, 0x0000022721592cb8]
Event: 58.475 Thread 0x0000022738697800 21773       4       com.google.common.collect.Maps$3::transform (6 bytes)
Event: 58.481 Thread 0x0000022738697800 nmethod 21773 0x0000022721592110 code [0x00000227215922e0, 0x0000022721592538]
Event: 58.481 Thread 0x0000022738697800 21775       4       com.android.builder.files.DirectoryEntry::<init> (27 bytes)
Event: 58.483 Thread 0x0000022738697800 nmethod 21775 0x0000022721591d90 code [0x0000022721591f20, 0x0000022721592078]
Event: 58.483 Thread 0x0000022738697800 21763       4       sun.reflect.generics.reflectiveObjects.ParameterizedTypeImpl::getActualTypeArguments (11 bytes)
Event: 58.485 Thread 0x0000022738697800 nmethod 21763 0x0000022721591990 code [0x0000022721591b20, 0x0000022721591c78]

GC Heap History (20 events):
Event: 3.951 GC heap before
{Heap before GC invocations=1 (full 0):
 garbage-first heap   total 520192K, used 112069K [0x0000000080000000, 0x0000000100000000)
  region size 1024K, 105 young (107520K), 4 survivors (4096K)
 Metaspace       used 20604K, capacity 21113K, committed 21296K, reserved 1069056K
  class space    used 2538K, capacity 2680K, committed 2688K, reserved 1048576K
}
Event: 3.967 GC heap after
{Heap after GC invocations=2 (full 0):
 garbage-first heap   total 520192K, used 17206K [0x0000000080000000, 0x0000000100000000)
  region size 1024K, 12 young (12288K), 12 survivors (12288K)
 Metaspace       used 20604K, capacity 21113K, committed 21296K, reserved 1069056K
  class space    used 2538K, capacity 2680K, committed 2688K, reserved 1048576K
}
Event: 4.721 GC heap before
{Heap before GC invocations=3 (full 0):
 garbage-first heap   total 520192K, used 59190K [0x0000000080000000, 0x0000000100000000)
  region size 1024K, 53 young (54272K), 12 survivors (12288K)
 Metaspace       used 24832K, capacity 25463K, committed 25648K, reserved 1071104K
  class space    used 3180K, capacity 3390K, committed 3456K, reserved 1048576K
}
Event: 4.729 GC heap after
{Heap after GC invocations=4 (full 0):
 garbage-first heap   total 520192K, used 19335K [0x0000000080000000, 0x0000000100000000)
  region size 1024K, 2 young (2048K), 2 survivors (2048K)
 Metaspace       used 24832K, capacity 25463K, committed 25648K, reserved 1071104K
  class space    used 3180K, capacity 3390K, committed 3456K, reserved 1048576K
}
Event: 6.505 GC heap before
{Heap before GC invocations=4 (full 0):
 garbage-first heap   total 520192K, used 92039K [0x0000000080000000, 0x0000000100000000)
  region size 1024K, 74 young (75776K), 2 survivors (2048K)
 Metaspace       used 34840K, capacity 35633K, committed 35708K, reserved 1081344K
  class space    used 4500K, capacity 4809K, committed 4864K, reserved 1048576K
}
Event: 6.517 GC heap after
{Heap after GC invocations=5 (full 0):
 garbage-first heap   total 520192K, used 22663K [0x0000000080000000, 0x0000000100000000)
  region size 1024K, 6 young (6144K), 6 survivors (6144K)
 Metaspace       used 34840K, capacity 35633K, committed 35708K, reserved 1081344K
  class space    used 4500K, capacity 4809K, committed 4864K, reserved 1048576K
}
Event: 8.299 GC heap before
{Heap before GC invocations=6 (full 0):
 garbage-first heap   total 520192K, used 140423K [0x0000000080000000, 0x0000000100000000)
  region size 1024K, 118 young (120832K), 6 survivors (6144K)
 Metaspace       used 44758K, capacity 45856K, committed 46024K, reserved 1089536K
  class space    used 5727K, capacity 6094K, committed 6220K, reserved 1048576K
}
Event: 8.310 GC heap after
{Heap after GC invocations=7 (full 0):
 garbage-first heap   total 520192K, used 30293K [0x0000000080000000, 0x0000000100000000)
  region size 1024K, 13 young (13312K), 13 survivors (13312K)
 Metaspace       used 44758K, capacity 45856K, committed 46024K, reserved 1089536K
  class space    used 5727K, capacity 6094K, committed 6220K, reserved 1048576K
}
Event: 11.156 GC heap before
{Heap before GC invocations=7 (full 0):
 garbage-first heap   total 520192K, used 234069K [0x0000000080000000, 0x0000000100000000)
  region size 1024K, 205 young (209920K), 13 survivors (13312K)
 Metaspace       used 58435K, capacity 59948K, committed 60068K, reserved 1101824K
  class space    used 7446K, capacity 7976K, committed 8012K, reserved 1048576K
}
Event: 11.204 GC heap after
{Heap after GC invocations=8 (full 0):
 garbage-first heap   total 520192K, used 52883K [0x0000000080000000, 0x0000000100000000)
  region size 1024K, 27 young (27648K), 27 survivors (27648K)
 Metaspace       used 58435K, capacity 59948K, committed 60068K, reserved 1101824K
  class space    used 7446K, capacity 7976K, committed 8012K, reserved 1048576K
}
Event: 15.724 GC heap before
{Heap before GC invocations=9 (full 0):
 garbage-first heap   total 520192K, used 336531K [0x0000000080000000, 0x0000000100000000)
  region size 1024K, 304 young (311296K), 27 survivors (27648K)
 Metaspace       used 82592K, capacity 84405K, committed 84464K, reserved 1122304K
  class space    used 10770K, capacity 11443K, committed 11468K, reserved 1048576K
}
Event: 15.843 GC heap after
{Heap after GC invocations=10 (full 0):
 garbage-first heap   total 520192K, used 72457K [0x0000000080000000, 0x0000000100000000)
  region size 1024K, 34 young (34816K), 34 survivors (34816K)
 Metaspace       used 82592K, capacity 84405K, committed 84464K, reserved 1122304K
  class space    used 10770K, capacity 11443K, committed 11468K, reserved 1048576K
}
Event: 19.985 GC heap before
{Heap before GC invocations=11 (full 0):
 garbage-first heap   total 520192K, used 373513K [0x0000000080000000, 0x0000000100000000)
  region size 1024K, 304 young (311296K), 34 survivors (34816K)
 Metaspace       used 96033K, capacity 98448K, committed 98672K, reserved 1134592K
  class space    used 12196K, capacity 13083K, committed 13132K, reserved 1048576K
}
Event: 20.028 GC heap after
{Heap after GC invocations=12 (full 0):
 garbage-first heap   total 520192K, used 91556K [0x0000000080000000, 0x0000000100000000)
  region size 1024K, 38 young (38912K), 38 survivors (38912K)
 Metaspace       used 96033K, capacity 98448K, committed 98672K, reserved 1134592K
  class space    used 12196K, capacity 13083K, committed 13132K, reserved 1048576K
}
Event: 26.542 GC heap before
{Heap before GC invocations=12 (full 0):
 garbage-first heap   total 520192K, used 362916K [0x0000000080000000, 0x0000000100000000)
  region size 1024K, 304 young (311296K), 38 survivors (38912K)
 Metaspace       used 104364K, capacity 106815K, committed 106992K, reserved 1142784K
  class space    used 13116K, capacity 13973K, committed 14028K, reserved 1048576K
}
Event: 26.585 GC heap after
{Heap after GC invocations=13 (full 0):
 garbage-first heap   total 520192K, used 99854K [0x0000000080000000, 0x0000000100000000)
  region size 1024K, 18 young (18432K), 18 survivors (18432K)
 Metaspace       used 104364K, capacity 106815K, committed 106992K, reserved 1142784K
  class space    used 13116K, capacity 13973K, committed 14028K, reserved 1048576K
}
Event: 51.814 GC heap before
{Heap before GC invocations=13 (full 0):
 garbage-first heap   total 520192K, used 395790K [0x0000000080000000, 0x0000000100000000)
  region size 1024K, 304 young (311296K), 18 survivors (18432K)
 Metaspace       used 117945K, capacity 121057K, committed 121200K, reserved 1155072K
  class space    used 14740K, capacity 15862K, committed 15948K, reserved 1048576K
}
Event: 51.849 GC heap after
{Heap after GC invocations=14 (full 0):
 garbage-first heap   total 520192K, used 111630K [0x0000000080000000, 0x0000000100000000)
  region size 1024K, 28 young (28672K), 28 survivors (28672K)
 Metaspace       used 117945K, capacity 121057K, committed 121200K, reserved 1155072K
  class space    used 14740K, capacity 15862K, committed 15948K, reserved 1048576K
}
Event: 56.552 GC heap before
{Heap before GC invocations=14 (full 0):
 garbage-first heap   total 520192K, used 396302K [0x0000000080000000, 0x0000000100000000)
  region size 1024K, 304 young (311296K), 28 survivors (28672K)
 Metaspace       used 133027K, capacity 137030K, committed 137200K, reserved 1169408K
  class space    used 16814K, capacity 18323K, committed 18380K, reserved 1048576K
}
Event: 56.618 GC heap after
{Heap after GC invocations=15 (full 0):
 garbage-first heap   total 520192K, used 126757K [0x0000000080000000, 0x0000000100000000)
  region size 1024K, 29 young (29696K), 29 survivors (29696K)
 Metaspace       used 133027K, capacity 137030K, committed 137200K, reserved 1169408K
  class space    used 16814K, capacity 18323K, committed 18380K, reserved 1048576K
}

Deoptimization events (20 events):
Event: 58.408 Thread 0x0000022734130800 Uncommon trap: trap_request=0xffffffc6 fr.pc=0x0000022721a10e00 relative=0x00000000000052e0
Event: 58.408 Thread 0x0000022734130800 Uncommon trap: reason=bimorphic_or_optimized_type_check action=maybe_recompile pc=0x0000022721a10e00 method=com.google.common.collect.TransformedIterator.next()Ljava/lang/Object; @ 5 c2
Event: 58.408 Thread 0x0000022734130800 DEOPT PACKING pc=0x0000022721a10e00 sp=0x000000f3d05fdd20
Event: 58.408 Thread 0x0000022734130800 DEOPT UNPACKING pc=0x00000227198e85af sp=0x000000f3d05fdd38 mode 2
Event: 58.446 Thread 0x0000022734130800 Uncommon trap: trap_request=0xffffff4d fr.pc=0x0000022721569c04 relative=0x0000000000000904
Event: 58.447 Thread 0x0000022734130800 Uncommon trap: reason=unstable_if action=reinterpret pc=0x0000022721569c04 method=java.io.BufferedInputStream.read([BII)I @ 31 c2
Event: 58.447 Thread 0x0000022734130800 DEOPT PACKING pc=0x0000022721569c04 sp=0x000000f3d05fd7c0
Event: 58.447 Thread 0x0000022734130800 DEOPT UNPACKING pc=0x00000227198e85af sp=0x000000f3d05fd798 mode 2
Event: 58.453 Thread 0x0000022734130800 Uncommon trap: trap_request=0xffffffc6 fr.pc=0x0000022721f12584 relative=0x0000000000000344
Event: 58.453 Thread 0x0000022734130800 Uncommon trap: reason=bimorphic_or_optimized_type_check action=maybe_recompile pc=0x0000022721f12584 method=java.nio.charset.CharsetDecoder.replaceWith(Ljava/lang/String;)Ljava/nio/charset/CharsetDecoder; @ 63 c2
Event: 58.453 Thread 0x0000022734130800 DEOPT PACKING pc=0x0000022721f12584 sp=0x000000f3d05fd630
Event: 58.453 Thread 0x0000022734130800 DEOPT UNPACKING pc=0x00000227198e85af sp=0x000000f3d05fd560 mode 2
Event: 58.454 Thread 0x0000022734130800 Uncommon trap: trap_request=0xffffffc6 fr.pc=0x00000227215a0f7c relative=0x000000000000021c
Event: 58.454 Thread 0x0000022734130800 Uncommon trap: reason=bimorphic_or_optimized_type_check action=maybe_recompile pc=0x00000227215a0f7c method=java.nio.charset.CharsetDecoder.decode(Ljava/nio/ByteBuffer;Ljava/nio/CharBuffer;Z)Ljava/nio/charset/CoderResult; @ 57 c2
Event: 58.454 Thread 0x0000022734130800 DEOPT PACKING pc=0x00000227215a0f7c sp=0x000000f3d05fd7a0
Event: 58.454 Thread 0x0000022734130800 DEOPT UNPACKING pc=0x00000227198e85af sp=0x000000f3d05fd748 mode 2
Event: 58.458 Thread 0x0000022734130800 Uncommon trap: trap_request=0xfffffff4 fr.pc=0x0000022721de18bc relative=0x0000000000000a7c
Event: 58.458 Thread 0x0000022734130800 Uncommon trap: reason=null_check action=make_not_entrant pc=0x0000022721de18bc method=java.util.TimSort.binarySort([Ljava/lang/Object;IIILjava/util/Comparator;)V @ 193 c2
Event: 58.458 Thread 0x0000022734130800 DEOPT PACKING pc=0x0000022721de18bc sp=0x000000f3d05fa440
Event: 58.458 Thread 0x0000022734130800 DEOPT UNPACKING pc=0x00000227198e85af sp=0x000000f3d05fa3e8 mode 2

Classes redefined (0 events):
No events

Internal exceptions (20 events):
Event: 56.842 Thread 0x00000227386a0000 Exception <a 'sun/nio/fs/WindowsException'{0x000000009edcd0b8}> (0x000000009edcd0b8) thrown at [./src/hotspot/share/prims/jni.cpp, line 615]
Event: 56.846 Thread 0x00000227386a0000 Exception <a 'sun/nio/fs/WindowsException'{0x000000009edda870}> (0x000000009edda870) thrown at [./src/hotspot/share/prims/jni.cpp, line 615]
Event: 56.848 Thread 0x00000227386a0000 Exception <a 'sun/nio/fs/WindowsException'{0x000000009ede2408}> (0x000000009ede2408) thrown at [./src/hotspot/share/prims/jni.cpp, line 615]
Event: 57.408 Thread 0x0000022734130800 Exception <a 'sun/nio/fs/WindowsException'{0x000000009e5e8a38}> (0x000000009e5e8a38) thrown at [./src/hotspot/share/prims/jni.cpp, line 615]
Event: 57.411 Thread 0x0000022738698800 Exception <a 'sun/nio/fs/WindowsException'{0x000000009e236ba8}> (0x000000009e236ba8) thrown at [./src/hotspot/share/prims/jni.cpp, line 615]
Event: 57.415 Thread 0x00000227386a0000 Exception <a 'sun/nio/fs/WindowsException'{0x000000009edf6a18}> (0x000000009edf6a18) thrown at [./src/hotspot/share/prims/jni.cpp, line 615]
Event: 57.421 Thread 0x0000022734131000 Exception <a 'sun/nio/fs/WindowsException'{0x000000009e2a1638}> (0x000000009e2a1638) thrown at [./src/hotspot/share/prims/jni.cpp, line 615]
Event: 57.461 Thread 0x0000022734137000 Exception <a 'sun/nio/fs/WindowsException'{0x000000009e7acee0}> (0x000000009e7acee0) thrown at [./src/hotspot/share/prims/jni.cpp, line 615]
Event: 57.511 Thread 0x0000022734130800 Exception <a 'sun/nio/fs/WindowsException'{0x000000009dba63d0}> (0x000000009dba63d0) thrown at [./src/hotspot/share/prims/jni.cpp, line 615]
Event: 57.550 Thread 0x00000227386a0000 Exception <a 'sun/nio/fs/WindowsException'{0x000000009d869e50}> (0x000000009d869e50) thrown at [./src/hotspot/share/prims/jni.cpp, line 615]
Event: 57.566 Thread 0x0000022737c3f000 Exception <a 'sun/nio/fs/WindowsException'{0x000000009e3db580}> (0x000000009e3db580) thrown at [./src/hotspot/share/prims/jni.cpp, line 615]
Event: 57.609 Thread 0x0000022737c3f000 Exception <a 'sun/nio/fs/WindowsException'{0x000000009d4a1a70}> (0x000000009d4a1a70) thrown at [./src/hotspot/share/prims/jni.cpp, line 615]
Event: 57.651 Thread 0x0000022734137000 Exception <a 'sun/nio/fs/WindowsException'{0x000000009cf9f270}> (0x000000009cf9f270) thrown at [./src/hotspot/share/prims/jni.cpp, line 615]
Event: 57.660 Thread 0x0000022738698800 Exception <a 'sun/nio/fs/WindowsException'{0x000000009d6c30a0}> (0x000000009d6c30a0) thrown at [./src/hotspot/share/prims/jni.cpp, line 615]
Event: 57.702 Thread 0x00000227386a0800 Exception <a 'sun/nio/fs/WindowsException'{0x000000009e6274b0}> (0x000000009e6274b0) thrown at [./src/hotspot/share/prims/jni.cpp, line 615]
Event: 57.744 Thread 0x00000227386a0800 Exception <a 'sun/nio/fs/WindowsException'{0x000000009cbb3888}> (0x000000009cbb3888) thrown at [./src/hotspot/share/prims/jni.cpp, line 615]
Event: 58.132 Thread 0x0000022734131000 Exception <a 'sun/nio/fs/WindowsException'{0x000000009c31b6a0}> (0x000000009c31b6a0) thrown at [./src/hotspot/share/prims/jni.cpp, line 615]
Event: 58.340 Thread 0x0000022737073800 Exception <a 'sun/nio/fs/WindowsException'{0x000000009c23ac10}> (0x000000009c23ac10) thrown at [./src/hotspot/share/prims/jni.cpp, line 615]
Event: 58.340 Thread 0x0000022737073800 Exception <a 'sun/nio/fs/WindowsException'{0x000000009c23ba80}> (0x000000009c23ba80) thrown at [./src/hotspot/share/prims/jni.cpp, line 615]
Event: 58.458 Thread 0x0000022734130800 Implicit null exception at 0x0000022721de1080 to 0x0000022721de187c

Events (20 events):
Event: 58.448 loading class sun/nio/cs/UTF_16BE$Decoder
Event: 58.449 loading class sun/nio/cs/UnicodeDecoder
Event: 58.449 loading class sun/nio/cs/UnicodeDecoder done
Event: 58.449 Executing VM operation: Deoptimize
Event: 58.453 Executing VM operation: Deoptimize done
Event: 58.453 loading class sun/nio/cs/UTF_16BE$Decoder done
Event: 58.455 Executing VM operation: RevokeBias
Event: 58.455 Executing VM operation: RevokeBias done
Event: 58.455 Executing VM operation: RevokeBias
Event: 58.455 Executing VM operation: RevokeBias done
Event: 58.455 loading class sun/security/jca/ProviderConfig$3
Event: 58.456 loading class sun/security/jca/ProviderConfig$3 done
Event: 58.456 loading class sun/security/jca/ProviderConfig$ProviderLoader
Event: 58.456 loading class sun/security/jca/ProviderConfig$ProviderLoader done
Event: 58.459 Executing VM operation: Deoptimize
Event: 58.462 Executing VM operation: Deoptimize done
Event: 58.462 loading class java/security/ProviderException
Event: 58.462 loading class java/security/ProviderException done
Event: 58.464 loading class java/security/InvalidParameterException
Event: 58.464 loading class java/security/InvalidParameterException done


Dynamic libraries:
0x00007ff668d50000 - 0x00007ff668d5a000 	D:\Android Studio\jre\bin\java.exe
0x00007ffe46e50000 - 0x00007ffe47045000 	C:\Windows\SYSTEM32\ntdll.dll
0x00007ffe46960000 - 0x00007ffe46a1d000 	C:\Windows\System32\KERNEL32.DLL
0x00007ffe44770000 - 0x00007ffe44a3d000 	C:\Windows\System32\KERNELBASE.dll
0x00007ffe44a40000 - 0x00007ffe44b40000 	C:\Windows\System32\ucrtbase.dll
0x00007ffe241e0000 - 0x00007ffe241f9000 	D:\Android Studio\jre\bin\jli.dll
0x00007ffe44ff0000 - 0x00007ffe45190000 	C:\Windows\System32\USER32.dll
0x00007ffe44de0000 - 0x00007ffe44e02000 	C:\Windows\System32\win32u.dll
0x00007ffe461e0000 - 0x00007ffe4620a000 	C:\Windows\System32\GDI32.dll
0x00007ffe44b70000 - 0x00007ffe44c7b000 	C:\Windows\System32\gdi32full.dll
0x00007ffe44620000 - 0x00007ffe446bd000 	C:\Windows\System32\msvcp_win.dll
0x00007ffe1d8b0000 - 0x00007ffe1d8c7000 	D:\Android Studio\jre\bin\VCRUNTIME140.dll
0x00007ffe21fe0000 - 0x00007ffe2227a000 	C:\Windows\WinSxS\amd64_microsoft.windows.common-controls_6595b64144ccf1df_6.0.19041.1110_none_60b5254171f9507e\COMCTL32.dll
0x00007ffe46cb0000 - 0x00007ffe46d4e000 	C:\Windows\System32\msvcrt.dll
0x00007ffe46c80000 - 0x00007ffe46cb0000 	C:\Windows\System32\IMM32.DLL
0x00007ffde1f20000 - 0x00007ffde1fbd000 	D:\Android Studio\jre\bin\msvcp140.dll
0x00007ffdd7b30000 - 0x00007ffdd8615000 	D:\Android Studio\jre\bin\server\jvm.dll
0x00007ffe46a20000 - 0x00007ffe46ace000 	C:\Windows\System32\ADVAPI32.dll
0x00007ffe44f30000 - 0x00007ffe44fcc000 	C:\Windows\System32\sechost.dll
0x00007ffe45670000 - 0x00007ffe45795000 	C:\Windows\System32\RPCRT4.dll
0x00007ffe44ea0000 - 0x00007ffe44ea8000 	C:\Windows\System32\PSAPI.DLL
0x00007ffe1df70000 - 0x00007ffe1df79000 	C:\Windows\SYSTEM32\WSOCK32.dll
0x00007ffe45b80000 - 0x00007ffe45beb000 	C:\Windows\System32\WS2_32.dll
0x00007ffe22430000 - 0x00007ffe22457000 	C:\Windows\SYSTEM32\WINMM.dll
0x00007ffe34190000 - 0x00007ffe3419a000 	C:\Windows\SYSTEM32\VERSION.dll
0x00007ffe42da0000 - 0x00007ffe42db2000 	C:\Windows\SYSTEM32\kernel.appcore.dll
0x00007ffe344e0000 - 0x00007ffe344f1000 	D:\Android Studio\jre\bin\verify.dll
0x00007ffe42ab0000 - 0x00007ffe42c94000 	C:\Windows\SYSTEM32\DBGHELP.DLL
0x00007ffe25580000 - 0x00007ffe255ac000 	C:\Windows\SYSTEM32\dbgcore.DLL
0x00007ffe44e10000 - 0x00007ffe44e92000 	C:\Windows\System32\bcryptPrimitives.dll
0x00007ffe1dfd0000 - 0x00007ffe1dff9000 	D:\Android Studio\jre\bin\java.dll
0x00007ffe37910000 - 0x00007ffe3791b000 	D:\Android Studio\jre\bin\jimage.dll
0x00007ffe1dfb0000 - 0x00007ffe1dfc8000 	D:\Android Studio\jre\bin\zip.dll
0x00007ffe46210000 - 0x00007ffe46954000 	C:\Windows\System32\SHELL32.dll
0x00007ffe42240000 - 0x00007ffe429d4000 	C:\Windows\SYSTEM32\windows.storage.dll
0x00007ffe45c80000 - 0x00007ffe45fd4000 	C:\Windows\System32\combase.dll
0x00007ffe43e70000 - 0x00007ffe43e9c000 	C:\Windows\SYSTEM32\Wldp.dll
0x00007ffe458c0000 - 0x00007ffe4596d000 	C:\Windows\System32\SHCORE.dll
0x00007ffe46d50000 - 0x00007ffe46da5000 	C:\Windows\System32\shlwapi.dll
0x00007ffe444a0000 - 0x00007ffe444bf000 	C:\Windows\SYSTEM32\profapi.dll
0x00007ffe1da20000 - 0x00007ffe1da3a000 	D:\Android Studio\jre\bin\net.dll
0x00007ffe3e840000 - 0x00007ffe3e94a000 	C:\Windows\SYSTEM32\WINHTTP.dll
0x00007ffe43bf0000 - 0x00007ffe43c5a000 	C:\Windows\system32\mswsock.dll
0x00007ffe1d890000 - 0x00007ffe1d8a4000 	D:\Android Studio\jre\bin\nio.dll
0x00007ffe3c4f0000 - 0x00007ffe3c517000 	C:\Users\kolosov-V\.gradle\native\e1d6ef7f7dcc3fd88c89a11ec53ec762bb8ba0a96d01ffa2cd45eb1d1d8dd5c5\windows-amd64\native-platform.dll
0x00007ffdde710000 - 0x00007ffdde854000 	C:\Users\kolosov-V\.gradle\native\5664cfc778a61ccfe75a443a1ab52a65af34e5dc3c78e0209fed803814484fcb\windows-amd64\native-platform-file-events.dll
0x00007ffe34490000 - 0x00007ffe3449a000 	D:\Android Studio\jre\bin\management.dll
0x00007ffe29f40000 - 0x00007ffe29f4d000 	D:\Android Studio\jre\bin\management_ext.dll
0x00007ffe43ed0000 - 0x00007ffe43ee8000 	C:\Windows\SYSTEM32\CRYPTSP.dll
0x00000000589f0000 - 0x0000000058a07000 	C:\Program Files\Common Files\Crypto Pro\AppCompat\cpadvai.dll
0x0000000058a10000 - 0x0000000058a16000 	C:\Program Files\Common Files\Crypto Pro\AppCompat\detoured.dll
0x00007ffe43590000 - 0x00007ffe435c4000 	C:\Windows\system32\rsaenh.dll
0x00007ffe44b40000 - 0x00007ffe44b67000 	C:\Windows\System32\bcrypt.dll
0x00007ffe44420000 - 0x00007ffe4444e000 	C:\Windows\SYSTEM32\USERENV.dll
0x00007ffe43de0000 - 0x00007ffe43dec000 	C:\Windows\SYSTEM32\CRYPTBASE.dll
0x00007ffe43900000 - 0x00007ffe4393b000 	C:\Windows\SYSTEM32\IPHLPAPI.DLL
0x00007ffe46090000 - 0x00007ffe46098000 	C:\Windows\System32\NSI.dll
0x00007ffe3d0a0000 - 0x00007ffe3d0b7000 	C:\Windows\SYSTEM32\dhcpcsvc6.DLL
0x00007ffe3d190000 - 0x00007ffe3d1ad000 	C:\Windows\SYSTEM32\dhcpcsvc.DLL
0x00007ffe43950000 - 0x00007ffe43a1b000 	C:\Windows\SYSTEM32\DNSAPI.dll
0x00007ffe43470000 - 0x00007ffe434a3000 	C:\Windows\SYSTEM32\ntmarta.dll
0x00007ffe0b410000 - 0x00007ffe0b42e000 	C:\Users\kolosov-V\AppData\Local\Temp\native-platform1417043157663257337dir\native-platform.dll
0x00007ffe1c670000 - 0x00007ffe1c678000 	D:\Android Studio\jre\bin\rmi.dll
0x00007ffe12d10000 - 0x00007ffe12d37000 	D:\Android Studio\jre\bin\sunec.dll

dbghelp: loaded successfully - version: 4.0.5 - missing functions: none
symbol engine: initialized successfully - sym options: 0x614 - pdb path: .;D:\Android Studio\jre\bin;C:\Windows\SYSTEM32;C:\Windows\WinSxS\amd64_microsoft.windows.common-controls_6595b64144ccf1df_6.0.19041.1110_none_60b5254171f9507e;D:\Android Studio\jre\bin\server;C:\Users\kolosov-V\.gradle\native\e1d6ef7f7dcc3fd88c89a11ec53ec762bb8ba0a96d01ffa2cd45eb1d1d8dd5c5\windows-amd64;C:\Users\kolosov-V\.gradle\native\5664cfc778a61ccfe75a443a1ab52a65af34e5dc3c78e0209fed803814484fcb\windows-amd64;C:\Program Files\Common Files\Crypto Pro\AppCompat;C:\Users\kolosov-V\AppData\Local\Temp\native-platform1417043157663257337dir

VM Arguments:
jvm_args: --add-opens=java.base/java.util=ALL-UNNAMED --add-opens=java.base/java.lang=ALL-UNNAMED --add-opens=java.base/java.lang.invoke=ALL-UNNAMED --add-opens=java.base/java.util=ALL-UNNAMED --add-opens=java.prefs/java.util.prefs=ALL-UNNAMED --add-opens=java.prefs/java.util.prefs=ALL-UNNAMED --add-opens=java.base/java.nio.charset=ALL-UNNAMED --add-opens=java.base/java.net=ALL-UNNAMED --add-opens=java.base/java.util.concurrent.atomic=ALL-UNNAMED -Xmx2048m -Dfile.encoding=UTF-8 -Duser.country=RU -Duser.language=ru -Duser.variant 
java_command: org.gradle.launcher.daemon.bootstrap.GradleDaemon 7.3.3
java_class_path (initial): C:\Users\kolosov-V\.gradle\wrapper\dists\gradle-7.3.3-bin\6a41zxkdtcxs8rphpq6y0069z\gradle-7.3.3\lib\gradle-launcher-7.3.3.jar
Launcher Type: SUN_STANDARD

[Global flags]
     intx CICompilerCount                          = 4                                         {product} {ergonomic}
     uint ConcGCThreads                            = 2                                         {product} {ergonomic}
     uint G1ConcRefinementThreads                  = 8                                         {product} {ergonomic}
   size_t G1HeapRegionSize                         = 1048576                                   {product} {ergonomic}
    uintx GCDrainStackTargetSize                   = 64                                        {product} {ergonomic}
   size_t InitialHeapSize                          = 532676608                                 {product} {ergonomic}
   size_t MarkStackSize                            = 4194304                                   {product} {ergonomic}
   size_t MaxHeapSize                              = 2147483648                                {product} {command line}
   size_t MaxNewSize                               = 1287651328                                {product} {ergonomic}
   size_t MinHeapDeltaBytes                        = 1048576                                   {product} {ergonomic}
    uintx NonNMethodCodeHeapSize                   = 5836300                                {pd product} {ergonomic}
    uintx NonProfiledCodeHeapSize                  = 122910970                              {pd product} {ergonomic}
    uintx ProfiledCodeHeapSize                     = 122910970                              {pd product} {ergonomic}
    uintx ReservedCodeCacheSize                    = 251658240                              {pd product} {ergonomic}
     bool SegmentedCodeCache                       = true                                      {product} {ergonomic}
     bool UseCompressedClassPointers               = true                                 {lp64_product} {ergonomic}
     bool UseCompressedOops                        = true                                 {lp64_product} {ergonomic}
     bool UseG1GC                                  = true                                      {product} {ergonomic}
     bool UseLargePagesIndividualAllocation        = false                                  {pd product} {ergonomic}

Logging:
Log output configuration:
 #0: stdout all=warning uptime,level,tags
 #1: stderr all=off uptime,level,tags

Environment Variables:
JAVA_HOME=C:\Program Files\Java\jdk-11.0.14
PATH=C:\Program Files\Java\jdk-11.0.14\bin;C:\Program Files (x86)\VMware\VMware Workstation\bin\;C:\Windows\system32;C:\Windows;C:\Windows\System32\Wbem;C:\Windows\System32\WindowsPowerShell\v1.0\;C:\Windows\System32\OpenSSH\;C:\Program Files\SafeNet\Authentication\SAC\x64;C:\Program Files\SafeNet\Authentication\SAC\x32;C:\Program Files\Git\cmd;C:\Program Files\PuTTY\;C:\Program Files (x86)\Common Files\SecurIT;C:\Program Files\nodejs\;C:\Program Files\Docker\Docker\resources\bin;C:\Users\kolosov-V\AppData\Local\Microsoft\WindowsApps;D:\apache-ant-1.10.13\bin;C:\Users\kolosov-V\AppData\Roaming\npm
USERNAME=kolosov-v
OS=Windows_NT
PROCESSOR_IDENTIFIER=Intel64 Family 6 Model 140 Stepping 1, GenuineIntel



---------------  S Y S T E M  ---------------

OS: Windows 10 , 64 bit Build 19041 (10.0.19041.1706)
OS uptime: 1 days 15:05 hours
Hyper-V role detected

CPU:total 8 (initial active 8) (4 cores per cpu, 2 threads per core) family 6 model 140 stepping 1 microcode 0x86, cmov, cx8, fxsr, mmx, sse, sse2, sse3, ssse3, sse4.1, sse4.2, popcnt, avx, avx2, aes, clmul, erms, 3dnowpref, lzcnt, ht, tsc, tscinvbit, bmi1, bmi2, adx, evex, sha, fma

Memory: 4k page, system-wide physical 32508M (7588M free)
TotalPageFile size 40604M (AvailPageFile size 36M)
current process WorkingSet (physical memory assigned to process): 829M, peak: 829M
current process commit charge ("private bytes"): 936M, peak: 937M

vm_info: OpenJDK 64-Bit Server VM (11.0.12+7-b1504.28-7817840) for windows-amd64 JRE (11.0.12+7-b1504.28-7817840), built on Oct 13 2021 22:12:33 by "builder" with MS VC++ 14.0 (VS2015)

END.
