#
# There is insufficient memory for the Java Runtime Environment to continue.
# Native memory allocation (malloc) failed to allocate 2228016 bytes for Chunk::new
# Possible reasons:
#   The system is out of physical RAM or swap space
#   The process is running with CompressedOops enabled, and the Java Heap may be blocking the growth of the native heap
# Possible solutions:
#   Reduce memory load on the system
#   Increase physical memory or swap space
#   Check if swap backing store is full
#   Decrease Java heap size (-Xmx/-Xms)
#   Decrease number of Java threads
#   Decrease Java thread stack sizes (-Xss)
#   Set larger code cache with -XX:ReservedCodeCacheSize=
#   JVM is running with Unscaled Compressed Oops mode in which the Java heap is
#     placed in the first 4GB address space. The Java Heap base address is the
#     maximum limit for the native heap growth. Please use -XX:HeapBaseMinAddress
#     to set the Java Heap base and to place the Java Heap above 4GB virtual address.
# This output file may be truncated or incomplete.
#
#  Out of Memory Error (./src/hotspot/share/memory/arena.cpp:197), pid=27016, tid=14580
#
# JRE version: OpenJDK Runtime Environment (11.0.12+7) (build 11.0.12+7-b1504.28-7817840)
# Java VM: OpenJDK 64-Bit Server VM (11.0.12+7-b1504.28-7817840, mixed mode, tiered, compressed oops, g1 gc, windows-amd64)
# No core dump will be written. Minidumps are not enabled by default on client versions of Windows
#

---------------  S U M M A R Y ------------

Command Line: --add-opens=java.base/java.util=ALL-UNNAMED --add-opens=java.base/java.lang=ALL-UNNAMED --add-opens=java.base/java.lang.invoke=ALL-UNNAMED --add-opens=java.base/java.util=ALL-UNNAMED --add-opens=java.prefs/java.util.prefs=ALL-UNNAMED --add-opens=java.prefs/java.util.prefs=ALL-UNNAMED --add-opens=java.base/java.nio.charset=ALL-UNNAMED --add-opens=java.base/java.net=ALL-UNNAMED --add-opens=java.base/java.util.concurrent.atomic=ALL-UNNAMED -Xmx2048m -Dfile.encoding=UTF-8 -Duser.country=RU -Duser.language=ru -Duser.variant org.gradle.launcher.daemon.bootstrap.GradleDaemon 7.3.3

Host: 11th Gen Intel(R) Core(TM) i7-1165G7 @ 2.80GHz, 8 cores, 31G,  Windows 10 , 64 bit Build 19041 (10.0.19041.1706)
Time: Wed Oct  9 21:32:27 2024 RTZ 2 (зима) elapsed time: 9.336316 seconds (0d 0h 0m 9s)

---------------  T H R E A D  ---------------

Current thread (0x0000012215d8a000):  JavaThread "C2 CompilerThread0" daemon [_thread_in_native, id=14580, stack(0x000000223a700000,0x000000223a800000)]


Current CompileTask:
C2:   9336 7220   !   4       com.sun.beans.TypeResolver::resolve (261 bytes)

Stack: [0x000000223a700000,0x000000223a800000]
Native frames: (J=compiled Java code, j=interpreted, Vv=VM code, C=native code)
V  [jvm.dll+0x5fbcea]
V  [jvm.dll+0x731905]
V  [jvm.dll+0x732f1d]
V  [jvm.dll+0x7335d3]
V  [jvm.dll+0x247bf8]
V  [jvm.dll+0xc018c]
V  [jvm.dll+0xc06cc]
V  [jvm.dll+0x35b31d]
V  [jvm.dll+0x328803]
V  [jvm.dll+0x327cfa]
V  [jvm.dll+0x200602]
V  [jvm.dll+0x1ff794]
V  [jvm.dll+0x18868c]
V  [jvm.dll+0x20e0d7]
V  [jvm.dll+0x20c901]
V  [jvm.dll+0x6f9b7f]
V  [jvm.dll+0x6f26a5]
V  [jvm.dll+0x5fabf6]
C  [ucrtbase.dll+0x21bb2]
C  [KERNEL32.DLL+0x17034]
C  [ntdll.dll+0x52651]


---------------  P R O C E S S  ---------------

Threads class SMR info:
_java_thread_list=0x00000122189d7050, length=124, elements={
0x000001227a769800, 0x0000012215d25000, 0x0000012215d26000, 0x0000012215d3e800,
0x0000012215d43800, 0x0000012215d89800, 0x0000012215d8a000, 0x0000012215d98800,
0x0000012215daf800, 0x0000012215f1b000, 0x0000012215f18000, 0x0000012215f18800,
0x0000012215f19800, 0x0000012215f17000, 0x0000012215f1a800, 0x0000012215f1c000,
0x0000012215f16000, 0x0000012215f1d000, 0x00000122186cd800, 0x00000122186d1000,
0x00000122186cd000, 0x00000122186d1800, 0x00000122186d0000, 0x00000122186cc000,
0x00000122186d2800, 0x00000122186d3800, 0x00000122186d4000, 0x00000122186ce800,
0x0000012219631000, 0x00000122186d5000, 0x00000122186cf800, 0x00000122198b1000,
0x00000122186d9000, 0x00000122186da800, 0x00000122186d7800, 0x00000122186d8800,
0x00000122186da000, 0x000001221b914000, 0x000001221b913800, 0x000001221b911000,
0x000001221b915000, 0x000001221b916000, 0x000001221b910000, 0x000001221b916800,
0x000001221b917800, 0x000001221b911800, 0x000001221b918800, 0x000001221b912800,
0x000001221b91f000, 0x000001221b91d000, 0x000001221b919000, 0x000001221b91e000,
0x000001221b91c800, 0x000001221b91a800, 0x000001221b91a000, 0x000001221b91b800,
0x0000012218861800, 0x0000012218864000, 0x0000012218865000, 0x0000012218860000,
0x0000012218862800, 0x000001221885f800, 0x0000012218863800, 0x0000012218866000,
0x0000012218866800, 0x0000012218861000, 0x0000012218867800, 0x000001221886c800,
0x000001221886a000, 0x000001221886d000, 0x0000012218869000, 0x000001221886a800,
0x000001221886b800, 0x000001221886e000, 0x0000012218868000, 0x000001221cb20800,
0x000001221cb23800, 0x000001221cb22000, 0x000001221cb22800, 0x000001221cb25000,
0x000001221cb1f800, 0x000001221cb24800, 0x000001221cb21000, 0x000001221cb2a000,
0x000001221cb29000, 0x000001221cb2b000, 0x000001221cb2b800, 0x000001221cb26000,
0x000001221cb27000, 0x000001221cb2c800, 0x000001221cb2d800, 0x000001221cb27800,
0x000001221cb2e000, 0x000001221cb28800, 0x000001221bbd6000, 0x000001221bbd4800,
0x000001221bbd2000, 0x000001221bbd1800, 0x000001221bbd5800, 0x000001221bbd7000,
0x000001221bbd8000, 0x000001221bbd8800, 0x000001221bbd3000, 0x000001221bbd9800,
0x000001221bbd3800, 0x000001221bbdd800, 0x000001221bbdc800, 0x000001221bbde800,
0x000001221bbdf000, 0x000001221bbe0000, 0x000001221bbda800, 0x000001221bbdb000,
0x000001221bbdc000, 0x000001221b9ad000, 0x000001221b9aa800, 0x000001221b9ad800,
0x000001221b9ae800, 0x000001221b9af000, 0x000001221b9ac000, 0x000001221b9ab000,
0x000001221b9a9800, 0x000001221b9b6000, 0x000001221b9b3800, 0x000001221b9b5000
}

Java Threads: ( => current thread )
  0x000001227a769800 JavaThread "main" [_thread_blocked, id=19260, stack(0x0000002239b00000,0x0000002239c00000)]
  0x0000012215d25000 JavaThread "Reference Handler" daemon [_thread_blocked, id=28608, stack(0x000000223a200000,0x000000223a300000)]
  0x0000012215d26000 JavaThread "Finalizer" daemon [_thread_blocked, id=27492, stack(0x000000223a300000,0x000000223a400000)]
  0x0000012215d3e800 JavaThread "Signal Dispatcher" daemon [_thread_blocked, id=4080, stack(0x000000223a400000,0x000000223a500000)]
  0x0000012215d43800 JavaThread "Attach Listener" daemon [_thread_blocked, id=2132, stack(0x000000223a500000,0x000000223a600000)]
  0x0000012215d89800 JavaThread "Service Thread" daemon [_thread_blocked, id=22648, stack(0x000000223a600000,0x000000223a700000)]
=>0x0000012215d8a000 JavaThread "C2 CompilerThread0" daemon [_thread_in_native, id=14580, stack(0x000000223a700000,0x000000223a800000)]
  0x0000012215d98800 JavaThread "C1 CompilerThread0" daemon [_thread_in_native, id=21316, stack(0x000000223a800000,0x000000223a900000)]
  0x0000012215daf800 JavaThread "Sweeper thread" daemon [_thread_blocked, id=24968, stack(0x000000223a900000,0x000000223aa00000)]
  0x0000012215f1b000 JavaThread "Common-Cleaner" daemon [_thread_blocked, id=15176, stack(0x000000223aa00000,0x000000223ab00000)]
  0x0000012215f18000 JavaThread "Daemon health stats" [_thread_blocked, id=15108, stack(0x000000223b500000,0x000000223b600000)]
  0x0000012215f18800 JavaThread "Incoming local TCP Connector on port 50778" [_thread_in_native, id=24000, stack(0x000000223ac00000,0x000000223ad00000)]
  0x0000012215f19800 JavaThread "Daemon periodic checks" [_thread_blocked, id=26364, stack(0x000000223ad00000,0x000000223ae00000)]
  0x0000012215f17000 JavaThread "Daemon" [_thread_blocked, id=24476, stack(0x000000223b600000,0x000000223b700000)]
  0x0000012215f1a800 JavaThread "Handler for socket connection from /127.0.0.1:50778 to /127.0.0.1:50779" [_thread_in_native, id=26520, stack(0x000000223b700000,0x000000223b800000)]
  0x0000012215f1c000 JavaThread "Cancel handler" [_thread_blocked, id=15896, stack(0x000000223b800000,0x000000223b900000)]
  0x0000012215f16000 JavaThread "Daemon worker" [_thread_in_Java, id=17632, stack(0x000000223b900000,0x000000223ba00000)]
  0x0000012215f1d000 JavaThread "Asynchronous log dispatcher for DefaultDaemonConnection: socket connection from /127.0.0.1:50778 to /127.0.0.1:50779" [_thread_blocked, id=19180, stack(0x000000223ba00000,0x000000223bb00000)]
  0x00000122186cd800 JavaThread "Stdin handler" [_thread_blocked, id=19328, stack(0x000000223bb00000,0x000000223bc00000)]
  0x00000122186d1000 JavaThread "Daemon client event forwarder" [_thread_in_vm, id=20360, stack(0x000000223bc00000,0x000000223bd00000)]
  0x00000122186cd000 JavaThread "Cache worker for journal cache (C:\Users\kolosov-V\.gradle\caches\journal-1)" [_thread_blocked, id=24416, stack(0x000000223be00000,0x000000223bf00000)]
  0x00000122186d1800 JavaThread "File lock request listener" [_thread_in_native, id=26888, stack(0x000000223bf00000,0x000000223c000000)]
  0x00000122186d0000 JavaThread "Cache worker for file hash cache (C:\Users\kolosov-V\.gradle\caches\7.3.3\fileHashes)" [_thread_blocked, id=24580, stack(0x000000223c000000,0x000000223c100000)]
  0x00000122186cc000 JavaThread "Cache worker for file hash cache (D:\Android_Projects\SmokeDigression\.gradle\7.3.3\fileHashes)" [_thread_blocked, id=28120, stack(0x000000223c200000,0x000000223c300000)]
  0x00000122186d2800 JavaThread "File watcher server" daemon [_thread_in_native, id=17024, stack(0x000000223c400000,0x000000223c500000)]
  0x00000122186d3800 JavaThread "File watcher consumer" daemon [_thread_blocked, id=27484, stack(0x000000223c500000,0x000000223c600000)]
  0x00000122186d4000 JavaThread "Cache worker for checksums cache (D:\Android_Projects\SmokeDigression\.gradle\7.3.3\checksums)" [_thread_blocked, id=28532, stack(0x000000223bd00000,0x000000223be00000)]
  0x00000122186ce800 JavaThread "Cache worker for cache directory md-supplier (C:\Users\kolosov-V\.gradle\caches\7.3.3\md-supplier)" [_thread_blocked, id=14092, stack(0x000000223c300000,0x000000223c400000)]
  0x0000012219631000 JavaThread "C2 CompilerThread1" daemon [_thread_in_native, id=24236, stack(0x000000223c600000,0x000000223c700000)]
  0x00000122186d5000 JavaThread "Cache worker for cache directory md-rule (C:\Users\kolosov-V\.gradle\caches\7.3.3\md-rule)" [_thread_blocked, id=25500, stack(0x000000223c700000,0x000000223c800000)]
  0x00000122186cf800 JavaThread "Cache worker for execution history cache (C:\Users\kolosov-V\.gradle\caches\7.3.3\executionHistory)" [_thread_blocked, id=17636, stack(0x000000223c800000,0x000000223c900000)]
  0x00000122198b1000 JavaThread "C2 CompilerThread2" daemon [_thread_in_native, id=20048, stack(0x000000223c900000,0x000000223ca00000)]
  0x00000122186d9000 JavaThread "jar transforms" [_thread_blocked, id=14964, stack(0x000000223ca00000,0x000000223cb00000)]
  0x00000122186da800 JavaThread "Cache worker for file content cache (C:\Users\kolosov-V\.gradle\caches\7.3.3\fileContent)" [_thread_blocked, id=8652, stack(0x000000223cb00000,0x000000223cc00000)]
  0x00000122186d7800 JavaThread "jar transforms Thread 2" [_thread_blocked, id=9232, stack(0x000000223cc00000,0x000000223cd00000)]
  0x00000122186d8800 JavaThread "Cache worker for dependencies-accessors (D:\Android_Projects\SmokeDigression\.gradle\7.3.3\dependencies-accessors)" [_thread_blocked, id=22064, stack(0x000000223cd00000,0x000000223ce00000)]
  0x00000122186da000 JavaThread "jar transforms Thread 3" [_thread_blocked, id=27024, stack(0x000000223ce00000,0x000000223cf00000)]
  0x000001221b914000 JavaThread "Cache worker for Build Output Cleanup Cache (D:\Android_Projects\SmokeDigression\.gradle\buildOutputCleanup)" [_thread_blocked, id=27776, stack(0x000000223cf00000,0x000000223d000000)]
  0x000001221b913800 JavaThread "Unconstrained build operations" [_thread_blocked, id=11248, stack(0x000000223d000000,0x000000223d100000)]
  0x000001221b911000 JavaThread "Unconstrained build operations Thread 2" [_thread_blocked, id=26384, stack(0x000000223d100000,0x000000223d200000)]
  0x000001221b915000 JavaThread "Unconstrained build operations Thread 3" [_thread_blocked, id=25124, stack(0x000000223d200000,0x000000223d300000)]
  0x000001221b916000 JavaThread "Unconstrained build operations Thread 4" [_thread_blocked, id=26276, stack(0x000000223d300000,0x000000223d400000)]
  0x000001221b910000 JavaThread "Unconstrained build operations Thread 5" [_thread_blocked, id=18924, stack(0x000000223d400000,0x000000223d500000)]
  0x000001221b916800 JavaThread "Unconstrained build operations Thread 6" [_thread_blocked, id=20172, stack(0x000000223d500000,0x000000223d600000)]
  0x000001221b917800 JavaThread "Unconstrained build operations Thread 7" [_thread_blocked, id=25640, stack(0x000000223d600000,0x000000223d700000)]
  0x000001221b911800 JavaThread "Unconstrained build operations Thread 8" [_thread_blocked, id=23336, stack(0x000000223d700000,0x000000223d800000)]
  0x000001221b918800 JavaThread "Unconstrained build operations Thread 9" [_thread_blocked, id=27196, stack(0x000000223d800000,0x000000223d900000)]
  0x000001221b912800 JavaThread "Unconstrained build operations Thread 10" [_thread_blocked, id=27968, stack(0x000000223d900000,0x000000223da00000)]
  0x000001221b91f000 JavaThread "Unconstrained build operations Thread 11" [_thread_blocked, id=504, stack(0x000000223da00000,0x000000223db00000)]
  0x000001221b91d000 JavaThread "Unconstrained build operations Thread 12" [_thread_blocked, id=27740, stack(0x000000223db00000,0x000000223dc00000)]
  0x000001221b919000 JavaThread "Unconstrained build operations Thread 13" [_thread_blocked, id=22196, stack(0x000000223dc00000,0x000000223dd00000)]
  0x000001221b91e000 JavaThread "Unconstrained build operations Thread 14" [_thread_blocked, id=27544, stack(0x000000223dd00000,0x000000223de00000)]
  0x000001221b91c800 JavaThread "Unconstrained build operations Thread 15" [_thread_blocked, id=27792, stack(0x000000223de00000,0x000000223df00000)]
  0x000001221b91a800 JavaThread "Unconstrained build operations Thread 16" [_thread_blocked, id=20756, stack(0x000000223df00000,0x000000223e000000)]
  0x000001221b91a000 JavaThread "Unconstrained build operations Thread 17" [_thread_blocked, id=2016, stack(0x000000223e000000,0x000000223e100000)]
  0x000001221b91b800 JavaThread "Unconstrained build operations Thread 18" [_thread_blocked, id=23492, stack(0x000000223e100000,0x000000223e200000)]
  0x0000012218861800 JavaThread "Unconstrained build operations Thread 19" [_thread_blocked, id=11372, stack(0x000000223e200000,0x000000223e300000)]
  0x0000012218864000 JavaThread "Unconstrained build operations Thread 20" [_thread_blocked, id=23496, stack(0x000000223e300000,0x000000223e400000)]
  0x0000012218865000 JavaThread "Unconstrained build operations Thread 21" [_thread_blocked, id=27868, stack(0x000000223e400000,0x000000223e500000)]
  0x0000012218860000 JavaThread "Unconstrained build operations Thread 22" [_thread_blocked, id=20808, stack(0x000000223e500000,0x000000223e600000)]
  0x0000012218862800 JavaThread "Unconstrained build operations Thread 23" [_thread_blocked, id=14004, stack(0x000000223e600000,0x000000223e700000)]
  0x000001221885f800 JavaThread "Unconstrained build operations Thread 24" [_thread_blocked, id=23800, stack(0x000000223e700000,0x000000223e800000)]
  0x0000012218863800 JavaThread "Unconstrained build operations Thread 25" [_thread_blocked, id=24264, stack(0x000000223e800000,0x000000223e900000)]
  0x0000012218866000 JavaThread "Unconstrained build operations Thread 26" [_thread_blocked, id=28228, stack(0x000000223e900000,0x000000223ea00000)]
  0x0000012218866800 JavaThread "Unconstrained build operations Thread 27" [_thread_blocked, id=28584, stack(0x000000223ea00000,0x000000223eb00000)]
  0x0000012218861000 JavaThread "Unconstrained build operations Thread 28" [_thread_blocked, id=14304, stack(0x000000223eb00000,0x000000223ec00000)]
  0x0000012218867800 JavaThread "Unconstrained build operations Thread 29" [_thread_blocked, id=11412, stack(0x000000223ec00000,0x000000223ed00000)]
  0x000001221886c800 JavaThread "Unconstrained build operations Thread 30" [_thread_blocked, id=10676, stack(0x000000223ed00000,0x000000223ee00000)]
  0x000001221886a000 JavaThread "Unconstrained build operations Thread 31" [_thread_blocked, id=12556, stack(0x000000223ee00000,0x000000223ef00000)]
  0x000001221886d000 JavaThread "Unconstrained build operations Thread 32" [_thread_blocked, id=28096, stack(0x000000223ef00000,0x000000223f000000)]
  0x0000012218869000 JavaThread "Unconstrained build operations Thread 33" [_thread_blocked, id=9808, stack(0x000000223f000000,0x000000223f100000)]
  0x000001221886a800 JavaThread "Unconstrained build operations Thread 34" [_thread_blocked, id=12708, stack(0x000000223f100000,0x000000223f200000)]
  0x000001221886b800 JavaThread "Unconstrained build operations Thread 35" [_thread_blocked, id=27428, stack(0x000000223f200000,0x000000223f300000)]
  0x000001221886e000 JavaThread "Unconstrained build operations Thread 36" [_thread_blocked, id=10840, stack(0x000000223f300000,0x000000223f400000)]
  0x0000012218868000 JavaThread "Unconstrained build operations Thread 37" [_thread_blocked, id=28568, stack(0x000000223f400000,0x000000223f500000)]
  0x000001221cb20800 JavaThread "Unconstrained build operations Thread 38" [_thread_blocked, id=18464, stack(0x000000223f500000,0x000000223f600000)]
  0x000001221cb23800 JavaThread "Unconstrained build operations Thread 39" [_thread_blocked, id=22280, stack(0x000000223f600000,0x000000223f700000)]
  0x000001221cb22000 JavaThread "Unconstrained build operations Thread 40" [_thread_blocked, id=23144, stack(0x000000223f700000,0x000000223f800000)]
  0x000001221cb22800 JavaThread "Unconstrained build operations Thread 41" [_thread_blocked, id=16584, stack(0x000000223f800000,0x000000223f900000)]
  0x000001221cb25000 JavaThread "Unconstrained build operations Thread 42" [_thread_blocked, id=24760, stack(0x000000223f900000,0x000000223fa00000)]
  0x000001221cb1f800 JavaThread "Unconstrained build operations Thread 43" [_thread_blocked, id=25548, stack(0x000000223fa00000,0x000000223fb00000)]
  0x000001221cb24800 JavaThread "Unconstrained build operations Thread 44" [_thread_blocked, id=25328, stack(0x000000223fb00000,0x000000223fc00000)]
  0x000001221cb21000 JavaThread "Unconstrained build operations Thread 45" [_thread_blocked, id=15180, stack(0x000000223fc00000,0x000000223fd00000)]
  0x000001221cb2a000 JavaThread "Unconstrained build operations Thread 46" [_thread_blocked, id=25728, stack(0x000000223fd00000,0x000000223fe00000)]
  0x000001221cb29000 JavaThread "Unconstrained build operations Thread 47" [_thread_blocked, id=22088, stack(0x000000223fe00000,0x000000223ff00000)]
  0x000001221cb2b000 JavaThread "Unconstrained build operations Thread 48" [_thread_blocked, id=25436, stack(0x000000223ff00000,0x0000002240000000)]
  0x000001221cb2b800 JavaThread "Unconstrained build operations Thread 49" [_thread_blocked, id=26840, stack(0x0000002240000000,0x0000002240100000)]
  0x000001221cb26000 JavaThread "Unconstrained build operations Thread 50" [_thread_blocked, id=13176, stack(0x0000002240100000,0x0000002240200000)]
  0x000001221cb27000 JavaThread "Unconstrained build operations Thread 51" [_thread_blocked, id=26532, stack(0x0000002240200000,0x0000002240300000)]
  0x000001221cb2c800 JavaThread "Unconstrained build operations Thread 52" [_thread_blocked, id=3048, stack(0x0000002240300000,0x0000002240400000)]
  0x000001221cb2d800 JavaThread "Unconstrained build operations Thread 53" [_thread_blocked, id=19996, stack(0x0000002240400000,0x0000002240500000)]
  0x000001221cb27800 JavaThread "Unconstrained build operations Thread 54" [_thread_blocked, id=9916, stack(0x0000002240500000,0x0000002240600000)]
  0x000001221cb2e000 JavaThread "Unconstrained build operations Thread 55" [_thread_blocked, id=26808, stack(0x0000002240600000,0x0000002240700000)]
  0x000001221cb28800 JavaThread "Unconstrained build operations Thread 56" [_thread_blocked, id=18612, stack(0x0000002240700000,0x0000002240800000)]
  0x000001221bbd6000 JavaThread "Unconstrained build operations Thread 57" [_thread_blocked, id=27908, stack(0x0000002240800000,0x0000002240900000)]
  0x000001221bbd4800 JavaThread "Unconstrained build operations Thread 58" [_thread_blocked, id=16000, stack(0x0000002240900000,0x0000002240a00000)]
  0x000001221bbd2000 JavaThread "Unconstrained build operations Thread 59" [_thread_blocked, id=11936, stack(0x0000002240a00000,0x0000002240b00000)]
  0x000001221bbd1800 JavaThread "Unconstrained build operations Thread 60" [_thread_blocked, id=27104, stack(0x0000002240b00000,0x0000002240c00000)]
  0x000001221bbd5800 JavaThread "Unconstrained build operations Thread 61" [_thread_blocked, id=28200, stack(0x0000002240c00000,0x0000002240d00000)]
  0x000001221bbd7000 JavaThread "Unconstrained build operations Thread 62" [_thread_blocked, id=23904, stack(0x0000002240d00000,0x0000002240e00000)]
  0x000001221bbd8000 JavaThread "Unconstrained build operations Thread 63" [_thread_blocked, id=22864, stack(0x0000002240e00000,0x0000002240f00000)]
  0x000001221bbd8800 JavaThread "Unconstrained build operations Thread 64" [_thread_blocked, id=14480, stack(0x0000002240f00000,0x0000002241000000)]
  0x000001221bbd3000 JavaThread "Unconstrained build operations Thread 65" [_thread_blocked, id=16252, stack(0x0000002241000000,0x0000002241100000)]
  0x000001221bbd9800 JavaThread "Unconstrained build operations Thread 66" [_thread_blocked, id=4608, stack(0x0000002241100000,0x0000002241200000)]
  0x000001221bbd3800 JavaThread "Unconstrained build operations Thread 67" [_thread_blocked, id=26556, stack(0x0000002241200000,0x0000002241300000)]
  0x000001221bbdd800 JavaThread "Unconstrained build operations Thread 68" [_thread_blocked, id=6972, stack(0x0000002241300000,0x0000002241400000)]
  0x000001221bbdc800 JavaThread "Unconstrained build operations Thread 69" [_thread_blocked, id=11784, stack(0x0000002241400000,0x0000002241500000)]
  0x000001221bbde800 JavaThread "Unconstrained build operations Thread 70" [_thread_blocked, id=18900, stack(0x0000002241500000,0x0000002241600000)]
  0x000001221bbdf000 JavaThread "Unconstrained build operations Thread 71" [_thread_blocked, id=26360, stack(0x0000002241600000,0x0000002241700000)]
  0x000001221bbe0000 JavaThread "Unconstrained build operations Thread 72" [_thread_blocked, id=13456, stack(0x0000002241700000,0x0000002241800000)]
  0x000001221bbda800 JavaThread "Unconstrained build operations Thread 73" [_thread_blocked, id=9172, stack(0x0000002241800000,0x0000002241900000)]
  0x000001221bbdb000 JavaThread "Unconstrained build operations Thread 74" [_thread_blocked, id=5160, stack(0x0000002241900000,0x0000002241a00000)]
  0x000001221bbdc000 JavaThread "Unconstrained build operations Thread 75" [_thread_blocked, id=26956, stack(0x0000002241a00000,0x0000002241b00000)]
  0x000001221b9ad000 JavaThread "Unconstrained build operations Thread 76" [_thread_blocked, id=28180, stack(0x0000002241b00000,0x0000002241c00000)]
  0x000001221b9aa800 JavaThread "Unconstrained build operations Thread 77" [_thread_blocked, id=27576, stack(0x0000002241c00000,0x0000002241d00000)]
  0x000001221b9ad800 JavaThread "Unconstrained build operations Thread 78" [_thread_blocked, id=22848, stack(0x0000002241d00000,0x0000002241e00000)]
  0x000001221b9ae800 JavaThread "Unconstrained build operations Thread 79" [_thread_blocked, id=26608, stack(0x0000002241e00000,0x0000002241f00000)]
  0x000001221b9af000 JavaThread "Unconstrained build operations Thread 80" [_thread_blocked, id=21440, stack(0x0000002241f00000,0x0000002242000000)]
  0x000001221b9ac000 JavaThread "jar transforms Thread 4" [_thread_blocked, id=26176, stack(0x0000002242000000,0x0000002242100000)]
  0x000001221b9ab000 JavaThread "jar transforms Thread 5" [_thread_blocked, id=25056, stack(0x0000002242100000,0x0000002242200000)]
  0x000001221b9a9800 JavaThread "jar transforms Thread 6" [_thread_blocked, id=19332, stack(0x0000002242200000,0x0000002242300000)]
  0x000001221b9b6000 JavaThread "jar transforms Thread 7" [_thread_blocked, id=15660, stack(0x0000002242300000,0x0000002242400000)]
  0x000001221b9b3800 JavaThread "jar transforms Thread 8" [_thread_blocked, id=27664, stack(0x0000002242400000,0x0000002242500000)]
  0x000001221b9b5000 JavaThread "Memory manager" [_thread_blocked, id=11404, stack(0x0000002242500000,0x0000002242600000)]

Other Threads:
  0x000001221541a000 VMThread "VM Thread" [stack: 0x000000223a100000,0x000000223a200000] [id=23884]
  0x0000012215fc8800 WatcherThread [stack: 0x000000223ab00000,0x000000223ac00000] [id=12740]
  0x000001227a782800 GCTaskThread "GC Thread#0" [stack: 0x0000002239c00000,0x0000002239d00000] [id=27876]
  0x0000012216301800 GCTaskThread "GC Thread#1" [stack: 0x000000223ae00000,0x000000223af00000] [id=22336]
  0x000001221668c800 GCTaskThread "GC Thread#2" [stack: 0x000000223af00000,0x000000223b000000] [id=27824]
  0x0000012216f13800 GCTaskThread "GC Thread#3" [stack: 0x000000223b000000,0x000000223b100000] [id=996]
  0x0000012216cfe000 GCTaskThread "GC Thread#4" [stack: 0x000000223b100000,0x000000223b200000] [id=26216]
  0x0000012216a19000 GCTaskThread "GC Thread#5" [stack: 0x000000223b200000,0x000000223b300000] [id=22716]
  0x0000012216a34000 GCTaskThread "GC Thread#6" [stack: 0x000000223b300000,0x000000223b400000] [id=28192]
  0x0000012216d43800 GCTaskThread "GC Thread#7" [stack: 0x000000223b400000,0x000000223b500000] [id=13808]
  0x000001227a7b4800 ConcurrentGCThread "G1 Main Marker" [stack: 0x0000002239d00000,0x0000002239e00000] [id=26940]
  0x000001227a7b6000 ConcurrentGCThread "G1 Conc#0" [stack: 0x0000002239e00000,0x0000002239f00000] [id=12832]
  0x00000122187b3000 ConcurrentGCThread "G1 Conc#1" [stack: 0x000000223c100000,0x000000223c200000] [id=20244]
  0x0000012215371000 ConcurrentGCThread "G1 Refine#0" [stack: 0x0000002239f00000,0x000000223a000000] [id=23968]
  0x0000012215372000 ConcurrentGCThread "G1 Young RemSet Sampling" [stack: 0x000000223a000000,0x000000223a100000] [id=22084]

Threads with active compile tasks:
C2 CompilerThread0   9364 7220   !   4       com.sun.beans.TypeResolver::resolve (261 bytes)
C1 CompilerThread0   9364 7397       3       org.jetbrains.kotlin.gradle.utils.StringUtilsKt::lowerCamelCaseName (243 bytes)
C2 CompilerThread1   9364 7213       4       sun.reflect.generics.parser.SignatureParser::parsePackageNameAndSimpleClassTypeSignature (119 bytes)
C2 CompilerThread2   9364 7203 %     4       org.gradle.internal.instantiation.generator.AbstractClassGenerator::inspectType @ 207 (560 bytes)

VM state:not at safepoint (normal execution)

VM Mutex/Monitor currently owned by a thread: None

Heap address: 0x0000000080000000, size: 2048 MB, Compressed Oops mode: 32-bit
Narrow klass base: 0x0000000000000000, Narrow klass shift: 3
Compressed class space size: 1073741824 Address: 0x0000000100000000

Heap:
 garbage-first heap   total 520192K, used 268025K [0x0000000080000000, 0x0000000100000000)
  region size 1024K, 239 young (244736K), 27 survivors (27648K)
 Metaspace       used 75861K, capacity 77637K, committed 77900K, reserved 1116160K
  class space    used 9853K, capacity 10496K, committed 10572K, reserved 1048576K
Heap Regions: E=young(eden), S=young(survivor), O=old, HS=humongous(starts), HC=humongous(continues), CS=collection set, F=free, A=archive, TAMS=top-at-mark-start (previous, next)
|   0|0x0000000080000000, 0x0000000080100000, 0x0000000080100000|100%| O|  |TAMS 0x0000000080100000, 0x0000000080000000| Untracked 
|   1|0x0000000080100000, 0x0000000080200000, 0x0000000080200000|100%| O|  |TAMS 0x0000000080200000, 0x0000000080100000| Untracked 
|   2|0x0000000080200000, 0x0000000080300000, 0x0000000080300000|100%| O|  |TAMS 0x0000000080300000, 0x0000000080200000| Untracked 
|   3|0x0000000080300000, 0x0000000080400000, 0x0000000080400000|100%|HS|  |TAMS 0x0000000080400000, 0x0000000080300000| Complete 
|   4|0x0000000080400000, 0x0000000080500000, 0x0000000080500000|100%|HC|  |TAMS 0x0000000080500000, 0x0000000080400000| Complete 
|   5|0x0000000080500000, 0x0000000080600000, 0x0000000080600000|100%|HC|  |TAMS 0x0000000080600000, 0x0000000080500000| Complete 
|   6|0x0000000080600000, 0x0000000080700000, 0x0000000080700000|100%| O|  |TAMS 0x0000000080700000, 0x0000000080600000| Untracked 
|   7|0x0000000080700000, 0x0000000080800000, 0x0000000080800000|100%| O|  |TAMS 0x0000000080800000, 0x0000000080700000| Untracked 
|   8|0x0000000080800000, 0x0000000080900000, 0x0000000080900000|100%| O|  |TAMS 0x0000000080900000, 0x0000000080800000| Untracked 
|   9|0x0000000080900000, 0x0000000080a00000, 0x0000000080a00000|100%| O|  |TAMS 0x0000000080a00000, 0x0000000080900000| Untracked 
|  10|0x0000000080a00000, 0x0000000080b00000, 0x0000000080b00000|100%| O|  |TAMS 0x0000000080b00000, 0x0000000080a00000| Untracked 
|  11|0x0000000080b00000, 0x0000000080c00000, 0x0000000080c00000|100%| O|  |TAMS 0x0000000080c00000, 0x0000000080b00000| Untracked 
|  12|0x0000000080c00000, 0x0000000080d00000, 0x0000000080d00000|100%| O|  |TAMS 0x0000000080d00000, 0x0000000080c00000| Untracked 
|  13|0x0000000080d00000, 0x0000000080e00000, 0x0000000080e00000|100%| O|  |TAMS 0x0000000080e00000, 0x0000000080d00000| Untracked 
|  14|0x0000000080e00000, 0x0000000080f00000, 0x0000000080f00000|100%| O|  |TAMS 0x0000000080f00000, 0x0000000080e00000| Untracked 
|  15|0x0000000080f00000, 0x0000000081000000, 0x0000000081000000|100%| O|  |TAMS 0x0000000081000000, 0x0000000080f00000| Untracked 
|  16|0x0000000081000000, 0x000000008107ee00, 0x0000000081100000| 49%| O|  |TAMS 0x000000008107ee00, 0x0000000081000000| Untracked 
|  17|0x0000000081100000, 0x0000000081200000, 0x0000000081200000|100%|HS|  |TAMS 0x0000000081200000, 0x0000000081100000| Complete 
|  18|0x0000000081200000, 0x0000000081300000, 0x0000000081300000|100%|HS|  |TAMS 0x0000000081300000, 0x0000000081200000| Complete 
|  19|0x0000000081300000, 0x0000000081400000, 0x0000000081400000|100%|HS|  |TAMS 0x0000000081400000, 0x0000000081300000| Complete 
|  20|0x0000000081400000, 0x0000000081500000, 0x0000000081500000|100%|HS|  |TAMS 0x0000000081500000, 0x0000000081400000| Complete 
|  21|0x0000000081500000, 0x0000000081600000, 0x0000000081600000|100%|HC|  |TAMS 0x0000000081600000, 0x0000000081500000| Complete 
|  22|0x0000000081600000, 0x0000000081700000, 0x0000000081700000|100%|HC|  |TAMS 0x0000000081700000, 0x0000000081600000| Complete 
|  23|0x0000000081700000, 0x0000000081800000, 0x0000000081800000|100%|HS|  |TAMS 0x0000000081800000, 0x0000000081700000| Complete 
|  24|0x0000000081800000, 0x0000000081900000, 0x0000000081900000|100%|HC|  |TAMS 0x0000000081900000, 0x0000000081800000| Complete 
|  25|0x0000000081900000, 0x0000000081a00000, 0x0000000081a00000|100%|HS|  |TAMS 0x0000000081900000, 0x0000000081900000| Complete 
|  26|0x0000000081a00000, 0x0000000081a00000, 0x0000000081b00000|  0%| F|  |TAMS 0x0000000081a00000, 0x0000000081a00000| Untracked 
|  27|0x0000000081b00000, 0x0000000081b00000, 0x0000000081c00000|  0%| F|  |TAMS 0x0000000081b00000, 0x0000000081b00000| Untracked 
|  28|0x0000000081c00000, 0x0000000081c00000, 0x0000000081d00000|  0%| F|  |TAMS 0x0000000081c00000, 0x0000000081c00000| Untracked 
|  29|0x0000000081d00000, 0x0000000081d00000, 0x0000000081e00000|  0%| F|  |TAMS 0x0000000081d00000, 0x0000000081d00000| Untracked 
|  30|0x0000000081e00000, 0x0000000081e00000, 0x0000000081f00000|  0%| F|  |TAMS 0x0000000081e00000, 0x0000000081e00000| Untracked 
|  31|0x0000000081f00000, 0x0000000081f00000, 0x0000000082000000|  0%| F|  |TAMS 0x0000000081f00000, 0x0000000081f00000| Untracked 
|  32|0x0000000082000000, 0x0000000082000000, 0x0000000082100000|  0%| F|  |TAMS 0x0000000082000000, 0x0000000082000000| Untracked 
|  33|0x0000000082100000, 0x0000000082100000, 0x0000000082200000|  0%| F|  |TAMS 0x0000000082100000, 0x0000000082100000| Untracked 
|  34|0x0000000082200000, 0x0000000082200000, 0x0000000082300000|  0%| F|  |TAMS 0x0000000082200000, 0x0000000082200000| Untracked 
|  35|0x0000000082300000, 0x0000000082300000, 0x0000000082400000|  0%| F|  |TAMS 0x0000000082300000, 0x0000000082300000| Untracked 
|  36|0x0000000082400000, 0x0000000082400000, 0x0000000082500000|  0%| F|  |TAMS 0x0000000082400000, 0x0000000082400000| Untracked 
|  37|0x0000000082500000, 0x0000000082500000, 0x0000000082600000|  0%| F|  |TAMS 0x0000000082500000, 0x0000000082500000| Untracked 
|  38|0x0000000082600000, 0x0000000082600000, 0x0000000082700000|  0%| F|  |TAMS 0x0000000082600000, 0x0000000082600000| Untracked 
|  39|0x0000000082700000, 0x0000000082700000, 0x0000000082800000|  0%| F|  |TAMS 0x0000000082700000, 0x0000000082700000| Untracked 
|  40|0x0000000082800000, 0x0000000082800000, 0x0000000082900000|  0%| F|  |TAMS 0x0000000082800000, 0x0000000082800000| Untracked 
|  41|0x0000000082900000, 0x0000000082900000, 0x0000000082a00000|  0%| F|  |TAMS 0x0000000082900000, 0x0000000082900000| Untracked 
|  42|0x0000000082a00000, 0x0000000082a00000, 0x0000000082b00000|  0%| F|  |TAMS 0x0000000082a00000, 0x0000000082a00000| Untracked 
|  43|0x0000000082b00000, 0x0000000082b00000, 0x0000000082c00000|  0%| F|  |TAMS 0x0000000082b00000, 0x0000000082b00000| Untracked 
|  44|0x0000000082c00000, 0x0000000082c00000, 0x0000000082d00000|  0%| F|  |TAMS 0x0000000082c00000, 0x0000000082c00000| Untracked 
|  45|0x0000000082d00000, 0x0000000082d00000, 0x0000000082e00000|  0%| F|  |TAMS 0x0000000082d00000, 0x0000000082d00000| Untracked 
|  46|0x0000000082e00000, 0x0000000082e00000, 0x0000000082f00000|  0%| F|  |TAMS 0x0000000082e00000, 0x0000000082e00000| Untracked 
|  47|0x0000000082f00000, 0x0000000082f00000, 0x0000000083000000|  0%| F|  |TAMS 0x0000000082f00000, 0x0000000082f00000| Untracked 
|  48|0x0000000083000000, 0x0000000083000000, 0x0000000083100000|  0%| F|  |TAMS 0x0000000083000000, 0x0000000083000000| Untracked 
|  49|0x0000000083100000, 0x0000000083100000, 0x0000000083200000|  0%| F|  |TAMS 0x0000000083100000, 0x0000000083100000| Untracked 
|  50|0x0000000083200000, 0x0000000083200000, 0x0000000083300000|  0%| F|  |TAMS 0x0000000083200000, 0x0000000083200000| Untracked 
|  51|0x0000000083300000, 0x0000000083300000, 0x0000000083400000|  0%| F|  |TAMS 0x0000000083300000, 0x0000000083300000| Untracked 
|  52|0x0000000083400000, 0x0000000083400000, 0x0000000083500000|  0%| F|  |TAMS 0x0000000083400000, 0x0000000083400000| Untracked 
|  53|0x0000000083500000, 0x0000000083500000, 0x0000000083600000|  0%| F|  |TAMS 0x0000000083500000, 0x0000000083500000| Untracked 
|  54|0x0000000083600000, 0x0000000083600000, 0x0000000083700000|  0%| F|  |TAMS 0x0000000083600000, 0x0000000083600000| Untracked 
|  55|0x0000000083700000, 0x0000000083700000, 0x0000000083800000|  0%| F|  |TAMS 0x0000000083700000, 0x0000000083700000| Untracked 
|  56|0x0000000083800000, 0x0000000083800000, 0x0000000083900000|  0%| F|  |TAMS 0x0000000083800000, 0x0000000083800000| Untracked 
|  57|0x0000000083900000, 0x0000000083900000, 0x0000000083a00000|  0%| F|  |TAMS 0x0000000083900000, 0x0000000083900000| Untracked 
|  58|0x0000000083a00000, 0x0000000083a00000, 0x0000000083b00000|  0%| F|  |TAMS 0x0000000083a00000, 0x0000000083a00000| Untracked 
|  59|0x0000000083b00000, 0x0000000083b00000, 0x0000000083c00000|  0%| F|  |TAMS 0x0000000083b00000, 0x0000000083b00000| Untracked 
|  60|0x0000000083c00000, 0x0000000083c00000, 0x0000000083d00000|  0%| F|  |TAMS 0x0000000083c00000, 0x0000000083c00000| Untracked 
|  61|0x0000000083d00000, 0x0000000083d00000, 0x0000000083e00000|  0%| F|  |TAMS 0x0000000083d00000, 0x0000000083d00000| Untracked 
|  62|0x0000000083e00000, 0x0000000083e00000, 0x0000000083f00000|  0%| F|  |TAMS 0x0000000083e00000, 0x0000000083e00000| Untracked 
|  63|0x0000000083f00000, 0x0000000083f00000, 0x0000000084000000|  0%| F|  |TAMS 0x0000000083f00000, 0x0000000083f00000| Untracked 
|  64|0x0000000084000000, 0x0000000084000000, 0x0000000084100000|  0%| F|  |TAMS 0x0000000084000000, 0x0000000084000000| Untracked 
|  65|0x0000000084100000, 0x0000000084100000, 0x0000000084200000|  0%| F|  |TAMS 0x0000000084100000, 0x0000000084100000| Untracked 
|  66|0x0000000084200000, 0x0000000084200000, 0x0000000084300000|  0%| F|  |TAMS 0x0000000084200000, 0x0000000084200000| Untracked 
|  67|0x0000000084300000, 0x0000000084300000, 0x0000000084400000|  0%| F|  |TAMS 0x0000000084300000, 0x0000000084300000| Untracked 
|  68|0x0000000084400000, 0x0000000084400000, 0x0000000084500000|  0%| F|  |TAMS 0x0000000084400000, 0x0000000084400000| Untracked 
|  69|0x0000000084500000, 0x0000000084500000, 0x0000000084600000|  0%| F|  |TAMS 0x0000000084500000, 0x0000000084500000| Untracked 
|  70|0x0000000084600000, 0x0000000084600000, 0x0000000084700000|  0%| F|  |TAMS 0x0000000084600000, 0x0000000084600000| Untracked 
|  71|0x0000000084700000, 0x0000000084700000, 0x0000000084800000|  0%| F|  |TAMS 0x0000000084700000, 0x0000000084700000| Untracked 
|  72|0x0000000084800000, 0x0000000084800000, 0x0000000084900000|  0%| F|  |TAMS 0x0000000084800000, 0x0000000084800000| Untracked 
|  73|0x0000000084900000, 0x0000000084900000, 0x0000000084a00000|  0%| F|  |TAMS 0x0000000084900000, 0x0000000084900000| Untracked 
|  74|0x0000000084a00000, 0x0000000084a00000, 0x0000000084b00000|  0%| F|  |TAMS 0x0000000084a00000, 0x0000000084a00000| Untracked 
|  75|0x0000000084b00000, 0x0000000084b00000, 0x0000000084c00000|  0%| F|  |TAMS 0x0000000084b00000, 0x0000000084b00000| Untracked 
|  76|0x0000000084c00000, 0x0000000084c00000, 0x0000000084d00000|  0%| F|  |TAMS 0x0000000084c00000, 0x0000000084c00000| Untracked 
|  77|0x0000000084d00000, 0x0000000084d00000, 0x0000000084e00000|  0%| F|  |TAMS 0x0000000084d00000, 0x0000000084d00000| Untracked 
|  78|0x0000000084e00000, 0x0000000084e00000, 0x0000000084f00000|  0%| F|  |TAMS 0x0000000084e00000, 0x0000000084e00000| Untracked 
|  79|0x0000000084f00000, 0x0000000084f00000, 0x0000000085000000|  0%| F|  |TAMS 0x0000000084f00000, 0x0000000084f00000| Untracked 
|  80|0x0000000085000000, 0x0000000085000000, 0x0000000085100000|  0%| F|  |TAMS 0x0000000085000000, 0x0000000085000000| Untracked 
|  81|0x0000000085100000, 0x0000000085100000, 0x0000000085200000|  0%| F|  |TAMS 0x0000000085100000, 0x0000000085100000| Untracked 
|  82|0x0000000085200000, 0x0000000085200000, 0x0000000085300000|  0%| F|  |TAMS 0x0000000085200000, 0x0000000085200000| Untracked 
|  83|0x0000000085300000, 0x0000000085300000, 0x0000000085400000|  0%| F|  |TAMS 0x0000000085300000, 0x0000000085300000| Untracked 
|  84|0x0000000085400000, 0x0000000085400000, 0x0000000085500000|  0%| F|  |TAMS 0x0000000085400000, 0x0000000085400000| Untracked 
|  85|0x0000000085500000, 0x0000000085500000, 0x0000000085600000|  0%| F|  |TAMS 0x0000000085500000, 0x0000000085500000| Untracked 
|  86|0x0000000085600000, 0x0000000085600000, 0x0000000085700000|  0%| F|  |TAMS 0x0000000085600000, 0x0000000085600000| Untracked 
|  87|0x0000000085700000, 0x0000000085700000, 0x0000000085800000|  0%| F|  |TAMS 0x0000000085700000, 0x0000000085700000| Untracked 
|  88|0x0000000085800000, 0x0000000085800000, 0x0000000085900000|  0%| F|  |TAMS 0x0000000085800000, 0x0000000085800000| Untracked 
|  89|0x0000000085900000, 0x0000000085900000, 0x0000000085a00000|  0%| F|  |TAMS 0x0000000085900000, 0x0000000085900000| Untracked 
|  90|0x0000000085a00000, 0x0000000085a00000, 0x0000000085b00000|  0%| F|  |TAMS 0x0000000085a00000, 0x0000000085a00000| Untracked 
|  91|0x0000000085b00000, 0x0000000085b00000, 0x0000000085c00000|  0%| F|  |TAMS 0x0000000085b00000, 0x0000000085b00000| Untracked 
|  92|0x0000000085c00000, 0x0000000085c00000, 0x0000000085d00000|  0%| F|  |TAMS 0x0000000085c00000, 0x0000000085c00000| Untracked 
|  93|0x0000000085d00000, 0x0000000085d00000, 0x0000000085e00000|  0%| F|  |TAMS 0x0000000085d00000, 0x0000000085d00000| Untracked 
|  94|0x0000000085e00000, 0x0000000085e00000, 0x0000000085f00000|  0%| F|  |TAMS 0x0000000085e00000, 0x0000000085e00000| Untracked 
|  95|0x0000000085f00000, 0x0000000085f00000, 0x0000000086000000|  0%| F|  |TAMS 0x0000000085f00000, 0x0000000085f00000| Untracked 
|  96|0x0000000086000000, 0x0000000086000000, 0x0000000086100000|  0%| F|  |TAMS 0x0000000086000000, 0x0000000086000000| Untracked 
|  97|0x0000000086100000, 0x0000000086100000, 0x0000000086200000|  0%| F|  |TAMS 0x0000000086100000, 0x0000000086100000| Untracked 
|  98|0x0000000086200000, 0x0000000086200000, 0x0000000086300000|  0%| F|  |TAMS 0x0000000086200000, 0x0000000086200000| Untracked 
|  99|0x0000000086300000, 0x0000000086300000, 0x0000000086400000|  0%| F|  |TAMS 0x0000000086300000, 0x0000000086300000| Untracked 
| 100|0x0000000086400000, 0x0000000086400000, 0x0000000086500000|  0%| F|  |TAMS 0x0000000086400000, 0x0000000086400000| Untracked 
| 101|0x0000000086500000, 0x0000000086500000, 0x0000000086600000|  0%| F|  |TAMS 0x0000000086500000, 0x0000000086500000| Untracked 
| 102|0x0000000086600000, 0x0000000086600000, 0x0000000086700000|  0%| F|  |TAMS 0x0000000086600000, 0x0000000086600000| Untracked 
| 103|0x0000000086700000, 0x0000000086700000, 0x0000000086800000|  0%| F|  |TAMS 0x0000000086700000, 0x0000000086700000| Untracked 
| 104|0x0000000086800000, 0x0000000086800000, 0x0000000086900000|  0%| F|  |TAMS 0x0000000086800000, 0x0000000086800000| Untracked 
| 105|0x0000000086900000, 0x0000000086900000, 0x0000000086a00000|  0%| F|  |TAMS 0x0000000086900000, 0x0000000086900000| Untracked 
| 106|0x0000000086a00000, 0x0000000086a00000, 0x0000000086b00000|  0%| F|  |TAMS 0x0000000086a00000, 0x0000000086a00000| Untracked 
| 107|0x0000000086b00000, 0x0000000086b00000, 0x0000000086c00000|  0%| F|  |TAMS 0x0000000086b00000, 0x0000000086b00000| Untracked 
| 108|0x0000000086c00000, 0x0000000086c00000, 0x0000000086d00000|  0%| F|  |TAMS 0x0000000086c00000, 0x0000000086c00000| Untracked 
| 109|0x0000000086d00000, 0x0000000086d00000, 0x0000000086e00000|  0%| F|  |TAMS 0x0000000086d00000, 0x0000000086d00000| Untracked 
| 110|0x0000000086e00000, 0x0000000086e00000, 0x0000000086f00000|  0%| F|  |TAMS 0x0000000086e00000, 0x0000000086e00000| Untracked 
| 111|0x0000000086f00000, 0x0000000086f00000, 0x0000000087000000|  0%| F|  |TAMS 0x0000000086f00000, 0x0000000086f00000| Untracked 
| 112|0x0000000087000000, 0x0000000087000000, 0x0000000087100000|  0%| F|  |TAMS 0x0000000087000000, 0x0000000087000000| Untracked 
| 113|0x0000000087100000, 0x0000000087100000, 0x0000000087200000|  0%| F|  |TAMS 0x0000000087100000, 0x0000000087100000| Untracked 
| 114|0x0000000087200000, 0x0000000087200000, 0x0000000087300000|  0%| F|  |TAMS 0x0000000087200000, 0x0000000087200000| Untracked 
| 115|0x0000000087300000, 0x0000000087300000, 0x0000000087400000|  0%| F|  |TAMS 0x0000000087300000, 0x0000000087300000| Untracked 
| 116|0x0000000087400000, 0x0000000087400000, 0x0000000087500000|  0%| F|  |TAMS 0x0000000087400000, 0x0000000087400000| Untracked 
| 117|0x0000000087500000, 0x0000000087500000, 0x0000000087600000|  0%| F|  |TAMS 0x0000000087500000, 0x0000000087500000| Untracked 
| 118|0x0000000087600000, 0x0000000087600000, 0x0000000087700000|  0%| F|  |TAMS 0x0000000087600000, 0x0000000087600000| Untracked 
| 119|0x0000000087700000, 0x0000000087700000, 0x0000000087800000|  0%| F|  |TAMS 0x0000000087700000, 0x0000000087700000| Untracked 
| 120|0x0000000087800000, 0x0000000087800000, 0x0000000087900000|  0%| F|  |TAMS 0x0000000087800000, 0x0000000087800000| Untracked 
| 121|0x0000000087900000, 0x0000000087900000, 0x0000000087a00000|  0%| F|  |TAMS 0x0000000087900000, 0x0000000087900000| Untracked 
| 122|0x0000000087a00000, 0x0000000087a00000, 0x0000000087b00000|  0%| F|  |TAMS 0x0000000087a00000, 0x0000000087a00000| Untracked 
| 123|0x0000000087b00000, 0x0000000087b00000, 0x0000000087c00000|  0%| F|  |TAMS 0x0000000087b00000, 0x0000000087b00000| Untracked 
| 124|0x0000000087c00000, 0x0000000087c00000, 0x0000000087d00000|  0%| F|  |TAMS 0x0000000087c00000, 0x0000000087c00000| Untracked 
| 125|0x0000000087d00000, 0x0000000087d00000, 0x0000000087e00000|  0%| F|  |TAMS 0x0000000087d00000, 0x0000000087d00000| Untracked 
| 126|0x0000000087e00000, 0x0000000087e00000, 0x0000000087f00000|  0%| F|  |TAMS 0x0000000087e00000, 0x0000000087e00000| Untracked 
| 127|0x0000000087f00000, 0x0000000087f00000, 0x0000000088000000|  0%| F|  |TAMS 0x0000000087f00000, 0x0000000087f00000| Untracked 
| 128|0x0000000088000000, 0x0000000088000000, 0x0000000088100000|  0%| F|  |TAMS 0x0000000088000000, 0x0000000088000000| Untracked 
| 129|0x0000000088100000, 0x0000000088100000, 0x0000000088200000|  0%| F|  |TAMS 0x0000000088100000, 0x0000000088100000| Untracked 
| 130|0x0000000088200000, 0x0000000088200000, 0x0000000088300000|  0%| F|  |TAMS 0x0000000088200000, 0x0000000088200000| Untracked 
| 131|0x0000000088300000, 0x0000000088300000, 0x0000000088400000|  0%| F|  |TAMS 0x0000000088300000, 0x0000000088300000| Untracked 
| 132|0x0000000088400000, 0x0000000088400000, 0x0000000088500000|  0%| F|  |TAMS 0x0000000088400000, 0x0000000088400000| Untracked 
| 133|0x0000000088500000, 0x0000000088500000, 0x0000000088600000|  0%| F|  |TAMS 0x0000000088500000, 0x0000000088500000| Untracked 
| 134|0x0000000088600000, 0x0000000088600000, 0x0000000088700000|  0%| F|  |TAMS 0x0000000088600000, 0x0000000088600000| Untracked 
| 135|0x0000000088700000, 0x0000000088700000, 0x0000000088800000|  0%| F|  |TAMS 0x0000000088700000, 0x0000000088700000| Untracked 
| 136|0x0000000088800000, 0x0000000088800000, 0x0000000088900000|  0%| F|  |TAMS 0x0000000088800000, 0x0000000088800000| Untracked 
| 137|0x0000000088900000, 0x0000000088900000, 0x0000000088a00000|  0%| F|  |TAMS 0x0000000088900000, 0x0000000088900000| Untracked 
| 138|0x0000000088a00000, 0x0000000088a00000, 0x0000000088b00000|  0%| F|  |TAMS 0x0000000088a00000, 0x0000000088a00000| Untracked 
| 139|0x0000000088b00000, 0x0000000088b00000, 0x0000000088c00000|  0%| F|  |TAMS 0x0000000088b00000, 0x0000000088b00000| Untracked 
| 140|0x0000000088c00000, 0x0000000088c00000, 0x0000000088d00000|  0%| F|  |TAMS 0x0000000088c00000, 0x0000000088c00000| Untracked 
| 141|0x0000000088d00000, 0x0000000088d00000, 0x0000000088e00000|  0%| F|  |TAMS 0x0000000088d00000, 0x0000000088d00000| Untracked 
| 142|0x0000000088e00000, 0x0000000088e00000, 0x0000000088f00000|  0%| F|  |TAMS 0x0000000088e00000, 0x0000000088e00000| Untracked 
| 143|0x0000000088f00000, 0x0000000088f00000, 0x0000000089000000|  0%| F|  |TAMS 0x0000000088f00000, 0x0000000088f00000| Untracked 
| 144|0x0000000089000000, 0x0000000089000000, 0x0000000089100000|  0%| F|  |TAMS 0x0000000089000000, 0x0000000089000000| Untracked 
| 145|0x0000000089100000, 0x0000000089100000, 0x0000000089200000|  0%| F|  |TAMS 0x0000000089100000, 0x0000000089100000| Untracked 
| 146|0x0000000089200000, 0x0000000089200000, 0x0000000089300000|  0%| F|  |TAMS 0x0000000089200000, 0x0000000089200000| Untracked 
| 147|0x0000000089300000, 0x0000000089300000, 0x0000000089400000|  0%| F|  |TAMS 0x0000000089300000, 0x0000000089300000| Untracked 
| 148|0x0000000089400000, 0x0000000089400000, 0x0000000089500000|  0%| F|  |TAMS 0x0000000089400000, 0x0000000089400000| Untracked 
| 149|0x0000000089500000, 0x0000000089500000, 0x0000000089600000|  0%| F|  |TAMS 0x0000000089500000, 0x0000000089500000| Untracked 
| 150|0x0000000089600000, 0x0000000089600000, 0x0000000089700000|  0%| F|  |TAMS 0x0000000089600000, 0x0000000089600000| Untracked 
| 151|0x0000000089700000, 0x0000000089700000, 0x0000000089800000|  0%| F|  |TAMS 0x0000000089700000, 0x0000000089700000| Untracked 
| 152|0x0000000089800000, 0x0000000089800000, 0x0000000089900000|  0%| F|  |TAMS 0x0000000089800000, 0x0000000089800000| Untracked 
| 153|0x0000000089900000, 0x0000000089900000, 0x0000000089a00000|  0%| F|  |TAMS 0x0000000089900000, 0x0000000089900000| Untracked 
| 154|0x0000000089a00000, 0x0000000089a00000, 0x0000000089b00000|  0%| F|  |TAMS 0x0000000089a00000, 0x0000000089a00000| Untracked 
| 155|0x0000000089b00000, 0x0000000089b00000, 0x0000000089c00000|  0%| F|  |TAMS 0x0000000089b00000, 0x0000000089b00000| Untracked 
| 156|0x0000000089c00000, 0x0000000089c00000, 0x0000000089d00000|  0%| F|  |TAMS 0x0000000089c00000, 0x0000000089c00000| Untracked 
| 157|0x0000000089d00000, 0x0000000089d00000, 0x0000000089e00000|  0%| F|  |TAMS 0x0000000089d00000, 0x0000000089d00000| Untracked 
| 158|0x0000000089e00000, 0x0000000089e00000, 0x0000000089f00000|  0%| F|  |TAMS 0x0000000089e00000, 0x0000000089e00000| Untracked 
| 159|0x0000000089f00000, 0x0000000089f00000, 0x000000008a000000|  0%| F|  |TAMS 0x0000000089f00000, 0x0000000089f00000| Untracked 
| 160|0x000000008a000000, 0x000000008a000000, 0x000000008a100000|  0%| F|  |TAMS 0x000000008a000000, 0x000000008a000000| Untracked 
| 161|0x000000008a100000, 0x000000008a100000, 0x000000008a200000|  0%| F|  |TAMS 0x000000008a100000, 0x000000008a100000| Untracked 
| 162|0x000000008a200000, 0x000000008a200000, 0x000000008a300000|  0%| F|  |TAMS 0x000000008a200000, 0x000000008a200000| Untracked 
| 163|0x000000008a300000, 0x000000008a300000, 0x000000008a400000|  0%| F|  |TAMS 0x000000008a300000, 0x000000008a300000| Untracked 
| 164|0x000000008a400000, 0x000000008a400000, 0x000000008a500000|  0%| F|  |TAMS 0x000000008a400000, 0x000000008a400000| Untracked 
| 165|0x000000008a500000, 0x000000008a500000, 0x000000008a600000|  0%| F|  |TAMS 0x000000008a500000, 0x000000008a500000| Untracked 
| 166|0x000000008a600000, 0x000000008a600000, 0x000000008a700000|  0%| F|  |TAMS 0x000000008a600000, 0x000000008a600000| Untracked 
| 167|0x000000008a700000, 0x000000008a700000, 0x000000008a800000|  0%| F|  |TAMS 0x000000008a700000, 0x000000008a700000| Untracked 
| 168|0x000000008a800000, 0x000000008a800000, 0x000000008a900000|  0%| F|  |TAMS 0x000000008a800000, 0x000000008a800000| Untracked 
| 169|0x000000008a900000, 0x000000008a900000, 0x000000008aa00000|  0%| F|  |TAMS 0x000000008a900000, 0x000000008a900000| Untracked 
| 170|0x000000008aa00000, 0x000000008aa00000, 0x000000008ab00000|  0%| F|  |TAMS 0x000000008aa00000, 0x000000008aa00000| Untracked 
| 171|0x000000008ab00000, 0x000000008ab00000, 0x000000008ac00000|  0%| F|  |TAMS 0x000000008ab00000, 0x000000008ab00000| Untracked 
| 172|0x000000008ac00000, 0x000000008ac00000, 0x000000008ad00000|  0%| F|  |TAMS 0x000000008ac00000, 0x000000008ac00000| Untracked 
| 173|0x000000008ad00000, 0x000000008ad00000, 0x000000008ae00000|  0%| F|  |TAMS 0x000000008ad00000, 0x000000008ad00000| Untracked 
| 174|0x000000008ae00000, 0x000000008ae00000, 0x000000008af00000|  0%| F|  |TAMS 0x000000008ae00000, 0x000000008ae00000| Untracked 
| 175|0x000000008af00000, 0x000000008af00000, 0x000000008b000000|  0%| F|  |TAMS 0x000000008af00000, 0x000000008af00000| Untracked 
| 176|0x000000008b000000, 0x000000008b000000, 0x000000008b100000|  0%| F|  |TAMS 0x000000008b000000, 0x000000008b000000| Untracked 
| 177|0x000000008b100000, 0x000000008b100000, 0x000000008b200000|  0%| F|  |TAMS 0x000000008b100000, 0x000000008b100000| Untracked 
| 178|0x000000008b200000, 0x000000008b200000, 0x000000008b300000|  0%| F|  |TAMS 0x000000008b200000, 0x000000008b200000| Untracked 
| 179|0x000000008b300000, 0x000000008b300000, 0x000000008b400000|  0%| F|  |TAMS 0x000000008b300000, 0x000000008b300000| Untracked 
| 180|0x000000008b400000, 0x000000008b400000, 0x000000008b500000|  0%| F|  |TAMS 0x000000008b400000, 0x000000008b400000| Untracked 
| 181|0x000000008b500000, 0x000000008b500000, 0x000000008b600000|  0%| F|  |TAMS 0x000000008b500000, 0x000000008b500000| Untracked 
| 182|0x000000008b600000, 0x000000008b600000, 0x000000008b700000|  0%| F|  |TAMS 0x000000008b600000, 0x000000008b600000| Untracked 
| 183|0x000000008b700000, 0x000000008b700000, 0x000000008b800000|  0%| F|  |TAMS 0x000000008b700000, 0x000000008b700000| Untracked 
| 184|0x000000008b800000, 0x000000008b800000, 0x000000008b900000|  0%| F|  |TAMS 0x000000008b800000, 0x000000008b800000| Untracked 
| 185|0x000000008b900000, 0x000000008b900000, 0x000000008ba00000|  0%| F|  |TAMS 0x000000008b900000, 0x000000008b900000| Untracked 
| 186|0x000000008ba00000, 0x000000008ba00000, 0x000000008bb00000|  0%| F|  |TAMS 0x000000008ba00000, 0x000000008ba00000| Untracked 
| 187|0x000000008bb00000, 0x000000008bb00000, 0x000000008bc00000|  0%| F|  |TAMS 0x000000008bb00000, 0x000000008bb00000| Untracked 
| 188|0x000000008bc00000, 0x000000008bc00000, 0x000000008bd00000|  0%| F|  |TAMS 0x000000008bc00000, 0x000000008bc00000| Untracked 
| 189|0x000000008bd00000, 0x000000008bd00000, 0x000000008be00000|  0%| F|  |TAMS 0x000000008bd00000, 0x000000008bd00000| Untracked 
| 190|0x000000008be00000, 0x000000008be00000, 0x000000008bf00000|  0%| F|  |TAMS 0x000000008be00000, 0x000000008be00000| Untracked 
| 191|0x000000008bf00000, 0x000000008bf00000, 0x000000008c000000|  0%| F|  |TAMS 0x000000008bf00000, 0x000000008bf00000| Untracked 
| 192|0x000000008c000000, 0x000000008c000000, 0x000000008c100000|  0%| F|  |TAMS 0x000000008c000000, 0x000000008c000000| Untracked 
| 193|0x000000008c100000, 0x000000008c100000, 0x000000008c200000|  0%| F|  |TAMS 0x000000008c100000, 0x000000008c100000| Untracked 
| 194|0x000000008c200000, 0x000000008c200000, 0x000000008c300000|  0%| F|  |TAMS 0x000000008c200000, 0x000000008c200000| Untracked 
| 195|0x000000008c300000, 0x000000008c300000, 0x000000008c400000|  0%| F|  |TAMS 0x000000008c300000, 0x000000008c300000| Untracked 
| 196|0x000000008c400000, 0x000000008c400000, 0x000000008c500000|  0%| F|  |TAMS 0x000000008c400000, 0x000000008c400000| Untracked 
| 197|0x000000008c500000, 0x000000008c500000, 0x000000008c600000|  0%| F|  |TAMS 0x000000008c500000, 0x000000008c500000| Untracked 
| 198|0x000000008c600000, 0x000000008c600000, 0x000000008c700000|  0%| F|  |TAMS 0x000000008c600000, 0x000000008c600000| Untracked 
| 199|0x000000008c700000, 0x000000008c700000, 0x000000008c800000|  0%| F|  |TAMS 0x000000008c700000, 0x000000008c700000| Untracked 
| 200|0x000000008c800000, 0x000000008c800000, 0x000000008c900000|  0%| F|  |TAMS 0x000000008c800000, 0x000000008c800000| Untracked 
| 201|0x000000008c900000, 0x000000008c900000, 0x000000008ca00000|  0%| F|  |TAMS 0x000000008c900000, 0x000000008c900000| Untracked 
| 202|0x000000008ca00000, 0x000000008ca00000, 0x000000008cb00000|  0%| F|  |TAMS 0x000000008ca00000, 0x000000008ca00000| Untracked 
| 203|0x000000008cb00000, 0x000000008cb00000, 0x000000008cc00000|  0%| F|  |TAMS 0x000000008cb00000, 0x000000008cb00000| Untracked 
| 204|0x000000008cc00000, 0x000000008cc00000, 0x000000008cd00000|  0%| F|  |TAMS 0x000000008cc00000, 0x000000008cc00000| Untracked 
| 205|0x000000008cd00000, 0x000000008cd00000, 0x000000008ce00000|  0%| F|  |TAMS 0x000000008cd00000, 0x000000008cd00000| Untracked 
| 206|0x000000008ce00000, 0x000000008ce00000, 0x000000008cf00000|  0%| F|  |TAMS 0x000000008ce00000, 0x000000008ce00000| Untracked 
| 207|0x000000008cf00000, 0x000000008cf00000, 0x000000008d000000|  0%| F|  |TAMS 0x000000008cf00000, 0x000000008cf00000| Untracked 
| 208|0x000000008d000000, 0x000000008d000000, 0x000000008d100000|  0%| F|  |TAMS 0x000000008d000000, 0x000000008d000000| Untracked 
| 209|0x000000008d100000, 0x000000008d100000, 0x000000008d200000|  0%| F|  |TAMS 0x000000008d100000, 0x000000008d100000| Untracked 
| 210|0x000000008d200000, 0x000000008d200000, 0x000000008d300000|  0%| F|  |TAMS 0x000000008d200000, 0x000000008d200000| Untracked 
| 211|0x000000008d300000, 0x000000008d300000, 0x000000008d400000|  0%| F|  |TAMS 0x000000008d300000, 0x000000008d300000| Untracked 
| 212|0x000000008d400000, 0x000000008d400000, 0x000000008d500000|  0%| F|  |TAMS 0x000000008d400000, 0x000000008d400000| Untracked 
| 213|0x000000008d500000, 0x000000008d500000, 0x000000008d600000|  0%| F|  |TAMS 0x000000008d500000, 0x000000008d500000| Untracked 
| 214|0x000000008d600000, 0x000000008d600000, 0x000000008d700000|  0%| F|  |TAMS 0x000000008d600000, 0x000000008d600000| Untracked 
| 215|0x000000008d700000, 0x000000008d700000, 0x000000008d800000|  0%| F|  |TAMS 0x000000008d700000, 0x000000008d700000| Untracked 
| 216|0x000000008d800000, 0x000000008d800000, 0x000000008d900000|  0%| F|  |TAMS 0x000000008d800000, 0x000000008d800000| Untracked 
| 217|0x000000008d900000, 0x000000008d900000, 0x000000008da00000|  0%| F|  |TAMS 0x000000008d900000, 0x000000008d900000| Untracked 
| 218|0x000000008da00000, 0x000000008da00000, 0x000000008db00000|  0%| F|  |TAMS 0x000000008da00000, 0x000000008da00000| Untracked 
| 219|0x000000008db00000, 0x000000008db00000, 0x000000008dc00000|  0%| F|  |TAMS 0x000000008db00000, 0x000000008db00000| Untracked 
| 220|0x000000008dc00000, 0x000000008dc00000, 0x000000008dd00000|  0%| F|  |TAMS 0x000000008dc00000, 0x000000008dc00000| Untracked 
| 221|0x000000008dd00000, 0x000000008dd00000, 0x000000008de00000|  0%| F|  |TAMS 0x000000008dd00000, 0x000000008dd00000| Untracked 
| 222|0x000000008de00000, 0x000000008de00000, 0x000000008df00000|  0%| F|  |TAMS 0x000000008de00000, 0x000000008de00000| Untracked 
| 223|0x000000008df00000, 0x000000008df00000, 0x000000008e000000|  0%| F|  |TAMS 0x000000008df00000, 0x000000008df00000| Untracked 
| 224|0x000000008e000000, 0x000000008e000000, 0x000000008e100000|  0%| F|  |TAMS 0x000000008e000000, 0x000000008e000000| Untracked 
| 225|0x000000008e100000, 0x000000008e100000, 0x000000008e200000|  0%| F|  |TAMS 0x000000008e100000, 0x000000008e100000| Untracked 
| 226|0x000000008e200000, 0x000000008e200000, 0x000000008e300000|  0%| F|  |TAMS 0x000000008e200000, 0x000000008e200000| Untracked 
| 227|0x000000008e300000, 0x000000008e300000, 0x000000008e400000|  0%| F|  |TAMS 0x000000008e300000, 0x000000008e300000| Untracked 
| 228|0x000000008e400000, 0x000000008e400000, 0x000000008e500000|  0%| F|  |TAMS 0x000000008e400000, 0x000000008e400000| Untracked 
| 229|0x000000008e500000, 0x000000008e500000, 0x000000008e600000|  0%| F|  |TAMS 0x000000008e500000, 0x000000008e500000| Untracked 
| 230|0x000000008e600000, 0x000000008e600000, 0x000000008e700000|  0%| F|  |TAMS 0x000000008e600000, 0x000000008e600000| Untracked 
| 231|0x000000008e700000, 0x000000008e700000, 0x000000008e800000|  0%| F|  |TAMS 0x000000008e700000, 0x000000008e700000| Untracked 
| 232|0x000000008e800000, 0x000000008e800000, 0x000000008e900000|  0%| F|  |TAMS 0x000000008e800000, 0x000000008e800000| Untracked 
| 233|0x000000008e900000, 0x000000008e900000, 0x000000008ea00000|  0%| F|  |TAMS 0x000000008e900000, 0x000000008e900000| Untracked 
| 234|0x000000008ea00000, 0x000000008ea00000, 0x000000008eb00000|  0%| F|  |TAMS 0x000000008ea00000, 0x000000008ea00000| Untracked 
| 235|0x000000008eb00000, 0x000000008eb00000, 0x000000008ec00000|  0%| F|  |TAMS 0x000000008eb00000, 0x000000008eb00000| Untracked 
| 236|0x000000008ec00000, 0x000000008ec00000, 0x000000008ed00000|  0%| F|  |TAMS 0x000000008ec00000, 0x000000008ec00000| Untracked 
| 237|0x000000008ed00000, 0x000000008ed00000, 0x000000008ee00000|  0%| F|  |TAMS 0x000000008ed00000, 0x000000008ed00000| Untracked 
| 238|0x000000008ee00000, 0x000000008ee00000, 0x000000008ef00000|  0%| F|  |TAMS 0x000000008ee00000, 0x000000008ee00000| Untracked 
| 239|0x000000008ef00000, 0x000000008ef00000, 0x000000008f000000|  0%| F|  |TAMS 0x000000008ef00000, 0x000000008ef00000| Untracked 
| 240|0x000000008f000000, 0x000000008f000000, 0x000000008f100000|  0%| F|  |TAMS 0x000000008f000000, 0x000000008f000000| Untracked 
| 241|0x000000008f100000, 0x000000008f100000, 0x000000008f200000|  0%| F|  |TAMS 0x000000008f100000, 0x000000008f100000| Untracked 
| 242|0x000000008f200000, 0x000000008f200000, 0x000000008f300000|  0%| F|  |TAMS 0x000000008f200000, 0x000000008f200000| Untracked 
| 243|0x000000008f300000, 0x000000008f300000, 0x000000008f400000|  0%| F|  |TAMS 0x000000008f300000, 0x000000008f300000| Untracked 
| 244|0x000000008f400000, 0x000000008f400000, 0x000000008f500000|  0%| F|  |TAMS 0x000000008f400000, 0x000000008f400000| Untracked 
| 245|0x000000008f500000, 0x000000008f500000, 0x000000008f600000|  0%| F|  |TAMS 0x000000008f500000, 0x000000008f500000| Untracked 
| 246|0x000000008f600000, 0x000000008f600000, 0x000000008f700000|  0%| F|  |TAMS 0x000000008f600000, 0x000000008f600000| Untracked 
| 247|0x000000008f700000, 0x000000008f700000, 0x000000008f800000|  0%| F|  |TAMS 0x000000008f700000, 0x000000008f700000| Untracked 
| 248|0x000000008f800000, 0x000000008f800000, 0x000000008f900000|  0%| F|  |TAMS 0x000000008f800000, 0x000000008f800000| Untracked 
| 249|0x000000008f900000, 0x000000008f900000, 0x000000008fa00000|  0%| F|  |TAMS 0x000000008f900000, 0x000000008f900000| Untracked 
| 250|0x000000008fa00000, 0x000000008fa00000, 0x000000008fb00000|  0%| F|  |TAMS 0x000000008fa00000, 0x000000008fa00000| Untracked 
| 251|0x000000008fb00000, 0x000000008fb00000, 0x000000008fc00000|  0%| F|  |TAMS 0x000000008fb00000, 0x000000008fb00000| Untracked 
| 252|0x000000008fc00000, 0x000000008fc00000, 0x000000008fd00000|  0%| F|  |TAMS 0x000000008fc00000, 0x000000008fc00000| Untracked 
| 253|0x000000008fd00000, 0x000000008fd00000, 0x000000008fe00000|  0%| F|  |TAMS 0x000000008fd00000, 0x000000008fd00000| Untracked 
| 254|0x000000008fe00000, 0x000000008fe00000, 0x000000008ff00000|  0%| F|  |TAMS 0x000000008fe00000, 0x000000008fe00000| Untracked 
| 255|0x000000008ff00000, 0x000000008ff00000, 0x0000000090000000|  0%| F|  |TAMS 0x000000008ff00000, 0x000000008ff00000| Untracked 
| 256|0x0000000090000000, 0x0000000090000000, 0x0000000090100000|  0%| F|  |TAMS 0x0000000090000000, 0x0000000090000000| Untracked 
| 257|0x0000000090100000, 0x0000000090100000, 0x0000000090200000|  0%| F|  |TAMS 0x0000000090100000, 0x0000000090100000| Untracked 
| 258|0x0000000090200000, 0x0000000090200000, 0x0000000090300000|  0%| F|  |TAMS 0x0000000090200000, 0x0000000090200000| Untracked 
| 259|0x0000000090300000, 0x0000000090300000, 0x0000000090400000|  0%| F|  |TAMS 0x0000000090300000, 0x0000000090300000| Untracked 
| 260|0x0000000090400000, 0x0000000090400000, 0x0000000090500000|  0%| F|  |TAMS 0x0000000090400000, 0x0000000090400000| Untracked 
| 261|0x0000000090500000, 0x0000000090500000, 0x0000000090600000|  0%| F|  |TAMS 0x0000000090500000, 0x0000000090500000| Untracked 
| 262|0x0000000090600000, 0x0000000090600000, 0x0000000090700000|  0%| F|  |TAMS 0x0000000090600000, 0x0000000090600000| Untracked 
| 263|0x0000000090700000, 0x0000000090700000, 0x0000000090800000|  0%| F|  |TAMS 0x0000000090700000, 0x0000000090700000| Untracked 
| 264|0x0000000090800000, 0x0000000090800000, 0x0000000090900000|  0%| F|  |TAMS 0x0000000090800000, 0x0000000090800000| Untracked 
| 265|0x0000000090900000, 0x0000000090900000, 0x0000000090a00000|  0%| F|  |TAMS 0x0000000090900000, 0x0000000090900000| Untracked 
| 266|0x0000000090a00000, 0x0000000090a00000, 0x0000000090b00000|  0%| F|  |TAMS 0x0000000090a00000, 0x0000000090a00000| Untracked 
| 267|0x0000000090b00000, 0x0000000090b00000, 0x0000000090c00000|  0%| F|  |TAMS 0x0000000090b00000, 0x0000000090b00000| Untracked 
| 268|0x0000000090c00000, 0x0000000090c80800, 0x0000000090d00000| 50%| E|  |TAMS 0x0000000090c00000, 0x0000000090c00000| Complete 
| 269|0x0000000090d00000, 0x0000000090e00000, 0x0000000090e00000|100%| E|CS|TAMS 0x0000000090d00000, 0x0000000090d00000| Complete 
| 270|0x0000000090e00000, 0x0000000090f00000, 0x0000000090f00000|100%| E|CS|TAMS 0x0000000090e00000, 0x0000000090e00000| Complete 
| 271|0x0000000090f00000, 0x0000000091000000, 0x0000000091000000|100%| E|CS|TAMS 0x0000000090f00000, 0x0000000090f00000| Complete 
| 272|0x0000000091000000, 0x0000000091100000, 0x0000000091100000|100%| E|CS|TAMS 0x0000000091000000, 0x0000000091000000| Complete 
| 273|0x0000000091100000, 0x0000000091200000, 0x0000000091200000|100%| E|CS|TAMS 0x0000000091100000, 0x0000000091100000| Complete 
| 274|0x0000000091200000, 0x0000000091300000, 0x0000000091300000|100%| E|CS|TAMS 0x0000000091200000, 0x0000000091200000| Complete 
| 275|0x0000000091300000, 0x0000000091400000, 0x0000000091400000|100%| E|CS|TAMS 0x0000000091300000, 0x0000000091300000| Complete 
| 276|0x0000000091400000, 0x0000000091500000, 0x0000000091500000|100%| E|CS|TAMS 0x0000000091400000, 0x0000000091400000| Complete 
| 277|0x0000000091500000, 0x0000000091600000, 0x0000000091600000|100%| E|CS|TAMS 0x0000000091500000, 0x0000000091500000| Complete 
| 278|0x0000000091600000, 0x0000000091700000, 0x0000000091700000|100%| E|CS|TAMS 0x0000000091600000, 0x0000000091600000| Complete 
| 279|0x0000000091700000, 0x0000000091800000, 0x0000000091800000|100%| E|CS|TAMS 0x0000000091700000, 0x0000000091700000| Complete 
| 280|0x0000000091800000, 0x000000009183f9b8, 0x0000000091900000| 24%| S|CS|TAMS 0x0000000091800000, 0x0000000091800000| Complete 
| 281|0x0000000091900000, 0x0000000091a00000, 0x0000000091a00000|100%| S|CS|TAMS 0x0000000091900000, 0x0000000091900000| Complete 
| 282|0x0000000091a00000, 0x0000000091b00000, 0x0000000091b00000|100%| S|CS|TAMS 0x0000000091a00000, 0x0000000091a00000| Complete 
| 283|0x0000000091b00000, 0x0000000091c00000, 0x0000000091c00000|100%| S|CS|TAMS 0x0000000091b00000, 0x0000000091b00000| Complete 
| 284|0x0000000091c00000, 0x0000000091d00000, 0x0000000091d00000|100%| S|CS|TAMS 0x0000000091c00000, 0x0000000091c00000| Complete 
| 285|0x0000000091d00000, 0x0000000091e00000, 0x0000000091e00000|100%| S|CS|TAMS 0x0000000091d00000, 0x0000000091d00000| Complete 
| 286|0x0000000091e00000, 0x0000000091f00000, 0x0000000091f00000|100%| S|CS|TAMS 0x0000000091e00000, 0x0000000091e00000| Complete 
| 287|0x0000000091f00000, 0x0000000092000000, 0x0000000092000000|100%| S|CS|TAMS 0x0000000091f00000, 0x0000000091f00000| Complete 
| 288|0x0000000092000000, 0x0000000092100000, 0x0000000092100000|100%| S|CS|TAMS 0x0000000092000000, 0x0000000092000000| Complete 
| 289|0x0000000092100000, 0x0000000092200000, 0x0000000092200000|100%| S|CS|TAMS 0x0000000092100000, 0x0000000092100000| Complete 
| 290|0x0000000092200000, 0x0000000092300000, 0x0000000092300000|100%| S|CS|TAMS 0x0000000092200000, 0x0000000092200000| Complete 
| 291|0x0000000092300000, 0x0000000092400000, 0x0000000092400000|100%| S|CS|TAMS 0x0000000092300000, 0x0000000092300000| Complete 
| 292|0x0000000092400000, 0x0000000092500000, 0x0000000092500000|100%| S|CS|TAMS 0x0000000092400000, 0x0000000092400000| Complete 
| 293|0x0000000092500000, 0x0000000092600000, 0x0000000092600000|100%| S|CS|TAMS 0x0000000092500000, 0x0000000092500000| Complete 
| 294|0x0000000092600000, 0x0000000092700000, 0x0000000092700000|100%| S|CS|TAMS 0x0000000092600000, 0x0000000092600000| Complete 
| 295|0x0000000092700000, 0x0000000092800000, 0x0000000092800000|100%| S|CS|TAMS 0x0000000092700000, 0x0000000092700000| Complete 
| 296|0x0000000092800000, 0x0000000092900000, 0x0000000092900000|100%| S|CS|TAMS 0x0000000092800000, 0x0000000092800000| Complete 
| 297|0x0000000092900000, 0x0000000092a00000, 0x0000000092a00000|100%| S|CS|TAMS 0x0000000092900000, 0x0000000092900000| Complete 
| 298|0x0000000092a00000, 0x0000000092b00000, 0x0000000092b00000|100%| S|CS|TAMS 0x0000000092a00000, 0x0000000092a00000| Complete 
| 299|0x0000000092b00000, 0x0000000092c00000, 0x0000000092c00000|100%| S|CS|TAMS 0x0000000092b00000, 0x0000000092b00000| Complete 
| 300|0x0000000092c00000, 0x0000000092d00000, 0x0000000092d00000|100%| S|CS|TAMS 0x0000000092c00000, 0x0000000092c00000| Complete 
| 301|0x0000000092d00000, 0x0000000092e00000, 0x0000000092e00000|100%| S|CS|TAMS 0x0000000092d00000, 0x0000000092d00000| Complete 
| 302|0x0000000092e00000, 0x0000000092f00000, 0x0000000092f00000|100%| S|CS|TAMS 0x0000000092e00000, 0x0000000092e00000| Complete 
| 303|0x0000000092f00000, 0x0000000093000000, 0x0000000093000000|100%| S|CS|TAMS 0x0000000092f00000, 0x0000000092f00000| Complete 
| 304|0x0000000093000000, 0x0000000093100000, 0x0000000093100000|100%| S|CS|TAMS 0x0000000093000000, 0x0000000093000000| Complete 
| 305|0x0000000093100000, 0x0000000093200000, 0x0000000093200000|100%| S|CS|TAMS 0x0000000093100000, 0x0000000093100000| Complete 
| 306|0x0000000093200000, 0x0000000093300000, 0x0000000093300000|100%| S|CS|TAMS 0x0000000093200000, 0x0000000093200000| Complete 
| 307|0x0000000093300000, 0x0000000093400000, 0x0000000093400000|100%| E|CS|TAMS 0x0000000093300000, 0x0000000093300000| Complete 
| 308|0x0000000093400000, 0x0000000093500000, 0x0000000093500000|100%| E|CS|TAMS 0x0000000093400000, 0x0000000093400000| Complete 
| 309|0x0000000093500000, 0x0000000093600000, 0x0000000093600000|100%| E|CS|TAMS 0x0000000093500000, 0x0000000093500000| Complete 
| 310|0x0000000093600000, 0x0000000093700000, 0x0000000093700000|100%| E|CS|TAMS 0x0000000093600000, 0x0000000093600000| Complete 
| 311|0x0000000093700000, 0x0000000093800000, 0x0000000093800000|100%| E|CS|TAMS 0x0000000093700000, 0x0000000093700000| Complete 
| 312|0x0000000093800000, 0x0000000093900000, 0x0000000093900000|100%| E|CS|TAMS 0x0000000093800000, 0x0000000093800000| Complete 
| 313|0x0000000093900000, 0x0000000093a00000, 0x0000000093a00000|100%| E|CS|TAMS 0x0000000093900000, 0x0000000093900000| Complete 
| 314|0x0000000093a00000, 0x0000000093b00000, 0x0000000093b00000|100%| E|CS|TAMS 0x0000000093a00000, 0x0000000093a00000| Complete 
| 315|0x0000000093b00000, 0x0000000093c00000, 0x0000000093c00000|100%| E|CS|TAMS 0x0000000093b00000, 0x0000000093b00000| Complete 
| 316|0x0000000093c00000, 0x0000000093d00000, 0x0000000093d00000|100%| E|CS|TAMS 0x0000000093c00000, 0x0000000093c00000| Complete 
| 317|0x0000000093d00000, 0x0000000093e00000, 0x0000000093e00000|100%| E|CS|TAMS 0x0000000093d00000, 0x0000000093d00000| Complete 
| 318|0x0000000093e00000, 0x0000000093f00000, 0x0000000093f00000|100%| E|CS|TAMS 0x0000000093e00000, 0x0000000093e00000| Complete 
| 319|0x0000000093f00000, 0x0000000094000000, 0x0000000094000000|100%| E|CS|TAMS 0x0000000093f00000, 0x0000000093f00000| Complete 
| 320|0x0000000094000000, 0x0000000094100000, 0x0000000094100000|100%| E|CS|TAMS 0x0000000094000000, 0x0000000094000000| Complete 
| 321|0x0000000094100000, 0x0000000094200000, 0x0000000094200000|100%| E|CS|TAMS 0x0000000094100000, 0x0000000094100000| Complete 
| 322|0x0000000094200000, 0x0000000094300000, 0x0000000094300000|100%| E|CS|TAMS 0x0000000094200000, 0x0000000094200000| Complete 
| 323|0x0000000094300000, 0x0000000094400000, 0x0000000094400000|100%| E|CS|TAMS 0x0000000094300000, 0x0000000094300000| Complete 
| 324|0x0000000094400000, 0x0000000094500000, 0x0000000094500000|100%| E|CS|TAMS 0x0000000094400000, 0x0000000094400000| Complete 
| 325|0x0000000094500000, 0x0000000094600000, 0x0000000094600000|100%| E|CS|TAMS 0x0000000094500000, 0x0000000094500000| Complete 
| 326|0x0000000094600000, 0x0000000094700000, 0x0000000094700000|100%| E|CS|TAMS 0x0000000094600000, 0x0000000094600000| Complete 
| 327|0x0000000094700000, 0x0000000094800000, 0x0000000094800000|100%| E|CS|TAMS 0x0000000094700000, 0x0000000094700000| Complete 
| 328|0x0000000094800000, 0x0000000094900000, 0x0000000094900000|100%| E|CS|TAMS 0x0000000094800000, 0x0000000094800000| Complete 
| 329|0x0000000094900000, 0x0000000094a00000, 0x0000000094a00000|100%| E|CS|TAMS 0x0000000094900000, 0x0000000094900000| Complete 
| 330|0x0000000094a00000, 0x0000000094b00000, 0x0000000094b00000|100%| E|CS|TAMS 0x0000000094a00000, 0x0000000094a00000| Complete 
| 331|0x0000000094b00000, 0x0000000094c00000, 0x0000000094c00000|100%| E|CS|TAMS 0x0000000094b00000, 0x0000000094b00000| Complete 
| 332|0x0000000094c00000, 0x0000000094d00000, 0x0000000094d00000|100%| E|CS|TAMS 0x0000000094c00000, 0x0000000094c00000| Complete 
| 333|0x0000000094d00000, 0x0000000094e00000, 0x0000000094e00000|100%| E|CS|TAMS 0x0000000094d00000, 0x0000000094d00000| Complete 
| 334|0x0000000094e00000, 0x0000000094f00000, 0x0000000094f00000|100%| E|CS|TAMS 0x0000000094e00000, 0x0000000094e00000| Complete 
| 335|0x0000000094f00000, 0x0000000095000000, 0x0000000095000000|100%| E|CS|TAMS 0x0000000094f00000, 0x0000000094f00000| Complete 
| 336|0x0000000095000000, 0x0000000095100000, 0x0000000095100000|100%| E|CS|TAMS 0x0000000095000000, 0x0000000095000000| Complete 
| 337|0x0000000095100000, 0x0000000095200000, 0x0000000095200000|100%| E|CS|TAMS 0x0000000095100000, 0x0000000095100000| Complete 
| 338|0x0000000095200000, 0x0000000095300000, 0x0000000095300000|100%| E|CS|TAMS 0x0000000095200000, 0x0000000095200000| Complete 
| 339|0x0000000095300000, 0x0000000095400000, 0x0000000095400000|100%| E|CS|TAMS 0x0000000095300000, 0x0000000095300000| Complete 
| 340|0x0000000095400000, 0x0000000095500000, 0x0000000095500000|100%| E|CS|TAMS 0x0000000095400000, 0x0000000095400000| Complete 
| 341|0x0000000095500000, 0x0000000095600000, 0x0000000095600000|100%| E|CS|TAMS 0x0000000095500000, 0x0000000095500000| Complete 
| 342|0x0000000095600000, 0x0000000095700000, 0x0000000095700000|100%| E|CS|TAMS 0x0000000095600000, 0x0000000095600000| Complete 
| 343|0x0000000095700000, 0x0000000095800000, 0x0000000095800000|100%| E|CS|TAMS 0x0000000095700000, 0x0000000095700000| Complete 
| 344|0x0000000095800000, 0x0000000095900000, 0x0000000095900000|100%| E|CS|TAMS 0x0000000095800000, 0x0000000095800000| Complete 
| 345|0x0000000095900000, 0x0000000095a00000, 0x0000000095a00000|100%| E|CS|TAMS 0x0000000095900000, 0x0000000095900000| Complete 
| 346|0x0000000095a00000, 0x0000000095b00000, 0x0000000095b00000|100%| E|CS|TAMS 0x0000000095a00000, 0x0000000095a00000| Complete 
| 347|0x0000000095b00000, 0x0000000095c00000, 0x0000000095c00000|100%| E|CS|TAMS 0x0000000095b00000, 0x0000000095b00000| Complete 
| 348|0x0000000095c00000, 0x0000000095d00000, 0x0000000095d00000|100%| E|CS|TAMS 0x0000000095c00000, 0x0000000095c00000| Complete 
| 349|0x0000000095d00000, 0x0000000095e00000, 0x0000000095e00000|100%| E|CS|TAMS 0x0000000095d00000, 0x0000000095d00000| Complete 
| 350|0x0000000095e00000, 0x0000000095f00000, 0x0000000095f00000|100%| E|CS|TAMS 0x0000000095e00000, 0x0000000095e00000| Complete 
| 351|0x0000000095f00000, 0x0000000096000000, 0x0000000096000000|100%| E|CS|TAMS 0x0000000095f00000, 0x0000000095f00000| Complete 
| 352|0x0000000096000000, 0x0000000096100000, 0x0000000096100000|100%| E|CS|TAMS 0x0000000096000000, 0x0000000096000000| Complete 
| 353|0x0000000096100000, 0x0000000096200000, 0x0000000096200000|100%| E|CS|TAMS 0x0000000096100000, 0x0000000096100000| Complete 
| 354|0x0000000096200000, 0x0000000096300000, 0x0000000096300000|100%| E|CS|TAMS 0x0000000096200000, 0x0000000096200000| Complete 
| 355|0x0000000096300000, 0x0000000096400000, 0x0000000096400000|100%| E|CS|TAMS 0x0000000096300000, 0x0000000096300000| Complete 
| 356|0x0000000096400000, 0x0000000096500000, 0x0000000096500000|100%| E|CS|TAMS 0x0000000096400000, 0x0000000096400000| Complete 
| 357|0x0000000096500000, 0x0000000096600000, 0x0000000096600000|100%| E|CS|TAMS 0x0000000096500000, 0x0000000096500000| Complete 
| 358|0x0000000096600000, 0x0000000096700000, 0x0000000096700000|100%| E|CS|TAMS 0x0000000096600000, 0x0000000096600000| Complete 
| 359|0x0000000096700000, 0x0000000096800000, 0x0000000096800000|100%| E|CS|TAMS 0x0000000096700000, 0x0000000096700000| Complete 
| 360|0x0000000096800000, 0x0000000096900000, 0x0000000096900000|100%| E|CS|TAMS 0x0000000096800000, 0x0000000096800000| Complete 
| 361|0x0000000096900000, 0x0000000096a00000, 0x0000000096a00000|100%| E|CS|TAMS 0x0000000096900000, 0x0000000096900000| Complete 
| 362|0x0000000096a00000, 0x0000000096b00000, 0x0000000096b00000|100%| E|CS|TAMS 0x0000000096a00000, 0x0000000096a00000| Complete 
| 363|0x0000000096b00000, 0x0000000096c00000, 0x0000000096c00000|100%| E|CS|TAMS 0x0000000096b00000, 0x0000000096b00000| Complete 
| 364|0x0000000096c00000, 0x0000000096d00000, 0x0000000096d00000|100%| E|CS|TAMS 0x0000000096c00000, 0x0000000096c00000| Complete 
| 365|0x0000000096d00000, 0x0000000096e00000, 0x0000000096e00000|100%| E|CS|TAMS 0x0000000096d00000, 0x0000000096d00000| Complete 
| 366|0x0000000096e00000, 0x0000000096f00000, 0x0000000096f00000|100%| E|CS|TAMS 0x0000000096e00000, 0x0000000096e00000| Complete 
| 367|0x0000000096f00000, 0x0000000097000000, 0x0000000097000000|100%| E|CS|TAMS 0x0000000096f00000, 0x0000000096f00000| Complete 
| 368|0x0000000097000000, 0x0000000097100000, 0x0000000097100000|100%| E|CS|TAMS 0x0000000097000000, 0x0000000097000000| Complete 
| 369|0x0000000097100000, 0x0000000097200000, 0x0000000097200000|100%| E|CS|TAMS 0x0000000097100000, 0x0000000097100000| Complete 
| 370|0x0000000097200000, 0x0000000097300000, 0x0000000097300000|100%| E|CS|TAMS 0x0000000097200000, 0x0000000097200000| Complete 
| 371|0x0000000097300000, 0x0000000097400000, 0x0000000097400000|100%| E|CS|TAMS 0x0000000097300000, 0x0000000097300000| Complete 
| 372|0x0000000097400000, 0x0000000097500000, 0x0000000097500000|100%| E|CS|TAMS 0x0000000097400000, 0x0000000097400000| Complete 
| 373|0x0000000097500000, 0x0000000097600000, 0x0000000097600000|100%| E|CS|TAMS 0x0000000097500000, 0x0000000097500000| Complete 
| 374|0x0000000097600000, 0x0000000097700000, 0x0000000097700000|100%| E|CS|TAMS 0x0000000097600000, 0x0000000097600000| Complete 
| 375|0x0000000097700000, 0x0000000097800000, 0x0000000097800000|100%| E|CS|TAMS 0x0000000097700000, 0x0000000097700000| Complete 
| 376|0x0000000097800000, 0x0000000097900000, 0x0000000097900000|100%| E|CS|TAMS 0x0000000097800000, 0x0000000097800000| Complete 
| 377|0x0000000097900000, 0x0000000097a00000, 0x0000000097a00000|100%| E|CS|TAMS 0x0000000097900000, 0x0000000097900000| Complete 
| 378|0x0000000097a00000, 0x0000000097b00000, 0x0000000097b00000|100%| E|CS|TAMS 0x0000000097a00000, 0x0000000097a00000| Complete 
| 379|0x0000000097b00000, 0x0000000097c00000, 0x0000000097c00000|100%| E|CS|TAMS 0x0000000097b00000, 0x0000000097b00000| Complete 
| 380|0x0000000097c00000, 0x0000000097d00000, 0x0000000097d00000|100%| E|CS|TAMS 0x0000000097c00000, 0x0000000097c00000| Complete 
| 381|0x0000000097d00000, 0x0000000097e00000, 0x0000000097e00000|100%| E|CS|TAMS 0x0000000097d00000, 0x0000000097d00000| Complete 
| 382|0x0000000097e00000, 0x0000000097f00000, 0x0000000097f00000|100%| E|CS|TAMS 0x0000000097e00000, 0x0000000097e00000| Complete 
| 383|0x0000000097f00000, 0x0000000098000000, 0x0000000098000000|100%| E|CS|TAMS 0x0000000097f00000, 0x0000000097f00000| Complete 
| 384|0x0000000098000000, 0x0000000098100000, 0x0000000098100000|100%| E|CS|TAMS 0x0000000098000000, 0x0000000098000000| Complete 
| 385|0x0000000098100000, 0x0000000098200000, 0x0000000098200000|100%| E|CS|TAMS 0x0000000098100000, 0x0000000098100000| Complete 
| 386|0x0000000098200000, 0x0000000098300000, 0x0000000098300000|100%| E|CS|TAMS 0x0000000098200000, 0x0000000098200000| Complete 
| 387|0x0000000098300000, 0x0000000098400000, 0x0000000098400000|100%| E|CS|TAMS 0x0000000098300000, 0x0000000098300000| Complete 
| 388|0x0000000098400000, 0x0000000098500000, 0x0000000098500000|100%| E|CS|TAMS 0x0000000098400000, 0x0000000098400000| Complete 
| 389|0x0000000098500000, 0x0000000098600000, 0x0000000098600000|100%| E|CS|TAMS 0x0000000098500000, 0x0000000098500000| Complete 
| 390|0x0000000098600000, 0x0000000098700000, 0x0000000098700000|100%| E|CS|TAMS 0x0000000098600000, 0x0000000098600000| Complete 
| 391|0x0000000098700000, 0x0000000098800000, 0x0000000098800000|100%| E|CS|TAMS 0x0000000098700000, 0x0000000098700000| Complete 
| 392|0x0000000098800000, 0x0000000098900000, 0x0000000098900000|100%| E|CS|TAMS 0x0000000098800000, 0x0000000098800000| Complete 
| 393|0x0000000098900000, 0x0000000098a00000, 0x0000000098a00000|100%| E|CS|TAMS 0x0000000098900000, 0x0000000098900000| Complete 
| 394|0x0000000098a00000, 0x0000000098b00000, 0x0000000098b00000|100%| E|CS|TAMS 0x0000000098a00000, 0x0000000098a00000| Complete 
| 395|0x0000000098b00000, 0x0000000098c00000, 0x0000000098c00000|100%| E|CS|TAMS 0x0000000098b00000, 0x0000000098b00000| Complete 
| 396|0x0000000098c00000, 0x0000000098d00000, 0x0000000098d00000|100%| E|CS|TAMS 0x0000000098c00000, 0x0000000098c00000| Complete 
| 397|0x0000000098d00000, 0x0000000098e00000, 0x0000000098e00000|100%| E|CS|TAMS 0x0000000098d00000, 0x0000000098d00000| Complete 
| 398|0x0000000098e00000, 0x0000000098f00000, 0x0000000098f00000|100%| E|CS|TAMS 0x0000000098e00000, 0x0000000098e00000| Complete 
| 399|0x0000000098f00000, 0x0000000099000000, 0x0000000099000000|100%| E|CS|TAMS 0x0000000098f00000, 0x0000000098f00000| Complete 
| 400|0x0000000099000000, 0x0000000099100000, 0x0000000099100000|100%| E|CS|TAMS 0x0000000099000000, 0x0000000099000000| Complete 
| 401|0x0000000099100000, 0x0000000099200000, 0x0000000099200000|100%| E|CS|TAMS 0x0000000099100000, 0x0000000099100000| Complete 
| 402|0x0000000099200000, 0x0000000099300000, 0x0000000099300000|100%| E|CS|TAMS 0x0000000099200000, 0x0000000099200000| Complete 
| 403|0x0000000099300000, 0x0000000099400000, 0x0000000099400000|100%| E|CS|TAMS 0x0000000099300000, 0x0000000099300000| Complete 
| 404|0x0000000099400000, 0x0000000099500000, 0x0000000099500000|100%| E|CS|TAMS 0x0000000099400000, 0x0000000099400000| Complete 
| 405|0x0000000099500000, 0x0000000099600000, 0x0000000099600000|100%| E|CS|TAMS 0x0000000099500000, 0x0000000099500000| Complete 
| 406|0x0000000099600000, 0x0000000099700000, 0x0000000099700000|100%| E|CS|TAMS 0x0000000099600000, 0x0000000099600000| Complete 
| 407|0x0000000099700000, 0x0000000099800000, 0x0000000099800000|100%| E|CS|TAMS 0x0000000099700000, 0x0000000099700000| Complete 
| 408|0x0000000099800000, 0x0000000099900000, 0x0000000099900000|100%| E|CS|TAMS 0x0000000099800000, 0x0000000099800000| Complete 
| 409|0x0000000099900000, 0x0000000099a00000, 0x0000000099a00000|100%| E|CS|TAMS 0x0000000099900000, 0x0000000099900000| Complete 
| 410|0x0000000099a00000, 0x0000000099b00000, 0x0000000099b00000|100%| E|CS|TAMS 0x0000000099a00000, 0x0000000099a00000| Complete 
| 411|0x0000000099b00000, 0x0000000099c00000, 0x0000000099c00000|100%| E|CS|TAMS 0x0000000099b00000, 0x0000000099b00000| Complete 
| 412|0x0000000099c00000, 0x0000000099d00000, 0x0000000099d00000|100%| E|CS|TAMS 0x0000000099c00000, 0x0000000099c00000| Complete 
| 413|0x0000000099d00000, 0x0000000099e00000, 0x0000000099e00000|100%| E|CS|TAMS 0x0000000099d00000, 0x0000000099d00000| Complete 
| 414|0x0000000099e00000, 0x0000000099f00000, 0x0000000099f00000|100%| E|CS|TAMS 0x0000000099e00000, 0x0000000099e00000| Complete 
| 415|0x0000000099f00000, 0x000000009a000000, 0x000000009a000000|100%| E|CS|TAMS 0x0000000099f00000, 0x0000000099f00000| Complete 
| 416|0x000000009a000000, 0x000000009a100000, 0x000000009a100000|100%| E|CS|TAMS 0x000000009a000000, 0x000000009a000000| Complete 
| 417|0x000000009a100000, 0x000000009a200000, 0x000000009a200000|100%| E|CS|TAMS 0x000000009a100000, 0x000000009a100000| Complete 
| 418|0x000000009a200000, 0x000000009a300000, 0x000000009a300000|100%| E|CS|TAMS 0x000000009a200000, 0x000000009a200000| Complete 
| 419|0x000000009a300000, 0x000000009a400000, 0x000000009a400000|100%| E|CS|TAMS 0x000000009a300000, 0x000000009a300000| Complete 
| 420|0x000000009a400000, 0x000000009a500000, 0x000000009a500000|100%| E|CS|TAMS 0x000000009a400000, 0x000000009a400000| Complete 
| 421|0x000000009a500000, 0x000000009a600000, 0x000000009a600000|100%| E|CS|TAMS 0x000000009a500000, 0x000000009a500000| Complete 
| 422|0x000000009a600000, 0x000000009a700000, 0x000000009a700000|100%| E|CS|TAMS 0x000000009a600000, 0x000000009a600000| Complete 
| 423|0x000000009a700000, 0x000000009a800000, 0x000000009a800000|100%| E|CS|TAMS 0x000000009a700000, 0x000000009a700000| Complete 
| 424|0x000000009a800000, 0x000000009a900000, 0x000000009a900000|100%| E|CS|TAMS 0x000000009a800000, 0x000000009a800000| Complete 
| 425|0x000000009a900000, 0x000000009aa00000, 0x000000009aa00000|100%| E|CS|TAMS 0x000000009a900000, 0x000000009a900000| Complete 
| 426|0x000000009aa00000, 0x000000009ab00000, 0x000000009ab00000|100%| E|CS|TAMS 0x000000009aa00000, 0x000000009aa00000| Complete 
| 427|0x000000009ab00000, 0x000000009ac00000, 0x000000009ac00000|100%| E|CS|TAMS 0x000000009ab00000, 0x000000009ab00000| Complete 
| 428|0x000000009ac00000, 0x000000009ad00000, 0x000000009ad00000|100%| E|CS|TAMS 0x000000009ac00000, 0x000000009ac00000| Complete 
| 429|0x000000009ad00000, 0x000000009ae00000, 0x000000009ae00000|100%| E|CS|TAMS 0x000000009ad00000, 0x000000009ad00000| Complete 
| 430|0x000000009ae00000, 0x000000009af00000, 0x000000009af00000|100%| E|CS|TAMS 0x000000009ae00000, 0x000000009ae00000| Complete 
| 431|0x000000009af00000, 0x000000009b000000, 0x000000009b000000|100%| E|CS|TAMS 0x000000009af00000, 0x000000009af00000| Complete 
| 432|0x000000009b000000, 0x000000009b100000, 0x000000009b100000|100%| E|CS|TAMS 0x000000009b000000, 0x000000009b000000| Complete 
| 433|0x000000009b100000, 0x000000009b200000, 0x000000009b200000|100%| E|CS|TAMS 0x000000009b100000, 0x000000009b100000| Complete 
| 434|0x000000009b200000, 0x000000009b300000, 0x000000009b300000|100%| E|CS|TAMS 0x000000009b200000, 0x000000009b200000| Complete 
| 435|0x000000009b300000, 0x000000009b400000, 0x000000009b400000|100%| E|CS|TAMS 0x000000009b300000, 0x000000009b300000| Complete 
| 436|0x000000009b400000, 0x000000009b500000, 0x000000009b500000|100%| E|CS|TAMS 0x000000009b400000, 0x000000009b400000| Complete 
| 437|0x000000009b500000, 0x000000009b600000, 0x000000009b600000|100%| E|CS|TAMS 0x000000009b500000, 0x000000009b500000| Complete 
| 438|0x000000009b600000, 0x000000009b700000, 0x000000009b700000|100%| E|CS|TAMS 0x000000009b600000, 0x000000009b600000| Complete 
| 439|0x000000009b700000, 0x000000009b800000, 0x000000009b800000|100%| E|CS|TAMS 0x000000009b700000, 0x000000009b700000| Complete 
| 440|0x000000009b800000, 0x000000009b900000, 0x000000009b900000|100%| E|CS|TAMS 0x000000009b800000, 0x000000009b800000| Complete 
| 441|0x000000009b900000, 0x000000009ba00000, 0x000000009ba00000|100%| E|CS|TAMS 0x000000009b900000, 0x000000009b900000| Complete 
| 442|0x000000009ba00000, 0x000000009bb00000, 0x000000009bb00000|100%| E|CS|TAMS 0x000000009ba00000, 0x000000009ba00000| Complete 
| 443|0x000000009bb00000, 0x000000009bc00000, 0x000000009bc00000|100%| E|CS|TAMS 0x000000009bb00000, 0x000000009bb00000| Complete 
| 444|0x000000009bc00000, 0x000000009bd00000, 0x000000009bd00000|100%| E|CS|TAMS 0x000000009bc00000, 0x000000009bc00000| Complete 
| 445|0x000000009bd00000, 0x000000009be00000, 0x000000009be00000|100%| E|  |TAMS 0x000000009bd00000, 0x000000009bd00000| Complete 
| 446|0x000000009be00000, 0x000000009bf00000, 0x000000009bf00000|100%| E|CS|TAMS 0x000000009be00000, 0x000000009be00000| Complete 
| 447|0x000000009bf00000, 0x000000009c000000, 0x000000009c000000|100%| E|CS|TAMS 0x000000009bf00000, 0x000000009bf00000| Complete 
| 448|0x000000009c000000, 0x000000009c100000, 0x000000009c100000|100%| E|CS|TAMS 0x000000009c000000, 0x000000009c000000| Complete 
| 449|0x000000009c100000, 0x000000009c200000, 0x000000009c200000|100%| E|CS|TAMS 0x000000009c100000, 0x000000009c100000| Complete 
| 450|0x000000009c200000, 0x000000009c300000, 0x000000009c300000|100%| E|CS|TAMS 0x000000009c200000, 0x000000009c200000| Complete 
| 451|0x000000009c300000, 0x000000009c400000, 0x000000009c400000|100%| E|CS|TAMS 0x000000009c300000, 0x000000009c300000| Complete 
| 452|0x000000009c400000, 0x000000009c500000, 0x000000009c500000|100%| E|CS|TAMS 0x000000009c400000, 0x000000009c400000| Complete 
| 453|0x000000009c500000, 0x000000009c600000, 0x000000009c600000|100%| E|CS|TAMS 0x000000009c500000, 0x000000009c500000| Complete 
| 454|0x000000009c600000, 0x000000009c700000, 0x000000009c700000|100%| E|CS|TAMS 0x000000009c600000, 0x000000009c600000| Complete 
| 455|0x000000009c700000, 0x000000009c800000, 0x000000009c800000|100%| E|CS|TAMS 0x000000009c700000, 0x000000009c700000| Complete 
| 456|0x000000009c800000, 0x000000009c900000, 0x000000009c900000|100%| E|CS|TAMS 0x000000009c800000, 0x000000009c800000| Complete 
| 457|0x000000009c900000, 0x000000009ca00000, 0x000000009ca00000|100%| E|CS|TAMS 0x000000009c900000, 0x000000009c900000| Complete 
| 458|0x000000009ca00000, 0x000000009cb00000, 0x000000009cb00000|100%| E|CS|TAMS 0x000000009ca00000, 0x000000009ca00000| Complete 
| 459|0x000000009cb00000, 0x000000009cc00000, 0x000000009cc00000|100%| E|CS|TAMS 0x000000009cb00000, 0x000000009cb00000| Complete 
| 460|0x000000009cc00000, 0x000000009cd00000, 0x000000009cd00000|100%| E|CS|TAMS 0x000000009cc00000, 0x000000009cc00000| Complete 
| 461|0x000000009cd00000, 0x000000009ce00000, 0x000000009ce00000|100%| E|CS|TAMS 0x000000009cd00000, 0x000000009cd00000| Complete 
| 462|0x000000009ce00000, 0x000000009cf00000, 0x000000009cf00000|100%| E|CS|TAMS 0x000000009ce00000, 0x000000009ce00000| Complete 
| 463|0x000000009cf00000, 0x000000009d000000, 0x000000009d000000|100%| E|CS|TAMS 0x000000009cf00000, 0x000000009cf00000| Complete 
| 464|0x000000009d000000, 0x000000009d100000, 0x000000009d100000|100%| E|CS|TAMS 0x000000009d000000, 0x000000009d000000| Complete 
| 465|0x000000009d100000, 0x000000009d200000, 0x000000009d200000|100%| E|CS|TAMS 0x000000009d100000, 0x000000009d100000| Complete 
| 466|0x000000009d200000, 0x000000009d300000, 0x000000009d300000|100%| E|CS|TAMS 0x000000009d200000, 0x000000009d200000| Complete 
| 467|0x000000009d300000, 0x000000009d400000, 0x000000009d400000|100%| E|CS|TAMS 0x000000009d300000, 0x000000009d300000| Complete 
| 468|0x000000009d400000, 0x000000009d500000, 0x000000009d500000|100%| E|CS|TAMS 0x000000009d400000, 0x000000009d400000| Complete 
| 469|0x000000009d500000, 0x000000009d600000, 0x000000009d600000|100%| E|CS|TAMS 0x000000009d500000, 0x000000009d500000| Complete 
| 470|0x000000009d600000, 0x000000009d700000, 0x000000009d700000|100%| E|CS|TAMS 0x000000009d600000, 0x000000009d600000| Complete 
| 471|0x000000009d700000, 0x000000009d800000, 0x000000009d800000|100%| E|CS|TAMS 0x000000009d700000, 0x000000009d700000| Complete 
| 472|0x000000009d800000, 0x000000009d900000, 0x000000009d900000|100%| E|CS|TAMS 0x000000009d800000, 0x000000009d800000| Complete 
| 473|0x000000009d900000, 0x000000009da00000, 0x000000009da00000|100%| E|CS|TAMS 0x000000009d900000, 0x000000009d900000| Complete 
| 474|0x000000009da00000, 0x000000009db00000, 0x000000009db00000|100%| E|CS|TAMS 0x000000009da00000, 0x000000009da00000| Complete 
| 475|0x000000009db00000, 0x000000009dc00000, 0x000000009dc00000|100%| E|CS|TAMS 0x000000009db00000, 0x000000009db00000| Complete 
| 476|0x000000009dc00000, 0x000000009dd00000, 0x000000009dd00000|100%| E|CS|TAMS 0x000000009dc00000, 0x000000009dc00000| Complete 
| 477|0x000000009dd00000, 0x000000009de00000, 0x000000009de00000|100%| E|CS|TAMS 0x000000009dd00000, 0x000000009dd00000| Complete 
| 478|0x000000009de00000, 0x000000009df00000, 0x000000009df00000|100%| E|CS|TAMS 0x000000009de00000, 0x000000009de00000| Complete 
| 479|0x000000009df00000, 0x000000009e000000, 0x000000009e000000|100%| E|CS|TAMS 0x000000009df00000, 0x000000009df00000| Complete 
| 480|0x000000009e000000, 0x000000009e100000, 0x000000009e100000|100%| E|CS|TAMS 0x000000009e000000, 0x000000009e000000| Complete 
| 481|0x000000009e100000, 0x000000009e200000, 0x000000009e200000|100%| E|CS|TAMS 0x000000009e100000, 0x000000009e100000| Complete 
| 482|0x000000009e200000, 0x000000009e300000, 0x000000009e300000|100%| E|CS|TAMS 0x000000009e200000, 0x000000009e200000| Complete 
| 483|0x000000009e300000, 0x000000009e400000, 0x000000009e400000|100%| E|CS|TAMS 0x000000009e300000, 0x000000009e300000| Complete 
| 484|0x000000009e400000, 0x000000009e500000, 0x000000009e500000|100%| E|CS|TAMS 0x000000009e400000, 0x000000009e400000| Complete 
| 485|0x000000009e500000, 0x000000009e600000, 0x000000009e600000|100%| E|CS|TAMS 0x000000009e500000, 0x000000009e500000| Complete 
| 486|0x000000009e600000, 0x000000009e700000, 0x000000009e700000|100%| E|CS|TAMS 0x000000009e600000, 0x000000009e600000| Complete 
| 487|0x000000009e700000, 0x000000009e800000, 0x000000009e800000|100%| E|CS|TAMS 0x000000009e700000, 0x000000009e700000| Complete 
| 488|0x000000009e800000, 0x000000009e900000, 0x000000009e900000|100%| E|CS|TAMS 0x000000009e800000, 0x000000009e800000| Complete 
| 489|0x000000009e900000, 0x000000009ea00000, 0x000000009ea00000|100%| E|CS|TAMS 0x000000009e900000, 0x000000009e900000| Complete 
| 490|0x000000009ea00000, 0x000000009eb00000, 0x000000009eb00000|100%| E|CS|TAMS 0x000000009ea00000, 0x000000009ea00000| Complete 
| 491|0x000000009eb00000, 0x000000009ec00000, 0x000000009ec00000|100%| E|CS|TAMS 0x000000009eb00000, 0x000000009eb00000| Complete 
| 492|0x000000009ec00000, 0x000000009ed00000, 0x000000009ed00000|100%| E|CS|TAMS 0x000000009ec00000, 0x000000009ec00000| Complete 
| 493|0x000000009ed00000, 0x000000009ee00000, 0x000000009ee00000|100%| E|CS|TAMS 0x000000009ed00000, 0x000000009ed00000| Complete 
| 494|0x000000009ee00000, 0x000000009ef00000, 0x000000009ef00000|100%| E|CS|TAMS 0x000000009ee00000, 0x000000009ee00000| Complete 
| 495|0x000000009ef00000, 0x000000009f000000, 0x000000009f000000|100%| E|CS|TAMS 0x000000009ef00000, 0x000000009ef00000| Complete 
| 496|0x000000009f000000, 0x000000009f100000, 0x000000009f100000|100%| E|CS|TAMS 0x000000009f000000, 0x000000009f000000| Complete 
| 497|0x000000009f100000, 0x000000009f200000, 0x000000009f200000|100%| E|CS|TAMS 0x000000009f100000, 0x000000009f100000| Complete 
| 498|0x000000009f200000, 0x000000009f300000, 0x000000009f300000|100%| E|CS|TAMS 0x000000009f200000, 0x000000009f200000| Complete 
| 499|0x000000009f300000, 0x000000009f400000, 0x000000009f400000|100%| E|CS|TAMS 0x000000009f300000, 0x000000009f300000| Complete 
| 500|0x000000009f400000, 0x000000009f500000, 0x000000009f500000|100%| E|CS|TAMS 0x000000009f400000, 0x000000009f400000| Complete 
| 501|0x000000009f500000, 0x000000009f600000, 0x000000009f600000|100%| E|CS|TAMS 0x000000009f500000, 0x000000009f500000| Complete 
| 502|0x000000009f600000, 0x000000009f700000, 0x000000009f700000|100%| E|CS|TAMS 0x000000009f600000, 0x000000009f600000| Complete 
| 503|0x000000009f700000, 0x000000009f800000, 0x000000009f800000|100%| E|CS|TAMS 0x000000009f700000, 0x000000009f700000| Complete 
| 504|0x000000009f800000, 0x000000009f900000, 0x000000009f900000|100%| E|CS|TAMS 0x000000009f800000, 0x000000009f800000| Complete 
| 505|0x000000009f900000, 0x000000009fa00000, 0x000000009fa00000|100%| E|CS|TAMS 0x000000009f900000, 0x000000009f900000| Complete 
| 506|0x000000009fa00000, 0x000000009fb00000, 0x000000009fb00000|100%| E|CS|TAMS 0x000000009fa00000, 0x000000009fa00000| Complete 
| 507|0x000000009fb00000, 0x000000009fc00000, 0x000000009fc00000|100%| E|CS|TAMS 0x000000009fb00000, 0x000000009fb00000| Complete 

Card table byte_map: [0x000001227f0f0000,0x000001227f4f0000] _byte_map_base: 0x000001227ecf0000

Marking Bits (Prev, Next): (CMBitMap*) 0x000001227a7abc00, (CMBitMap*) 0x000001227a7abbc8
 Prev Bits: [0x0000012211000000, 0x0000012213000000)
 Next Bits: [0x000001220f000000, 0x0000012211000000)

Polling page: 0x0000012278f80000

Metaspace:

Usage:
  Non-class:     65.63 MB capacity,    64.48 MB ( 98%) used,   991.85 KB (  1%) free+waste,   190.25 KB ( <1%) overhead. 
      Class:     10.25 MB capacity,     9.62 MB ( 94%) used,   552.70 KB (  5%) free+waste,    88.31 KB ( <1%) overhead. 
       Both:     75.88 MB capacity,    74.10 MB ( 98%) used,     1.51 MB (  2%) free+waste,   278.56 KB ( <1%) overhead. 

Virtual space:
  Non-class space:       66.00 MB reserved,      65.75 MB (>99%) committed 
      Class space:        1.00 GB reserved,      10.32 MB (  1%) committed 
             Both:        1.06 GB reserved,      76.07 MB (  7%) committed 

Chunk freelists:
   Non-Class:  59.00 KB
       Class:  0 bytes
        Both:  59.00 KB

MaxMetaspaceSize: 17179869184.00 GB
CompressedClassSpaceSize: 1.00 GB
Initial GC threshold: 20.80 MB
Current GC threshold: 98.67 MB
CDS: off

CodeHeap 'non-profiled nmethods': size=120000Kb used=4809Kb max_used=4809Kb free=115191Kb
 bounds [0x0000012207ad0000, 0x0000012207f90000, 0x000001220f000000]
CodeHeap 'profiled nmethods': size=120000Kb used=15802Kb max_used=15802Kb free=104197Kb
 bounds [0x00000122005a0000, 0x0000012201510000, 0x0000012207ad0000]
CodeHeap 'non-nmethods': size=5760Kb used=2365Kb max_used=2412Kb free=3394Kb
 bounds [0x0000012200000000, 0x0000012200270000, 0x00000122005a0000]
 total_blobs=8262 nmethods=7397 adapters=777
 compilation: enabled
              stopped_count=0, restarted_count=0
 full_count=0

Compilation events (20 events):
Event: 9.316 Thread 0x0000012215d98800 nmethod 7341 0x00000122014dba10 code [0x00000122014dbc00, 0x00000122014dc1c8]
Event: 9.317 Thread 0x0000012215d98800 7342   !   3       org.gradle.api.internal.plugins.DefaultPluginRegistry::uncheckedGet (17 bytes)
Event: 9.317 Thread 0x0000012215d98800 nmethod 7342 0x00000122014dc310 code [0x00000122014dc500, 0x00000122014dc808]
Event: 9.317 Thread 0x0000012215d98800 7343       3       java.util.zip.ZipFile$Source$Key::equals (80 bytes)
Event: 9.317 Thread 0x0000012215d98800 nmethod 7343 0x00000122014dc990 code [0x00000122014dcc40, 0x00000122014dda88]
Event: 9.317 Thread 0x0000012215d98800 7344       3       java.nio.file.attribute.FileTime::compareTo (154 bytes)
Event: 9.319 Thread 0x0000012215d98800 nmethod 7344 0x00000122014dde10 code [0x00000122014de180, 0x00000122014df538]
Event: 9.319 Thread 0x0000012215d98800 7345       3       java.util.Properties::<init> (8 bytes)
Event: 9.319 Thread 0x0000012215d98800 nmethod 7345 0x00000122014dfb90 code [0x00000122014dfda0, 0x00000122014e0248]
Event: 9.321 Thread 0x0000012215d98800 7346       2       sun.reflect.generics.parser.SignatureParser::parseClassTypeSignature (118 bytes)
Event: 9.322 Thread 0x0000012215d98800 nmethod 7346 0x00000122014e0410 code [0x00000122014e0720, 0x00000122014e11b8]
Event: 9.322 Thread 0x0000012215d98800 7347       2       sun.reflect.generics.parser.SignatureParser::parseClassTypeSignatureSuffix (29 bytes)
Event: 9.322 Thread 0x0000012215d98800 nmethod 7347 0x00000122014e1810 code [0x00000122014e1a00, 0x00000122014e1bd8]
Event: 9.322 Thread 0x0000012215d98800 7348       2       sun.reflect.generics.tree.ClassTypeSignature::make (9 bytes)
Event: 9.322 Thread 0x0000012215d98800 nmethod 7348 0x00000122014e1d10 code [0x00000122014e1ec0, 0x00000122014e2038]
Event: 9.322 Thread 0x0000012215d98800 7349       2       sun.reflect.generics.tree.ClassTypeSignature::<init> (10 bytes)
Event: 9.323 Thread 0x0000012215d98800 nmethod 7349 0x00000122014e2110 code [0x00000122014e22c0, 0x00000122014e23f8]
Event: 9.324 Thread 0x0000012215d98800 7350       3       com.google.common.collect.Ordering::sortedCopy (18 bytes)
Event: 9.325 Thread 0x0000012215d98800 nmethod 7350 0x00000122014e2490 code [0x00000122014e2740, 0x00000122014e3478]
Event: 9.325 Thread 0x0000012215d98800 7351   !   3       org.gradle.cache.internal.DefaultCrossBuildInMemoryCacheFactory$AbstractCrossBuildInMemoryCache::put (38 bytes)

GC Heap History (12 events):
Event: 0.591 GC heap before
{Heap before GC invocations=0 (full 0):
 garbage-first heap   total 520192K, used 31744K [0x0000000080000000, 0x0000000100000000)
  region size 1024K, 25 young (25600K), 0 survivors (0K)
 Metaspace       used 10259K, capacity 10553K, committed 10624K, reserved 1058816K
  class space    used 1072K, capacity 1139K, committed 1152K, reserved 1048576K
}
Event: 0.595 GC heap after
{Heap after GC invocations=1 (full 0):
 garbage-first heap   total 520192K, used 9280K [0x0000000080000000, 0x0000000100000000)
  region size 1024K, 4 young (4096K), 4 survivors (4096K)
 Metaspace       used 10259K, capacity 10553K, committed 10624K, reserved 1058816K
  class space    used 1072K, capacity 1139K, committed 1152K, reserved 1048576K
}
Event: 2.824 GC heap before
{Heap before GC invocations=1 (full 0):
 garbage-first heap   total 520192K, used 112704K [0x0000000080000000, 0x0000000100000000)
  region size 1024K, 105 young (107520K), 4 survivors (4096K)
 Metaspace       used 20660K, capacity 21137K, committed 21248K, reserved 1067008K
  class space    used 2544K, capacity 2712K, committed 2816K, reserved 1048576K
}
Event: 2.831 GC heap after
{Heap after GC invocations=2 (full 0):
 garbage-first heap   total 520192K, used 17503K [0x0000000080000000, 0x0000000100000000)
  region size 1024K, 13 young (13312K), 13 survivors (13312K)
 Metaspace       used 20660K, capacity 21137K, committed 21248K, reserved 1067008K
  class space    used 2544K, capacity 2712K, committed 2816K, reserved 1048576K
}
Event: 3.513 GC heap before
{Heap before GC invocations=3 (full 0):
 garbage-first heap   total 520192K, used 85087K [0x0000000080000000, 0x0000000100000000)
  region size 1024K, 79 young (80896K), 13 survivors (13312K)
 Metaspace       used 27438K, capacity 28070K, committed 28160K, reserved 1073152K
  class space    used 3603K, capacity 3822K, committed 3840K, reserved 1048576K
}
Event: 3.519 GC heap after
{Heap after GC invocations=4 (full 0):
 garbage-first heap   total 520192K, used 19648K [0x0000000080000000, 0x0000000100000000)
  region size 1024K, 3 young (3072K), 3 survivors (3072K)
 Metaspace       used 27438K, capacity 28070K, committed 28160K, reserved 1073152K
  class space    used 3603K, capacity 3822K, committed 3840K, reserved 1048576K
}
Event: 4.126 GC heap before
{Heap before GC invocations=4 (full 0):
 garbage-first heap   total 520192K, used 66752K [0x0000000080000000, 0x0000000100000000)
  region size 1024K, 50 young (51200K), 3 survivors (3072K)
 Metaspace       used 34991K, capacity 35753K, committed 35840K, reserved 1081344K
  class space    used 4516K, capacity 4809K, committed 4864K, reserved 1048576K
}
Event: 4.133 GC heap after
{Heap after GC invocations=5 (full 0):
 garbage-first heap   total 520192K, used 22294K [0x0000000080000000, 0x0000000100000000)
  region size 1024K, 6 young (6144K), 6 survivors (6144K)
 Metaspace       used 34991K, capacity 35753K, committed 35840K, reserved 1081344K
  class space    used 4516K, capacity 4809K, committed 4864K, reserved 1048576K
}
Event: 5.298 GC heap before
{Heap before GC invocations=6 (full 0):
 garbage-first heap   total 520192K, used 145174K [0x0000000080000000, 0x0000000100000000)
  region size 1024K, 123 young (125952K), 6 survivors (6144K)
 Metaspace       used 45021K, capacity 46195K, committed 46412K, reserved 1089536K
  class space    used 5784K, capacity 6168K, committed 6220K, reserved 1048576K
}
Event: 5.306 GC heap after
{Heap after GC invocations=7 (full 0):
 garbage-first heap   total 520192K, used 30097K [0x0000000080000000, 0x0000000100000000)
  region size 1024K, 13 young (13312K), 13 survivors (13312K)
 Metaspace       used 45021K, capacity 46195K, committed 46412K, reserved 1089536K
  class space    used 5784K, capacity 6168K, committed 6220K, reserved 1048576K
}
Event: 7.087 GC heap before
{Heap before GC invocations=7 (full 0):
 garbage-first heap   total 520192K, used 228753K [0x0000000080000000, 0x0000000100000000)
  region size 1024K, 201 young (205824K), 13 survivors (13312K)
 Metaspace       used 58443K, capacity 60004K, committed 60236K, reserved 1101824K
  class space    used 7454K, capacity 7998K, committed 8012K, reserved 1048576K
}
Event: 7.124 GC heap after
{Heap after GC invocations=8 (full 0):
 garbage-first heap   total 520192K, used 51961K [0x0000000080000000, 0x0000000100000000)
  region size 1024K, 27 young (27648K), 27 survivors (27648K)
 Metaspace       used 58443K, capacity 60004K, committed 60236K, reserved 1101824K
  class space    used 7454K, capacity 7998K, committed 8012K, reserved 1048576K
}

Deoptimization events (20 events):
Event: 9.242 Thread 0x0000012215f16000 DEOPT PACKING pc=0x0000012207e46084 sp=0x000000223b9f7850
Event: 9.242 Thread 0x0000012215f16000 DEOPT UNPACKING pc=0x00000122000085af sp=0x000000223b9f7738 mode 2
Event: 9.242 Thread 0x0000012215f16000 Uncommon trap: trap_request=0xffffff4d fr.pc=0x0000012207eba114 relative=0x00000000000002d4
Event: 9.242 Thread 0x0000012215f16000 Uncommon trap: reason=unstable_if action=reinterpret pc=0x0000012207eba114 method=java.util.HashMap.getNode(ILjava/lang/Object;)Ljava/util/HashMap$Node; @ 84 c2
Event: 9.242 Thread 0x0000012215f16000 DEOPT PACKING pc=0x0000012207eba114 sp=0x000000223b9f7800
Event: 9.242 Thread 0x0000012215f16000 DEOPT UNPACKING pc=0x00000122000085af sp=0x000000223b9f7720 mode 2
Event: 9.242 Thread 0x0000012215f16000 Uncommon trap: trap_request=0xffffff4d fr.pc=0x0000012207dabf74 relative=0x00000000000001b4
Event: 9.242 Thread 0x0000012215f16000 Uncommon trap: reason=unstable_if action=reinterpret pc=0x0000012207dabf74 method=java.util.HashMap.getNode(ILjava/lang/Object;)Ljava/util/HashMap$Node; @ 84 c2
Event: 9.242 Thread 0x0000012215f16000 DEOPT PACKING pc=0x0000012207dabf74 sp=0x000000223b9f77a0
Event: 9.242 Thread 0x0000012215f16000 DEOPT UNPACKING pc=0x00000122000085af sp=0x000000223b9f7728 mode 2
Event: 9.282 Thread 0x0000012215f16000 Uncommon trap: trap_request=0xffffff4d fr.pc=0x0000012207bc4cb0 relative=0x00000000000008f0
Event: 9.282 Thread 0x0000012215f16000 Uncommon trap: reason=unstable_if action=reinterpret pc=0x0000012207bc4cb0 method=java.lang.Integer.stringSize(I)I @ 19 c2
Event: 9.282 Thread 0x0000012215f16000 DEOPT PACKING pc=0x0000012207bc4cb0 sp=0x000000223b9f6db0
Event: 9.282 Thread 0x0000012215f16000 DEOPT UNPACKING pc=0x00000122000085af sp=0x000000223b9f6cf8 mode 2
Event: 9.287 Thread 0x0000012215f16000 Uncommon trap: trap_request=0xffffff4d fr.pc=0x0000012207bc5418 relative=0x0000000000000078
Event: 9.287 Thread 0x0000012215f16000 Uncommon trap: reason=unstable_if action=reinterpret pc=0x0000012207bc5418 method=java.lang.Integer.stringSize(I)I @ 19 c2
Event: 9.287 Thread 0x0000012215f16000 DEOPT PACKING pc=0x0000012207bc5418 sp=0x000000223b9f79b0
Event: 9.287 Thread 0x0000012215f16000 DEOPT UNPACKING pc=0x00000122000085af sp=0x000000223b9f7930 mode 2
Event: 9.317 Thread 0x0000012215f16000 DEOPT PACKING pc=0x0000012200a31811 sp=0x000000223b9f75f0
Event: 9.317 Thread 0x0000012215f16000 DEOPT UNPACKING pc=0x0000012200049d0e sp=0x000000223b9f6ac8 mode 0

Classes redefined (0 events):
No events

Internal exceptions (20 events):
Event: 8.394 Thread 0x0000012215f16000 Exception <a 'java/lang/ClassNotFoundException'{0x00000000975887a0}: org/gradle/api/internal/artifacts/dsl/dependencies/DefaultDependencyHandler_DecoratedBeanInfo> (0x00000000975887a0) thrown at [./src/hotspot/share/classfile/systemDictionary.cpp, line 231]
Event: 8.395 Thread 0x0000012215f16000 Exception <a 'java/lang/ClassNotFoundException'{0x00000000975d2df8}: org/gradle/api/internal/artifacts/dsl/dependencies/DefaultDependencyHandlerBeanInfo> (0x00000000975d2df8) thrown at [./src/hotspot/share/classfile/systemDictionary.cpp, line 231]
Event: 8.396 Thread 0x0000012215f16000 Exception <a 'java/lang/ClassNotFoundException'{0x000000009741d310}: org/gradle/api/internal/artifacts/dsl/dependencies/DefaultDependencyHandlerCustomizer> (0x000000009741d310) thrown at [./src/hotspot/share/classfile/systemDictionary.cpp, line 231]
Event: 8.398 Thread 0x0000012215f16000 Exception <a 'java/lang/ClassNotFoundException'{0x000000009748ea58}: org/gradle/api/internal/artifacts/dsl/dependencies/DefaultDependencyHandler_DecoratedCustomizer> (0x000000009748ea58) thrown at [./src/hotspot/share/classfile/systemDictionary.cpp, line 231]
Event: 8.403 Thread 0x0000012215f16000 Exception <a 'java/lang/ClassNotFoundException'{0x0000000097373198}: groovy/lang/GString$1BeanInfo> (0x0000000097373198) thrown at [./src/hotspot/share/classfile/systemDictionary.cpp, line 231]
Event: 8.404 Thread 0x0000012215f16000 Exception <a 'java/lang/ClassNotFoundException'{0x00000000973aed30}: groovy/lang/GStringBeanInfo> (0x00000000973aed30) thrown at [./src/hotspot/share/classfile/systemDictionary.cpp, line 231]
Event: 8.405 Thread 0x0000012215f16000 Exception <a 'java/lang/ClassNotFoundException'{0x00000000973ea7b8}: groovy/lang/GStringCustomizer> (0x00000000973ea7b8) thrown at [./src/hotspot/share/classfile/systemDictionary.cpp, line 231]
Event: 8.407 Thread 0x0000012215f16000 Exception <a 'java/lang/ClassNotFoundException'{0x00000000972306a0}: groovy/lang/GString$1Customizer> (0x00000000972306a0) thrown at [./src/hotspot/share/classfile/systemDictionary.cpp, line 231]
Event: 8.414 Thread 0x0000012215f16000 Exception <a 'java/lang/ClassNotFoundException'{0x0000000096fe78b0}: org/codehaus/groovy/runtime/GStringImplBeanInfo> (0x0000000096fe78b0) thrown at [./src/hotspot/share/classfile/systemDictionary.cpp, line 231]
Event: 8.417 Thread 0x0000012215f16000 Exception <a 'java/lang/ClassNotFoundException'{0x0000000096ca28f8}: org/codehaus/groovy/runtime/GStringImplCustomizer> (0x0000000096ca28f8) thrown at [./src/hotspot/share/classfile/systemDictionary.cpp, line 231]
Event: 9.083 Thread 0x0000012215f16000 Exception <a 'java/lang/ClassNotFoundException'{0x00000000940b8da8}: com/android/build/gradle/internal/api/ApkVariantOutputImpl_DecoratedBeanInfo> (0x00000000940b8da8) thrown at [./src/hotspot/share/classfile/systemDictionary.cpp, line 231]
Event: 9.084 Thread 0x0000012215f16000 Exception <a 'java/lang/ClassNotFoundException'{0x00000000940d47d0}: com/android/build/gradle/internal/api/ApkVariantOutputImplBeanInfo> (0x00000000940d47d0) thrown at [./src/hotspot/share/classfile/systemDictionary.cpp, line 231]
Event: 9.084 Thread 0x0000012215f16000 Exception <a 'java/lang/ClassNotFoundException'{0x00000000940f0af0}: com/android/build/gradle/internal/api/BaseVariantOutputImplBeanInfo> (0x00000000940f0af0) thrown at [./src/hotspot/share/classfile/systemDictionary.cpp, line 231]
Event: 9.084 Thread 0x0000012215f16000 Exception <a 'java/lang/ClassNotFoundException'{0x0000000093f0d418}: com/android/build/gradle/internal/api/BaseVariantOutputImplCustomizer> (0x0000000093f0d418) thrown at [./src/hotspot/share/classfile/systemDictionary.cpp, line 231]
Event: 9.086 Thread 0x0000012215f16000 Exception <a 'java/lang/ClassNotFoundException'{0x0000000093f3c188}: com/android/build/gradle/internal/api/ApkVariantOutputImplCustomizer> (0x0000000093f3c188) thrown at [./src/hotspot/share/classfile/systemDictionary.cpp, line 231]
Event: 9.086 Thread 0x0000012215f16000 Exception <a 'java/lang/ClassNotFoundException'{0x0000000093f67240}: com/android/build/gradle/internal/api/ApkVariantOutputImpl_DecoratedCustomizer> (0x0000000093f67240) thrown at [./src/hotspot/share/classfile/systemDictionary.cpp, line 231]
Event: 9.102 Thread 0x0000012215f16000 Exception <a 'java/lang/ClassNotFoundException'{0x0000000093ee71b8}: com/android/build/gradle/internal/api/ReadOnlyBuildTypeBeanInfo> (0x0000000093ee71b8) thrown at [./src/hotspot/share/classfile/systemDictionary.cpp, line 231]
Event: 9.102 Thread 0x0000012215f16000 Exception <a 'java/lang/ClassNotFoundException'{0x0000000093d029b0}: com/android/build/gradle/internal/api/ReadOnlyBaseConfigBeanInfo> (0x0000000093d029b0) thrown at [./src/hotspot/share/classfile/systemDictionary.cpp, line 231]
Event: 9.103 Thread 0x0000012215f16000 Exception <a 'java/lang/ClassNotFoundException'{0x0000000093d1e3a0}: com/android/build/gradle/internal/api/ReadOnlyBaseConfigCustomizer> (0x0000000093d1e3a0) thrown at [./src/hotspot/share/classfile/systemDictionary.cpp, line 231]
Event: 9.105 Thread 0x0000012215f16000 Exception <a 'java/lang/ClassNotFoundException'{0x0000000093d49b98}: com/android/build/gradle/internal/api/ReadOnlyBuildTypeCustomizer> (0x0000000093d49b98) thrown at [./src/hotspot/share/classfile/systemDictionary.cpp, line 231]

Events (20 events):
Event: 9.310 loading class org/jetbrains/kotlin/config/MavenComparableVersion$Item
Event: 9.310 loading class org/jetbrains/kotlin/config/MavenComparableVersion$Item done
Event: 9.311 loading class org/jetbrains/kotlin/config/MavenComparableVersion$ListItem
Event: 9.311 loading class org/jetbrains/kotlin/config/MavenComparableVersion$ListItem done
Event: 9.311 Executing VM operation: Deoptimize
Event: 9.312 Executing VM operation: Deoptimize done
Event: 9.312 loading class org/jetbrains/kotlin/config/MavenComparableVersion$IntegerItem
Event: 9.312 loading class org/jetbrains/kotlin/config/MavenComparableVersion$IntegerItem done
Event: 9.313 loading class org/jetbrains/kotlin/gradle/plugin/statistics/KotlinBuildStatHandler$report$1
Event: 9.313 loading class org/jetbrains/kotlin/gradle/plugin/statistics/KotlinBuildStatHandler$report$1 done
Event: 9.314 loading class org/jetbrains/kotlin/gradle/plugin/mpp/KotlinCompilationsKt$sam$java_util_concurrent_Callable$0
Event: 9.314 loading class org/jetbrains/kotlin/gradle/plugin/mpp/KotlinCompilationsKt$sam$java_util_concurrent_Callable$0 done
Event: 9.314 loading class org/jetbrains/kotlin/gradle/tasks/FilteringSourceRootsContainer$getFilteredSourceRootsFrom$1
Event: 9.314 loading class org/jetbrains/kotlin/gradle/tasks/FilteringSourceRootsContainer$getFilteredSourceRootsFrom$1 done
Event: 9.314 loading class org/jetbrains/kotlin/gradle/tasks/FilteringSourceRootsContainer$sam$org_gradle_api_specs_Spec$0
Event: 9.314 loading class org/jetbrains/kotlin/gradle/tasks/FilteringSourceRootsContainer$sam$org_gradle_api_specs_Spec$0 done
Event: 9.315 loading class org/jetbrains/kotlin/gradle/plugin/mpp/KotlinCompilationsKt$addSourcesToKotlinCompileTask$configureAction$1
Event: 9.315 loading class org/jetbrains/kotlin/gradle/plugin/mpp/KotlinCompilationsKt$addSourcesToKotlinCompileTask$configureAction$1 done
Event: 9.322 loading class org/gradle/api/tasks/OutputFile
Event: 9.322 loading class org/gradle/api/tasks/OutputFile done


Dynamic libraries:
0x00007ff69af40000 - 0x00007ff69af4a000 	D:\Android Studio\jre\bin\java.exe
0x00007ffe46e50000 - 0x00007ffe47045000 	C:\Windows\SYSTEM32\ntdll.dll
0x00007ffe46960000 - 0x00007ffe46a1d000 	C:\Windows\System32\KERNEL32.DLL
0x00007ffe44770000 - 0x00007ffe44a3d000 	C:\Windows\System32\KERNELBASE.dll
0x00007ffe44a40000 - 0x00007ffe44b40000 	C:\Windows\System32\ucrtbase.dll
0x00007ffe1d7e0000 - 0x00007ffe1d7f9000 	D:\Android Studio\jre\bin\jli.dll
0x00007ffe44ff0000 - 0x00007ffe45190000 	C:\Windows\System32\USER32.dll
0x00007ffe44de0000 - 0x00007ffe44e02000 	C:\Windows\System32\win32u.dll
0x00007ffe461e0000 - 0x00007ffe4620a000 	C:\Windows\System32\GDI32.dll
0x00007ffe44b70000 - 0x00007ffe44c7b000 	C:\Windows\System32\gdi32full.dll
0x00007ffe44620000 - 0x00007ffe446bd000 	C:\Windows\System32\msvcp_win.dll
0x00007ffe1d030000 - 0x00007ffe1d047000 	D:\Android Studio\jre\bin\VCRUNTIME140.dll
0x00007ffe21fe0000 - 0x00007ffe2227a000 	C:\Windows\WinSxS\amd64_microsoft.windows.common-controls_6595b64144ccf1df_6.0.19041.1110_none_60b5254171f9507e\COMCTL32.dll
0x00007ffe46cb0000 - 0x00007ffe46d4e000 	C:\Windows\System32\msvcrt.dll
0x00007ffe46c80000 - 0x00007ffe46cb0000 	C:\Windows\System32\IMM32.DLL
0x00007ffdfdac0000 - 0x00007ffdfdb5d000 	D:\Android Studio\jre\bin\msvcp140.dll
0x00007ffdde3f0000 - 0x00007ffddeed5000 	D:\Android Studio\jre\bin\server\jvm.dll
0x00007ffe46a20000 - 0x00007ffe46ace000 	C:\Windows\System32\ADVAPI32.dll
0x00007ffe44f30000 - 0x00007ffe44fcc000 	C:\Windows\System32\sechost.dll
0x00007ffe45670000 - 0x00007ffe45795000 	C:\Windows\System32\RPCRT4.dll
0x00007ffe44ea0000 - 0x00007ffe44ea8000 	C:\Windows\System32\PSAPI.DLL
0x00007ffe1df70000 - 0x00007ffe1df79000 	C:\Windows\SYSTEM32\WSOCK32.dll
0x00007ffe45b80000 - 0x00007ffe45beb000 	C:\Windows\System32\WS2_32.dll
0x00007ffe22430000 - 0x00007ffe22457000 	C:\Windows\SYSTEM32\WINMM.dll
0x00007ffe34190000 - 0x00007ffe3419a000 	C:\Windows\SYSTEM32\VERSION.dll
0x00007ffe42da0000 - 0x00007ffe42db2000 	C:\Windows\SYSTEM32\kernel.appcore.dll
0x00007ffe297d0000 - 0x00007ffe297e1000 	D:\Android Studio\jre\bin\verify.dll
0x00007ffe42ab0000 - 0x00007ffe42c94000 	C:\Windows\SYSTEM32\DBGHELP.DLL
0x00007ffe25580000 - 0x00007ffe255ac000 	C:\Windows\SYSTEM32\dbgcore.DLL
0x00007ffe44e10000 - 0x00007ffe44e92000 	C:\Windows\System32\bcryptPrimitives.dll
0x00007ffe246b0000 - 0x00007ffe246d9000 	D:\Android Studio\jre\bin\java.dll
0x00007ffe3e580000 - 0x00007ffe3e58b000 	D:\Android Studio\jre\bin\jimage.dll
0x00007ffe297b0000 - 0x00007ffe297c8000 	D:\Android Studio\jre\bin\zip.dll
0x00007ffe46210000 - 0x00007ffe46954000 	C:\Windows\System32\SHELL32.dll
0x00007ffe42240000 - 0x00007ffe429d4000 	C:\Windows\SYSTEM32\windows.storage.dll
0x00007ffe45c80000 - 0x00007ffe45fd4000 	C:\Windows\System32\combase.dll
0x00007ffe43e70000 - 0x00007ffe43e9c000 	C:\Windows\SYSTEM32\Wldp.dll
0x00007ffe458c0000 - 0x00007ffe4596d000 	C:\Windows\System32\SHCORE.dll
0x00007ffe46d50000 - 0x00007ffe46da5000 	C:\Windows\System32\shlwapi.dll
0x00007ffe444a0000 - 0x00007ffe444bf000 	C:\Windows\SYSTEM32\profapi.dll
0x00007ffe25680000 - 0x00007ffe2569a000 	D:\Android Studio\jre\bin\net.dll
0x00007ffe3e840000 - 0x00007ffe3e94a000 	C:\Windows\SYSTEM32\WINHTTP.dll
0x00007ffe43bf0000 - 0x00007ffe43c5a000 	C:\Windows\system32\mswsock.dll
0x00007ffe241a0000 - 0x00007ffe241b4000 	D:\Android Studio\jre\bin\nio.dll
0x00007ffe00d40000 - 0x00007ffe00d67000 	C:\Users\kolosov-V\.gradle\native\e1d6ef7f7dcc3fd88c89a11ec53ec762bb8ba0a96d01ffa2cd45eb1d1d8dd5c5\windows-amd64\native-platform.dll
0x00007ffde57c0000 - 0x00007ffde5904000 	C:\Users\kolosov-V\.gradle\native\5664cfc778a61ccfe75a443a1ab52a65af34e5dc3c78e0209fed803814484fcb\windows-amd64\native-platform-file-events.dll
0x00007ffe3e530000 - 0x00007ffe3e53a000 	D:\Android Studio\jre\bin\management.dll
0x00007ffe3c550000 - 0x00007ffe3c55d000 	D:\Android Studio\jre\bin\management_ext.dll
0x00007ffe43ed0000 - 0x00007ffe43ee8000 	C:\Windows\SYSTEM32\CRYPTSP.dll
0x00000000589f0000 - 0x0000000058a07000 	C:\Program Files\Common Files\Crypto Pro\AppCompat\cpadvai.dll
0x0000000058a10000 - 0x0000000058a16000 	C:\Program Files\Common Files\Crypto Pro\AppCompat\detoured.dll
0x00007ffe43590000 - 0x00007ffe435c4000 	C:\Windows\system32\rsaenh.dll
0x00007ffe44b40000 - 0x00007ffe44b67000 	C:\Windows\System32\bcrypt.dll
0x00007ffe44420000 - 0x00007ffe4444e000 	C:\Windows\SYSTEM32\USERENV.dll
0x00007ffe43de0000 - 0x00007ffe43dec000 	C:\Windows\SYSTEM32\CRYPTBASE.dll
0x00007ffe43900000 - 0x00007ffe4393b000 	C:\Windows\SYSTEM32\IPHLPAPI.DLL
0x00007ffe46090000 - 0x00007ffe46098000 	C:\Windows\System32\NSI.dll
0x00007ffe3d0a0000 - 0x00007ffe3d0b7000 	C:\Windows\SYSTEM32\dhcpcsvc6.DLL
0x00007ffe3d190000 - 0x00007ffe3d1ad000 	C:\Windows\SYSTEM32\dhcpcsvc.DLL
0x00007ffe43950000 - 0x00007ffe43a1b000 	C:\Windows\SYSTEM32\DNSAPI.dll

dbghelp: loaded successfully - version: 4.0.5 - missing functions: none
symbol engine: initialized successfully - sym options: 0x614 - pdb path: .;D:\Android Studio\jre\bin;C:\Windows\SYSTEM32;C:\Windows\WinSxS\amd64_microsoft.windows.common-controls_6595b64144ccf1df_6.0.19041.1110_none_60b5254171f9507e;D:\Android Studio\jre\bin\server;C:\Users\kolosov-V\.gradle\native\e1d6ef7f7dcc3fd88c89a11ec53ec762bb8ba0a96d01ffa2cd45eb1d1d8dd5c5\windows-amd64;C:\Users\kolosov-V\.gradle\native\5664cfc778a61ccfe75a443a1ab52a65af34e5dc3c78e0209fed803814484fcb\windows-amd64;C:\Program Files\Common Files\Crypto Pro\AppCompat

VM Arguments:
jvm_args: --add-opens=java.base/java.util=ALL-UNNAMED --add-opens=java.base/java.lang=ALL-UNNAMED --add-opens=java.base/java.lang.invoke=ALL-UNNAMED --add-opens=java.base/java.util=ALL-UNNAMED --add-opens=java.prefs/java.util.prefs=ALL-UNNAMED --add-opens=java.prefs/java.util.prefs=ALL-UNNAMED --add-opens=java.base/java.nio.charset=ALL-UNNAMED --add-opens=java.base/java.net=ALL-UNNAMED --add-opens=java.base/java.util.concurrent.atomic=ALL-UNNAMED -Xmx2048m -Dfile.encoding=UTF-8 -Duser.country=RU -Duser.language=ru -Duser.variant 
java_command: org.gradle.launcher.daemon.bootstrap.GradleDaemon 7.3.3
java_class_path (initial): C:\Users\kolosov-V\.gradle\wrapper\dists\gradle-7.3.3-bin\6a41zxkdtcxs8rphpq6y0069z\gradle-7.3.3\lib\gradle-launcher-7.3.3.jar
Launcher Type: SUN_STANDARD

[Global flags]
     intx CICompilerCount                          = 4                                         {product} {ergonomic}
     uint ConcGCThreads                            = 2                                         {product} {ergonomic}
     uint G1ConcRefinementThreads                  = 8                                         {product} {ergonomic}
   size_t G1HeapRegionSize                         = 1048576                                   {product} {ergonomic}
    uintx GCDrainStackTargetSize                   = 64                                        {product} {ergonomic}
   size_t InitialHeapSize                          = 532676608                                 {product} {ergonomic}
   size_t MarkStackSize                            = 4194304                                   {product} {ergonomic}
   size_t MaxHeapSize                              = 2147483648                                {product} {command line}
   size_t MaxNewSize                               = 1287651328                                {product} {ergonomic}
   size_t MinHeapDeltaBytes                        = 1048576                                   {product} {ergonomic}
    uintx NonNMethodCodeHeapSize                   = 5836300                                {pd product} {ergonomic}
    uintx NonProfiledCodeHeapSize                  = 122910970                              {pd product} {ergonomic}
    uintx ProfiledCodeHeapSize                     = 122910970                              {pd product} {ergonomic}
    uintx ReservedCodeCacheSize                    = 251658240                              {pd product} {ergonomic}
     bool SegmentedCodeCache                       = true                                      {product} {ergonomic}
     bool UseCompressedClassPointers               = true                                 {lp64_product} {ergonomic}
     bool UseCompressedOops                        = true                                 {lp64_product} {ergonomic}
     bool UseG1GC                                  = true                                      {product} {ergonomic}
     bool UseLargePagesIndividualAllocation        = false                                  {pd product} {ergonomic}

Logging:
Log output configuration:
 #0: stdout all=warning uptime,level,tags
 #1: stderr all=off uptime,level,tags

Environment Variables:
JAVA_HOME=C:\Program Files\Java\jdk-11.0.14
PATH=C:\Program Files\Java\jdk-11.0.14\bin;C:\Program Files (x86)\VMware\VMware Workstation\bin\;C:\Windows\system32;C:\Windows;C:\Windows\System32\Wbem;C:\Windows\System32\WindowsPowerShell\v1.0\;C:\Windows\System32\OpenSSH\;C:\Program Files\SafeNet\Authentication\SAC\x64;C:\Program Files\SafeNet\Authentication\SAC\x32;C:\Program Files\Git\cmd;C:\Program Files\PuTTY\;C:\Program Files (x86)\Common Files\SecurIT;C:\Program Files\nodejs\;C:\Program Files\Docker\Docker\resources\bin;C:\Users\kolosov-V\AppData\Local\Microsoft\WindowsApps;D:\apache-ant-1.10.13\bin;C:\Users\kolosov-V\AppData\Roaming\npm
USERNAME=kolosov-v
OS=Windows_NT
PROCESSOR_IDENTIFIER=Intel64 Family 6 Model 140 Stepping 1, GenuineIntel



---------------  S Y S T E M  ---------------

OS: Windows 10 , 64 bit Build 19041 (10.0.19041.1706)
OS uptime: 3 days 5:18 hours
Hyper-V role detected

CPU:total 8 (initial active 8) (4 cores per cpu, 2 threads per core) family 6 model 140 stepping 1 microcode 0x86, cmov, cx8, fxsr, mmx, sse, sse2, sse3, ssse3, sse4.1, sse4.2, popcnt, avx, avx2, aes, clmul, erms, 3dnowpref, lzcnt, ht, tsc, tscinvbit, bmi1, bmi2, adx, evex, sha, fma

Memory: 4k page, system-wide physical 32508M (7228M free)
TotalPageFile size 40604M (AvailPageFile size 8M)
current process WorkingSet (physical memory assigned to process): 525M, peak: 527M
current process commit charge ("private bytes"): 809M, peak: 814M

vm_info: OpenJDK 64-Bit Server VM (11.0.12+7-b1504.28-7817840) for windows-amd64 JRE (11.0.12+7-b1504.28-7817840), built on Oct 13 2021 22:12:33 by "builder" with MS VC++ 14.0 (VS2015)

END.
