#
# There is insufficient memory for the Java Runtime Environment to continue.
# Native memory allocation (malloc) failed to allocate 2434736 bytes for Chunk::new
# Possible reasons:
#   The system is out of physical RAM or swap space
#   The process is running with CompressedOops enabled, and the Java Heap may be blocking the growth of the native heap
# Possible solutions:
#   Reduce memory load on the system
#   Increase physical memory or swap space
#   Check if swap backing store is full
#   Decrease Java heap size (-Xmx/-Xms)
#   Decrease number of Java threads
#   Decrease Java thread stack sizes (-Xss)
#   Set larger code cache with -XX:ReservedCodeCacheSize=
#   JVM is running with Unscaled Compressed Oops mode in which the Java heap is
#     placed in the first 4GB address space. The Java Heap base address is the
#     maximum limit for the native heap growth. Please use -XX:HeapBaseMinAddress
#     to set the Java Heap base and to place the Java Heap above 4GB virtual address.
# This output file may be truncated or incomplete.
#
#  Out of Memory Error (./src/hotspot/share/memory/arena.cpp:197), pid=28168, tid=10232
#
# JRE version: OpenJDK Runtime Environment (11.0.12+7) (build 11.0.12+7-b1504.28-7817840)
# Java VM: OpenJDK 64-Bit Server VM (11.0.12+7-b1504.28-7817840, mixed mode, tiered, compressed oops, g1 gc, windows-amd64)
# No core dump will be written. Minidumps are not enabled by default on client versions of Windows
#

---------------  S U M M A R Y ------------

Command Line: --add-opens=java.base/java.util=ALL-UNNAMED --add-opens=java.base/java.lang=ALL-UNNAMED --add-opens=java.base/java.lang.invoke=ALL-UNNAMED --add-opens=java.base/java.util=ALL-UNNAMED --add-opens=java.prefs/java.util.prefs=ALL-UNNAMED --add-opens=java.prefs/java.util.prefs=ALL-UNNAMED --add-opens=java.base/java.nio.charset=ALL-UNNAMED --add-opens=java.base/java.net=ALL-UNNAMED --add-opens=java.base/java.util.concurrent.atomic=ALL-UNNAMED -Xmx2048m -Dfile.encoding=UTF-8 -Duser.country=RU -Duser.language=ru -Duser.variant org.gradle.launcher.daemon.bootstrap.GradleDaemon 7.3.3

Host: 11th Gen Intel(R) Core(TM) i7-1165G7 @ 2.80GHz, 8 cores, 31G,  Windows 10 , 64 bit Build 19041 (10.0.19041.1706)
Time: Wed Oct  9 21:31:41 2024 RTZ 2 (зима) elapsed time: 12.462955 seconds (0d 0h 0m 12s)

---------------  T H R E A D  ---------------

Current thread (0x0000026e57f46800):  JavaThread "C2 CompilerThread0" daemon [_thread_in_native, id=10232, stack(0x000000de46000000,0x000000de46100000)]


Current CompileTask:
C2:  12463 7944       4       org.gradle.internal.instantiation.generator.AbstractClassGenerator::inspectType (560 bytes)

Stack: [0x000000de46000000,0x000000de46100000]
Native frames: (J=compiled Java code, j=interpreted, Vv=VM code, C=native code)
V  [jvm.dll+0x5fbcea]
V  [jvm.dll+0x731905]
V  [jvm.dll+0x732f1d]
V  [jvm.dll+0x7335d3]
V  [jvm.dll+0x247bf8]
V  [jvm.dll+0xc018c]
V  [jvm.dll+0xc06cc]
V  [jvm.dll+0x35b2db]
V  [jvm.dll+0x328803]
V  [jvm.dll+0x327cfa]
V  [jvm.dll+0x200602]
V  [jvm.dll+0x1ff794]
V  [jvm.dll+0x18868c]
V  [jvm.dll+0x20e0d7]
V  [jvm.dll+0x20c901]
V  [jvm.dll+0x6f9b7f]
V  [jvm.dll+0x6f26a5]
V  [jvm.dll+0x5fabf6]
C  [ucrtbase.dll+0x21bb2]
C  [KERNEL32.DLL+0x17034]
C  [ntdll.dll+0x52651]


---------------  P R O C E S S  ---------------

Threads class SMR info:
_java_thread_list=0x0000026e62432ba0, length=124, elements={
0x0000026e3c989800, 0x0000026e57ed4800, 0x0000026e57ede000, 0x0000026e57ef0800,
0x0000026e57ef5800, 0x0000026e57f3a800, 0x0000026e57f46800, 0x0000026e57f4f800,
0x0000026e57f67800, 0x0000026e580ca800, 0x0000026e5a07a000, 0x0000026e5a6f7000,
0x0000026e598e7800, 0x0000026e5979a000, 0x0000026e5a971000, 0x0000026e5aedf000,
0x0000026e59f54000, 0x0000026e5a98f000, 0x0000026e5a633000, 0x0000026e57f51000,
0x0000026e57f4e800, 0x0000026e57f51800, 0x0000026e57f50000, 0x0000026e57f4c000,
0x0000026e57f4d000, 0x0000026e57f4d800, 0x0000026e5b0e0000, 0x0000026e5b0e0800,
0x0000026e5b0e1800, 0x0000026e5b0dd800, 0x0000026e5b0e2800, 0x0000026e5b0df000,
0x0000026e5b0e8000, 0x0000026e5b0e7000, 0x0000026e5b0e5000, 0x0000026e5b0e9800,
0x0000026e5b0e4000, 0x0000026e5b0e5800, 0x0000026e5b0ea800, 0x0000026e5b0eb800,
0x0000026e57f52800, 0x0000026e5b931800, 0x0000026e5b934000, 0x0000026e5b930800,
0x0000026e5b932800, 0x0000026e5b930000, 0x0000026e5b933000, 0x0000026e5b934800,
0x0000026e5b92f000, 0x0000026e5b935800, 0x0000026e5b93a800, 0x0000026e5b939000,
0x0000026e5b93b800, 0x0000026e5b938000, 0x0000026e5b939800, 0x0000026e5b93c000,
0x0000026e5b936800, 0x0000026e5b93d000, 0x0000026e5b937000, 0x0000026e5b93d800,
0x0000026e5b73d000, 0x0000026e5b740800, 0x0000026e5b73e000, 0x0000026e5b73f000,
0x0000026e5b73f800, 0x0000026e5b73a800, 0x0000026e5b741000, 0x0000026e5b73b800,
0x0000026e5b742000, 0x0000026e5b73c800, 0x0000026e5b745800, 0x0000026e5b746000,
0x0000026e5b747800, 0x0000026e5b743800, 0x0000026e5b747000, 0x0000026e5b748800,
0x0000026e5b743000, 0x0000026e5b749800, 0x0000026e5b744800, 0x0000026e5bb55000,
0x0000026e5bb54000, 0x0000026e5bb59000, 0x0000026e5bb53800, 0x0000026e5bb57800,
0x0000026e5bb5a800, 0x0000026e5bb5b800, 0x0000026e5bb56800, 0x0000026e5bb58000,
0x0000026e5bb5a000, 0x0000026e5bb56000, 0x0000026e5bb5d000, 0x0000026e5bb61000,
0x0000026e5bb5f000, 0x0000026e5bb62000, 0x0000026e5bb5f800, 0x0000026e5bb5c800,
0x0000026e5bb5e000, 0x0000026e5bb60800, 0x0000026e5bc61800, 0x0000026e5bc63000,
0x0000026e5bc62000, 0x0000026e5bc64000, 0x0000026e5bc64800, 0x0000026e5bc5f000,
0x0000026e5bc65800, 0x0000026e5bc5f800, 0x0000026e5bc66000, 0x0000026e5bc60800,
0x0000026e5bc6c000, 0x0000026e5bc67000, 0x0000026e5bc68800, 0x0000026e5bc6d000,
0x0000026e5bc6d800, 0x0000026e5bc69800, 0x0000026e5bc6b000, 0x0000026e5bc6a800,
0x0000026e5bc68000, 0x0000026e5d054800, 0x0000026e5d04f800, 0x0000026e5d053000,
0x0000026e5d055800, 0x0000026e5d050800, 0x0000026e5d051800, 0x0000026e5d052000
}

Java Threads: ( => current thread )
  0x0000026e3c989800 JavaThread "main" [_thread_blocked, id=21348, stack(0x000000de45400000,0x000000de45500000)]
  0x0000026e57ed4800 JavaThread "Reference Handler" daemon [_thread_blocked, id=624, stack(0x000000de45b00000,0x000000de45c00000)]
  0x0000026e57ede000 JavaThread "Finalizer" daemon [_thread_blocked, id=22820, stack(0x000000de45c00000,0x000000de45d00000)]
  0x0000026e57ef0800 JavaThread "Signal Dispatcher" daemon [_thread_blocked, id=18456, stack(0x000000de45d00000,0x000000de45e00000)]
  0x0000026e57ef5800 JavaThread "Attach Listener" daemon [_thread_blocked, id=11320, stack(0x000000de45e00000,0x000000de45f00000)]
  0x0000026e57f3a800 JavaThread "Service Thread" daemon [_thread_blocked, id=8024, stack(0x000000de45f00000,0x000000de46000000)]
=>0x0000026e57f46800 JavaThread "C2 CompilerThread0" daemon [_thread_in_native, id=10232, stack(0x000000de46000000,0x000000de46100000)]
  0x0000026e57f4f800 JavaThread "C1 CompilerThread0" daemon [_thread_blocked, id=26356, stack(0x000000de46100000,0x000000de46200000)]
  0x0000026e57f67800 JavaThread "Sweeper thread" daemon [_thread_blocked, id=23164, stack(0x000000de46200000,0x000000de46300000)]
  0x0000026e580ca800 JavaThread "Common-Cleaner" daemon [_thread_blocked, id=24472, stack(0x000000de46300000,0x000000de46400000)]
  0x0000026e5a07a000 JavaThread "Daemon health stats" [_thread_blocked, id=21684, stack(0x000000de46e00000,0x000000de46f00000)]
  0x0000026e5a6f7000 JavaThread "Incoming local TCP Connector on port 50766" [_thread_in_native, id=26900, stack(0x000000de46500000,0x000000de46600000)]
  0x0000026e598e7800 JavaThread "Daemon periodic checks" [_thread_blocked, id=22796, stack(0x000000de46600000,0x000000de46700000)]
  0x0000026e5979a000 JavaThread "Daemon" [_thread_blocked, id=15184, stack(0x000000de46f00000,0x000000de47000000)]
  0x0000026e5a971000 JavaThread "Handler for socket connection from /127.0.0.1:50766 to /127.0.0.1:50767" [_thread_in_native, id=20388, stack(0x000000de47000000,0x000000de47100000)]
  0x0000026e5aedf000 JavaThread "Cancel handler" [_thread_blocked, id=25264, stack(0x000000de47100000,0x000000de47200000)]
  0x0000026e59f54000 JavaThread "Daemon worker" [_thread_in_native, id=21924, stack(0x000000de47200000,0x000000de47300000)]
  0x0000026e5a98f000 JavaThread "Asynchronous log dispatcher for DefaultDaemonConnection: socket connection from /127.0.0.1:50766 to /127.0.0.1:50767" [_thread_blocked, id=20532, stack(0x000000de47300000,0x000000de47400000)]
  0x0000026e5a633000 JavaThread "Stdin handler" [_thread_blocked, id=25004, stack(0x000000de47400000,0x000000de47500000)]
  0x0000026e57f51000 JavaThread "Daemon client event forwarder" [_thread_blocked, id=27972, stack(0x000000de47500000,0x000000de47600000)]
  0x0000026e57f4e800 JavaThread "Cache worker for journal cache (C:\Users\kolosov-V\.gradle\caches\journal-1)" [_thread_blocked, id=26328, stack(0x000000de47600000,0x000000de47700000)]
  0x0000026e57f51800 JavaThread "File lock request listener" [_thread_in_native, id=14956, stack(0x000000de47700000,0x000000de47800000)]
  0x0000026e57f50000 JavaThread "Cache worker for file hash cache (C:\Users\kolosov-V\.gradle\caches\7.3.3\fileHashes)" [_thread_blocked, id=22856, stack(0x000000de47800000,0x000000de47900000)]
  0x0000026e57f4c000 JavaThread "C2 CompilerThread1" daemon [_thread_in_native, id=28064, stack(0x000000de47a00000,0x000000de47b00000)]
  0x0000026e57f4d000 JavaThread "Cache worker for file hash cache (D:\Android_Projects\SmokeDigression\.gradle\7.3.3\fileHashes)" [_thread_blocked, id=2456, stack(0x000000de47b00000,0x000000de47c00000)]
  0x0000026e57f4d800 JavaThread "File watcher server" daemon [_thread_in_native, id=27888, stack(0x000000de47d00000,0x000000de47e00000)]
  0x0000026e5b0e0000 JavaThread "File watcher consumer" daemon [_thread_blocked, id=16412, stack(0x000000de47e00000,0x000000de47f00000)]
  0x0000026e5b0e0800 JavaThread "Cache worker for checksums cache (D:\Android_Projects\SmokeDigression\.gradle\7.3.3\checksums)" [_thread_blocked, id=3380, stack(0x000000de47c00000,0x000000de47d00000)]
  0x0000026e5b0e1800 JavaThread "Cache worker for cache directory md-supplier (C:\Users\kolosov-V\.gradle\caches\7.3.3\md-supplier)" [_thread_blocked, id=22712, stack(0x000000de47f00000,0x000000de48000000)]
  0x0000026e5b0dd800 JavaThread "Cache worker for cache directory md-rule (C:\Users\kolosov-V\.gradle\caches\7.3.3\md-rule)" [_thread_blocked, id=20712, stack(0x000000de48000000,0x000000de48100000)]
  0x0000026e5b0e2800 JavaThread "Cache worker for execution history cache (C:\Users\kolosov-V\.gradle\caches\7.3.3\executionHistory)" [_thread_blocked, id=13552, stack(0x000000de48100000,0x000000de48200000)]
  0x0000026e5b0df000 JavaThread "jar transforms" [_thread_blocked, id=25184, stack(0x000000de48300000,0x000000de48400000)]
  0x0000026e5b0e8000 JavaThread "Cache worker for file content cache (C:\Users\kolosov-V\.gradle\caches\7.3.3\fileContent)" [_thread_blocked, id=2708, stack(0x000000de48400000,0x000000de48500000)]
  0x0000026e5b0e7000 JavaThread "jar transforms Thread 2" [_thread_blocked, id=27804, stack(0x000000de48500000,0x000000de48600000)]
  0x0000026e5b0e5000 JavaThread "Cache worker for dependencies-accessors (D:\Android_Projects\SmokeDigression\.gradle\7.3.3\dependencies-accessors)" [_thread_blocked, id=27532, stack(0x000000de48600000,0x000000de48700000)]
  0x0000026e5b0e9800 JavaThread "jar transforms Thread 3" [_thread_blocked, id=640, stack(0x000000de48700000,0x000000de48800000)]
  0x0000026e5b0e4000 JavaThread "Cache worker for Build Output Cleanup Cache (D:\Android_Projects\SmokeDigression\.gradle\buildOutputCleanup)" [_thread_blocked, id=4124, stack(0x000000de48800000,0x000000de48900000)]
  0x0000026e5b0e5800 JavaThread "Unconstrained build operations" [_thread_blocked, id=22340, stack(0x000000de48900000,0x000000de48a00000)]
  0x0000026e5b0ea800 JavaThread "Unconstrained build operations Thread 2" [_thread_blocked, id=13484, stack(0x000000de48a00000,0x000000de48b00000)]
  0x0000026e5b0eb800 JavaThread "Unconstrained build operations Thread 3" [_thread_blocked, id=12940, stack(0x000000de48b00000,0x000000de48c00000)]
  0x0000026e57f52800 JavaThread "Unconstrained build operations Thread 4" [_thread_blocked, id=14168, stack(0x000000de48c00000,0x000000de48d00000)]
  0x0000026e5b931800 JavaThread "Unconstrained build operations Thread 5" [_thread_blocked, id=25052, stack(0x000000de48d00000,0x000000de48e00000)]
  0x0000026e5b934000 JavaThread "Unconstrained build operations Thread 6" [_thread_blocked, id=18712, stack(0x000000de48e00000,0x000000de48f00000)]
  0x0000026e5b930800 JavaThread "Unconstrained build operations Thread 7" [_thread_blocked, id=2292, stack(0x000000de48f00000,0x000000de49000000)]
  0x0000026e5b932800 JavaThread "Unconstrained build operations Thread 8" [_thread_blocked, id=27704, stack(0x000000de49000000,0x000000de49100000)]
  0x0000026e5b930000 JavaThread "Unconstrained build operations Thread 9" [_thread_blocked, id=11952, stack(0x000000de49100000,0x000000de49200000)]
  0x0000026e5b933000 JavaThread "Unconstrained build operations Thread 10" [_thread_blocked, id=19624, stack(0x000000de49200000,0x000000de49300000)]
  0x0000026e5b934800 JavaThread "Unconstrained build operations Thread 11" [_thread_blocked, id=28128, stack(0x000000de49300000,0x000000de49400000)]
  0x0000026e5b92f000 JavaThread "Unconstrained build operations Thread 12" [_thread_blocked, id=8572, stack(0x000000de49400000,0x000000de49500000)]
  0x0000026e5b935800 JavaThread "Unconstrained build operations Thread 13" [_thread_blocked, id=9120, stack(0x000000de49500000,0x000000de49600000)]
  0x0000026e5b93a800 JavaThread "Unconstrained build operations Thread 14" [_thread_blocked, id=28152, stack(0x000000de49600000,0x000000de49700000)]
  0x0000026e5b939000 JavaThread "Unconstrained build operations Thread 15" [_thread_blocked, id=28100, stack(0x000000de49700000,0x000000de49800000)]
  0x0000026e5b93b800 JavaThread "Unconstrained build operations Thread 16" [_thread_blocked, id=5228, stack(0x000000de49800000,0x000000de49900000)]
  0x0000026e5b938000 JavaThread "Unconstrained build operations Thread 17" [_thread_blocked, id=28140, stack(0x000000de49900000,0x000000de49a00000)]
  0x0000026e5b939800 JavaThread "Unconstrained build operations Thread 18" [_thread_blocked, id=15336, stack(0x000000de49a00000,0x000000de49b00000)]
  0x0000026e5b93c000 JavaThread "Unconstrained build operations Thread 19" [_thread_blocked, id=24064, stack(0x000000de49b00000,0x000000de49c00000)]
  0x0000026e5b936800 JavaThread "Unconstrained build operations Thread 20" [_thread_blocked, id=27368, stack(0x000000de49c00000,0x000000de49d00000)]
  0x0000026e5b93d000 JavaThread "Unconstrained build operations Thread 21" [_thread_blocked, id=25564, stack(0x000000de49d00000,0x000000de49e00000)]
  0x0000026e5b937000 JavaThread "Unconstrained build operations Thread 22" [_thread_blocked, id=17492, stack(0x000000de49e00000,0x000000de49f00000)]
  0x0000026e5b93d800 JavaThread "Unconstrained build operations Thread 23" [_thread_blocked, id=9500, stack(0x000000de49f00000,0x000000de4a000000)]
  0x0000026e5b73d000 JavaThread "Unconstrained build operations Thread 24" [_thread_blocked, id=15392, stack(0x000000de4a000000,0x000000de4a100000)]
  0x0000026e5b740800 JavaThread "Unconstrained build operations Thread 25" [_thread_blocked, id=21108, stack(0x000000de4a100000,0x000000de4a200000)]
  0x0000026e5b73e000 JavaThread "Unconstrained build operations Thread 26" [_thread_blocked, id=25540, stack(0x000000de4a200000,0x000000de4a300000)]
  0x0000026e5b73f000 JavaThread "Unconstrained build operations Thread 27" [_thread_blocked, id=12024, stack(0x000000de4a300000,0x000000de4a400000)]
  0x0000026e5b73f800 JavaThread "Unconstrained build operations Thread 28" [_thread_blocked, id=21868, stack(0x000000de4a400000,0x000000de4a500000)]
  0x0000026e5b73a800 JavaThread "Unconstrained build operations Thread 29" [_thread_blocked, id=22480, stack(0x000000de4a500000,0x000000de4a600000)]
  0x0000026e5b741000 JavaThread "Unconstrained build operations Thread 30" [_thread_blocked, id=22424, stack(0x000000de4a600000,0x000000de4a700000)]
  0x0000026e5b73b800 JavaThread "Unconstrained build operations Thread 31" [_thread_blocked, id=14768, stack(0x000000de4a700000,0x000000de4a800000)]
  0x0000026e5b742000 JavaThread "Unconstrained build operations Thread 32" [_thread_blocked, id=25608, stack(0x000000de4a800000,0x000000de4a900000)]
  0x0000026e5b73c800 JavaThread "Unconstrained build operations Thread 33" [_thread_blocked, id=26368, stack(0x000000de4a900000,0x000000de4aa00000)]
  0x0000026e5b745800 JavaThread "Unconstrained build operations Thread 34" [_thread_blocked, id=13976, stack(0x000000de4aa00000,0x000000de4ab00000)]
  0x0000026e5b746000 JavaThread "Unconstrained build operations Thread 35" [_thread_blocked, id=27088, stack(0x000000de4ab00000,0x000000de4ac00000)]
  0x0000026e5b747800 JavaThread "Unconstrained build operations Thread 36" [_thread_blocked, id=16472, stack(0x000000de4ac00000,0x000000de4ad00000)]
  0x0000026e5b743800 JavaThread "Unconstrained build operations Thread 37" [_thread_blocked, id=8956, stack(0x000000de4ad00000,0x000000de4ae00000)]
  0x0000026e5b747000 JavaThread "Unconstrained build operations Thread 38" [_thread_blocked, id=27572, stack(0x000000de4ae00000,0x000000de4af00000)]
  0x0000026e5b748800 JavaThread "Unconstrained build operations Thread 39" [_thread_blocked, id=28544, stack(0x000000de4af00000,0x000000de4b000000)]
  0x0000026e5b743000 JavaThread "Unconstrained build operations Thread 40" [_thread_blocked, id=25472, stack(0x000000de4b000000,0x000000de4b100000)]
  0x0000026e5b749800 JavaThread "Unconstrained build operations Thread 41" [_thread_blocked, id=16856, stack(0x000000de4b100000,0x000000de4b200000)]
  0x0000026e5b744800 JavaThread "Unconstrained build operations Thread 42" [_thread_blocked, id=14800, stack(0x000000de4b200000,0x000000de4b300000)]
  0x0000026e5bb55000 JavaThread "Unconstrained build operations Thread 43" [_thread_blocked, id=1828, stack(0x000000de4b300000,0x000000de4b400000)]
  0x0000026e5bb54000 JavaThread "Unconstrained build operations Thread 44" [_thread_blocked, id=22380, stack(0x000000de4b400000,0x000000de4b500000)]
  0x0000026e5bb59000 JavaThread "Unconstrained build operations Thread 45" [_thread_blocked, id=19896, stack(0x000000de4b500000,0x000000de4b600000)]
  0x0000026e5bb53800 JavaThread "Unconstrained build operations Thread 46" [_thread_blocked, id=18292, stack(0x000000de4b600000,0x000000de4b700000)]
  0x0000026e5bb57800 JavaThread "Unconstrained build operations Thread 47" [_thread_blocked, id=21944, stack(0x000000de4b700000,0x000000de4b800000)]
  0x0000026e5bb5a800 JavaThread "Unconstrained build operations Thread 48" [_thread_blocked, id=10700, stack(0x000000de4b800000,0x000000de4b900000)]
  0x0000026e5bb5b800 JavaThread "Unconstrained build operations Thread 49" [_thread_blocked, id=6556, stack(0x000000de4b900000,0x000000de4ba00000)]
  0x0000026e5bb56800 JavaThread "Unconstrained build operations Thread 50" [_thread_blocked, id=24872, stack(0x000000de4ba00000,0x000000de4bb00000)]
  0x0000026e5bb58000 JavaThread "Unconstrained build operations Thread 51" [_thread_blocked, id=25360, stack(0x000000de4bb00000,0x000000de4bc00000)]
  0x0000026e5bb5a000 JavaThread "Unconstrained build operations Thread 52" [_thread_blocked, id=20008, stack(0x000000de4bc00000,0x000000de4bd00000)]
  0x0000026e5bb56000 JavaThread "Unconstrained build operations Thread 53" [_thread_blocked, id=9632, stack(0x000000de4bd00000,0x000000de4be00000)]
  0x0000026e5bb5d000 JavaThread "Unconstrained build operations Thread 54" [_thread_blocked, id=2140, stack(0x000000de4be00000,0x000000de4bf00000)]
  0x0000026e5bb61000 JavaThread "Unconstrained build operations Thread 55" [_thread_blocked, id=24948, stack(0x000000de4bf00000,0x000000de4c000000)]
  0x0000026e5bb5f000 JavaThread "Unconstrained build operations Thread 56" [_thread_blocked, id=24280, stack(0x000000de4c000000,0x000000de4c100000)]
  0x0000026e5bb62000 JavaThread "Unconstrained build operations Thread 57" [_thread_blocked, id=26700, stack(0x000000de4c100000,0x000000de4c200000)]
  0x0000026e5bb5f800 JavaThread "Unconstrained build operations Thread 58" [_thread_blocked, id=19956, stack(0x000000de4c200000,0x000000de4c300000)]
  0x0000026e5bb5c800 JavaThread "Unconstrained build operations Thread 59" [_thread_blocked, id=12476, stack(0x000000de4c300000,0x000000de4c400000)]
  0x0000026e5bb5e000 JavaThread "Unconstrained build operations Thread 60" [_thread_blocked, id=27068, stack(0x000000de4c400000,0x000000de4c500000)]
  0x0000026e5bb60800 JavaThread "Unconstrained build operations Thread 61" [_thread_blocked, id=26732, stack(0x000000de4c500000,0x000000de4c600000)]
  0x0000026e5bc61800 JavaThread "Unconstrained build operations Thread 62" [_thread_blocked, id=26412, stack(0x000000de4c600000,0x000000de4c700000)]
  0x0000026e5bc63000 JavaThread "Unconstrained build operations Thread 63" [_thread_blocked, id=22272, stack(0x000000de4c700000,0x000000de4c800000)]
  0x0000026e5bc62000 JavaThread "Unconstrained build operations Thread 64" [_thread_blocked, id=696, stack(0x000000de4c800000,0x000000de4c900000)]
  0x0000026e5bc64000 JavaThread "Unconstrained build operations Thread 65" [_thread_blocked, id=26964, stack(0x000000de4c900000,0x000000de4ca00000)]
  0x0000026e5bc64800 JavaThread "Unconstrained build operations Thread 66" [_thread_blocked, id=24432, stack(0x000000de4ca00000,0x000000de4cb00000)]
  0x0000026e5bc5f000 JavaThread "Unconstrained build operations Thread 67" [_thread_blocked, id=13608, stack(0x000000de4cb00000,0x000000de4cc00000)]
  0x0000026e5bc65800 JavaThread "Unconstrained build operations Thread 68" [_thread_blocked, id=24524, stack(0x000000de4cc00000,0x000000de4cd00000)]
  0x0000026e5bc5f800 JavaThread "Unconstrained build operations Thread 69" [_thread_blocked, id=1244, stack(0x000000de4cd00000,0x000000de4ce00000)]
  0x0000026e5bc66000 JavaThread "Unconstrained build operations Thread 70" [_thread_blocked, id=24636, stack(0x000000de4ce00000,0x000000de4cf00000)]
  0x0000026e5bc60800 JavaThread "Unconstrained build operations Thread 71" [_thread_blocked, id=16848, stack(0x000000de4cf00000,0x000000de4d000000)]
  0x0000026e5bc6c000 JavaThread "Unconstrained build operations Thread 72" [_thread_blocked, id=2240, stack(0x000000de4d000000,0x000000de4d100000)]
  0x0000026e5bc67000 JavaThread "Unconstrained build operations Thread 73" [_thread_blocked, id=28636, stack(0x000000de4d100000,0x000000de4d200000)]
  0x0000026e5bc68800 JavaThread "Unconstrained build operations Thread 74" [_thread_blocked, id=25312, stack(0x000000de4d200000,0x000000de4d300000)]
  0x0000026e5bc6d000 JavaThread "Unconstrained build operations Thread 75" [_thread_blocked, id=26576, stack(0x000000de4d300000,0x000000de4d400000)]
  0x0000026e5bc6d800 JavaThread "Unconstrained build operations Thread 76" [_thread_blocked, id=11424, stack(0x000000de4d400000,0x000000de4d500000)]
  0x0000026e5bc69800 JavaThread "Unconstrained build operations Thread 77" [_thread_blocked, id=22292, stack(0x000000de4d500000,0x000000de4d600000)]
  0x0000026e5bc6b000 JavaThread "Unconstrained build operations Thread 78" [_thread_blocked, id=9924, stack(0x000000de4d600000,0x000000de4d700000)]
  0x0000026e5bc6a800 JavaThread "Unconstrained build operations Thread 79" [_thread_blocked, id=25152, stack(0x000000de4d700000,0x000000de4d800000)]
  0x0000026e5bc68000 JavaThread "Unconstrained build operations Thread 80" [_thread_blocked, id=16700, stack(0x000000de4d800000,0x000000de4d900000)]
  0x0000026e5d054800 JavaThread "jar transforms Thread 4" [_thread_blocked, id=15664, stack(0x000000de4d900000,0x000000de4da00000)]
  0x0000026e5d04f800 JavaThread "jar transforms Thread 5" [_thread_blocked, id=26976, stack(0x000000de4da00000,0x000000de4db00000)]
  0x0000026e5d053000 JavaThread "jar transforms Thread 6" [_thread_blocked, id=28648, stack(0x000000de4db00000,0x000000de4dc00000)]
  0x0000026e5d055800 JavaThread "jar transforms Thread 7" [_thread_blocked, id=27144, stack(0x000000de4dc00000,0x000000de4dd00000)]
  0x0000026e5d050800 JavaThread "jar transforms Thread 8" [_thread_blocked, id=10628, stack(0x000000de4dd00000,0x000000de4de00000)]
  0x0000026e5d051800 JavaThread "Memory manager" [_thread_blocked, id=20832, stack(0x000000de4de00000,0x000000de4df00000)]
  0x0000026e5d052000 JavaThread "C2 CompilerThread2" daemon [_thread_in_native, id=28240, stack(0x000000de48200000,0x000000de48300000)]

Other Threads:
  0x0000026e57ed0000 VMThread "VM Thread" [stack: 0x000000de45a00000,0x000000de45b00000] [id=16208]
  0x0000026e580ea800 WatcherThread [stack: 0x000000de46400000,0x000000de46500000] [id=25176]
  0x0000026e3c9a2800 GCTaskThread "GC Thread#0" [stack: 0x000000de45500000,0x000000de45600000] [id=16152]
  0x0000026e58893000 GCTaskThread "GC Thread#1" [stack: 0x000000de46700000,0x000000de46800000] [id=26224]
  0x0000026e59117800 GCTaskThread "GC Thread#2" [stack: 0x000000de46800000,0x000000de46900000] [id=10872]
  0x0000026e59118800 GCTaskThread "GC Thread#3" [stack: 0x000000de46900000,0x000000de46a00000] [id=17420]
  0x0000026e5895c000 GCTaskThread "GC Thread#4" [stack: 0x000000de46a00000,0x000000de46b00000] [id=28316]
  0x0000026e5895d000 GCTaskThread "GC Thread#5" [stack: 0x000000de46b00000,0x000000de46c00000] [id=3680]
  0x0000026e58821000 GCTaskThread "GC Thread#6" [stack: 0x000000de46c00000,0x000000de46d00000] [id=25856]
  0x0000026e58e8f800 GCTaskThread "GC Thread#7" [stack: 0x000000de46d00000,0x000000de46e00000] [id=24616]
  0x0000026e3c9d4800 ConcurrentGCThread "G1 Main Marker" [stack: 0x000000de45600000,0x000000de45700000] [id=23940]
  0x0000026e3c9d6000 ConcurrentGCThread "G1 Conc#0" [stack: 0x000000de45700000,0x000000de45800000] [id=27184]
  0x0000026e5a7be000 ConcurrentGCThread "G1 Conc#1" [stack: 0x000000de47900000,0x000000de47a00000] [id=25388]
  0x0000026e57520000 ConcurrentGCThread "G1 Refine#0" [stack: 0x000000de45800000,0x000000de45900000] [id=832]
  0x0000026e57521000 ConcurrentGCThread "G1 Young RemSet Sampling" [stack: 0x000000de45900000,0x000000de45a00000] [id=24936]

Threads with active compile tasks:
C2 CompilerThread0  12500 7944       4       org.gradle.internal.instantiation.generator.AbstractClassGenerator::inspectType (560 bytes)
C2 CompilerThread1  12500 7726       4       java.lang.Class::getAnnotation (22 bytes)
C2 CompilerThread2  12500 7728       4       java.lang.Class::annotationData (44 bytes)

VM state:not at safepoint (normal execution)

VM Mutex/Monitor currently owned by a thread: None

Heap address: 0x0000000080000000, size: 2048 MB, Compressed Oops mode: 32-bit
Narrow klass base: 0x0000000000000000, Narrow klass shift: 3
Compressed class space size: 1073741824 Address: 0x0000000100000000

Heap:
 garbage-first heap   total 520192K, used 117842K [0x0000000080000000, 0x0000000100000000)
  region size 1024K, 79 young (80896K), 30 survivors (30720K)
 Metaspace       used 82461K, capacity 84334K, committed 84608K, reserved 1122304K
  class space    used 10763K, capacity 11444K, committed 11468K, reserved 1048576K
Heap Regions: E=young(eden), S=young(survivor), O=old, HS=humongous(starts), HC=humongous(continues), CS=collection set, F=free, A=archive, TAMS=top-at-mark-start (previous, next)
|   0|0x0000000080000000, 0x0000000080100000, 0x0000000080100000|100%| O|  |TAMS 0x0000000080100000, 0x0000000080000000| Untracked 
|   1|0x0000000080100000, 0x0000000080200000, 0x0000000080200000|100%| O|  |TAMS 0x0000000080200000, 0x0000000080100000| Untracked 
|   2|0x0000000080200000, 0x0000000080300000, 0x0000000080300000|100%| O|  |TAMS 0x0000000080300000, 0x0000000080200000| Untracked 
|   3|0x0000000080300000, 0x0000000080400000, 0x0000000080400000|100%|HS|  |TAMS 0x0000000080400000, 0x0000000080300000| Complete 
|   4|0x0000000080400000, 0x0000000080500000, 0x0000000080500000|100%|HC|  |TAMS 0x0000000080500000, 0x0000000080400000| Complete 
|   5|0x0000000080500000, 0x0000000080600000, 0x0000000080600000|100%|HC|  |TAMS 0x0000000080600000, 0x0000000080500000| Complete 
|   6|0x0000000080600000, 0x0000000080700000, 0x0000000080700000|100%| O|  |TAMS 0x0000000080700000, 0x0000000080600000| Untracked 
|   7|0x0000000080700000, 0x0000000080800000, 0x0000000080800000|100%| O|  |TAMS 0x0000000080800000, 0x0000000080700000| Untracked 
|   8|0x0000000080800000, 0x0000000080900000, 0x0000000080900000|100%| O|  |TAMS 0x0000000080900000, 0x0000000080800000| Untracked 
|   9|0x0000000080900000, 0x0000000080a00000, 0x0000000080a00000|100%| O|  |TAMS 0x0000000080a00000, 0x0000000080900000| Untracked 
|  10|0x0000000080a00000, 0x0000000080b00000, 0x0000000080b00000|100%| O|  |TAMS 0x0000000080b00000, 0x0000000080a00000| Untracked 
|  11|0x0000000080b00000, 0x0000000080c00000, 0x0000000080c00000|100%| O|  |TAMS 0x0000000080c00000, 0x0000000080b00000| Untracked 
|  12|0x0000000080c00000, 0x0000000080d00000, 0x0000000080d00000|100%| O|  |TAMS 0x0000000080d00000, 0x0000000080c00000| Untracked 
|  13|0x0000000080d00000, 0x0000000080e00000, 0x0000000080e00000|100%| O|  |TAMS 0x0000000080e00000, 0x0000000080d00000| Untracked 
|  14|0x0000000080e00000, 0x0000000080f00000, 0x0000000080f00000|100%| O|  |TAMS 0x0000000080f00000, 0x0000000080e00000| Untracked 
|  15|0x0000000080f00000, 0x0000000081000000, 0x0000000081000000|100%| O|  |TAMS 0x0000000081000000, 0x0000000080f00000| Untracked 
|  16|0x0000000081000000, 0x0000000081100000, 0x0000000081100000|100%|HS|  |TAMS 0x0000000081100000, 0x0000000081000000| Complete 
|  17|0x0000000081100000, 0x0000000081200000, 0x0000000081200000|100%|HS|  |TAMS 0x0000000081200000, 0x0000000081100000| Complete 
|  18|0x0000000081200000, 0x0000000081300000, 0x0000000081300000|100%|HS|  |TAMS 0x0000000081300000, 0x0000000081200000| Complete 
|  19|0x0000000081300000, 0x0000000081400000, 0x0000000081400000|100%|HS|  |TAMS 0x0000000081400000, 0x0000000081300000| Complete 
|  20|0x0000000081400000, 0x0000000081500000, 0x0000000081500000|100%|HC|  |TAMS 0x0000000081500000, 0x0000000081400000| Complete 
|  21|0x0000000081500000, 0x0000000081600000, 0x0000000081600000|100%|HC|  |TAMS 0x0000000081600000, 0x0000000081500000| Complete 
|  22|0x0000000081600000, 0x0000000081700000, 0x0000000081700000|100%|HS|  |TAMS 0x0000000081700000, 0x0000000081600000| Complete 
|  23|0x0000000081700000, 0x0000000081800000, 0x0000000081800000|100%|HC|  |TAMS 0x0000000081800000, 0x0000000081700000| Complete 
|  24|0x0000000081800000, 0x0000000081900000, 0x0000000081900000|100%| O|  |TAMS 0x0000000081900000, 0x0000000081800000| Untracked 
|  25|0x0000000081900000, 0x0000000081900000, 0x0000000081a00000|  0%| F|  |TAMS 0x0000000081900000, 0x0000000081900000| Untracked 
|  26|0x0000000081a00000, 0x0000000081b00000, 0x0000000081b00000|100%| O|  |TAMS 0x0000000081b00000, 0x0000000081a00000| Untracked 
|  27|0x0000000081b00000, 0x0000000081c00000, 0x0000000081c00000|100%| O|  |TAMS 0x0000000081c00000, 0x0000000081b00000| Untracked 
|  28|0x0000000081c00000, 0x0000000081d00000, 0x0000000081d00000|100%| O|  |TAMS 0x0000000081d00000, 0x0000000081c00000| Untracked 
|  29|0x0000000081d00000, 0x0000000081e00000, 0x0000000081e00000|100%| O|  |TAMS 0x0000000081e00000, 0x0000000081d00000| Untracked 
|  30|0x0000000081e00000, 0x0000000081f00000, 0x0000000081f00000|100%| O|  |TAMS 0x0000000081f00000, 0x0000000081e00000| Untracked 
|  31|0x0000000081f00000, 0x0000000082000000, 0x0000000082000000|100%| O|  |TAMS 0x0000000082000000, 0x0000000081f00000| Untracked 
|  32|0x0000000082000000, 0x0000000082100000, 0x0000000082100000|100%| O|  |TAMS 0x0000000082100000, 0x0000000082000000| Untracked 
|  33|0x0000000082100000, 0x0000000082200000, 0x0000000082200000|100%| O|  |TAMS 0x0000000082200000, 0x0000000082100000| Untracked 
|  34|0x0000000082200000, 0x0000000082300000, 0x0000000082300000|100%| O|  |TAMS 0x0000000082300000, 0x0000000082200000| Untracked 
|  35|0x0000000082300000, 0x0000000082400000, 0x0000000082400000|100%| O|  |TAMS 0x0000000082400000, 0x0000000082300000| Untracked 
|  36|0x0000000082400000, 0x0000000082500000, 0x0000000082500000|100%| O|  |TAMS 0x0000000082500000, 0x0000000082400000| Untracked 
|  37|0x0000000082500000, 0x0000000082600000, 0x0000000082600000|100%| O|  |TAMS 0x0000000082600000, 0x0000000082500000| Untracked 
|  38|0x0000000082600000, 0x0000000082614a00, 0x0000000082700000|  8%| O|  |TAMS 0x0000000082614a00, 0x0000000082600000| Untracked 
|  39|0x0000000082700000, 0x0000000082700000, 0x0000000082800000|  0%| F|  |TAMS 0x0000000082700000, 0x0000000082700000| Untracked 
|  40|0x0000000082800000, 0x0000000082800000, 0x0000000082900000|  0%| F|  |TAMS 0x0000000082800000, 0x0000000082800000| Untracked 
|  41|0x0000000082900000, 0x0000000082900000, 0x0000000082a00000|  0%| F|  |TAMS 0x0000000082900000, 0x0000000082900000| Untracked 
|  42|0x0000000082a00000, 0x0000000082a00000, 0x0000000082b00000|  0%| F|  |TAMS 0x0000000082a00000, 0x0000000082a00000| Untracked 
|  43|0x0000000082b00000, 0x0000000082b00000, 0x0000000082c00000|  0%| F|  |TAMS 0x0000000082b00000, 0x0000000082b00000| Untracked 
|  44|0x0000000082c00000, 0x0000000082c00000, 0x0000000082d00000|  0%| F|  |TAMS 0x0000000082c00000, 0x0000000082c00000| Untracked 
|  45|0x0000000082d00000, 0x0000000082d00000, 0x0000000082e00000|  0%| F|  |TAMS 0x0000000082d00000, 0x0000000082d00000| Untracked 
|  46|0x0000000082e00000, 0x0000000082e00000, 0x0000000082f00000|  0%| F|  |TAMS 0x0000000082e00000, 0x0000000082e00000| Untracked 
|  47|0x0000000082f00000, 0x0000000082f00000, 0x0000000083000000|  0%| F|  |TAMS 0x0000000082f00000, 0x0000000082f00000| Untracked 
|  48|0x0000000083000000, 0x0000000083000000, 0x0000000083100000|  0%| F|  |TAMS 0x0000000083000000, 0x0000000083000000| Untracked 
|  49|0x0000000083100000, 0x0000000083100000, 0x0000000083200000|  0%| F|  |TAMS 0x0000000083100000, 0x0000000083100000| Untracked 
|  50|0x0000000083200000, 0x0000000083200000, 0x0000000083300000|  0%| F|  |TAMS 0x0000000083200000, 0x0000000083200000| Untracked 
|  51|0x0000000083300000, 0x0000000083300000, 0x0000000083400000|  0%| F|  |TAMS 0x0000000083300000, 0x0000000083300000| Untracked 
|  52|0x0000000083400000, 0x0000000083400000, 0x0000000083500000|  0%| F|  |TAMS 0x0000000083400000, 0x0000000083400000| Untracked 
|  53|0x0000000083500000, 0x0000000083500000, 0x0000000083600000|  0%| F|  |TAMS 0x0000000083500000, 0x0000000083500000| Untracked 
|  54|0x0000000083600000, 0x0000000083600000, 0x0000000083700000|  0%| F|  |TAMS 0x0000000083600000, 0x0000000083600000| Untracked 
|  55|0x0000000083700000, 0x0000000083700000, 0x0000000083800000|  0%| F|  |TAMS 0x0000000083700000, 0x0000000083700000| Untracked 
|  56|0x0000000083800000, 0x0000000083800000, 0x0000000083900000|  0%| F|  |TAMS 0x0000000083800000, 0x0000000083800000| Untracked 
|  57|0x0000000083900000, 0x0000000083900000, 0x0000000083a00000|  0%| F|  |TAMS 0x0000000083900000, 0x0000000083900000| Untracked 
|  58|0x0000000083a00000, 0x0000000083a00000, 0x0000000083b00000|  0%| F|  |TAMS 0x0000000083a00000, 0x0000000083a00000| Untracked 
|  59|0x0000000083b00000, 0x0000000083b00000, 0x0000000083c00000|  0%| F|  |TAMS 0x0000000083b00000, 0x0000000083b00000| Untracked 
|  60|0x0000000083c00000, 0x0000000083c00000, 0x0000000083d00000|  0%| F|  |TAMS 0x0000000083c00000, 0x0000000083c00000| Untracked 
|  61|0x0000000083d00000, 0x0000000083d00000, 0x0000000083e00000|  0%| F|  |TAMS 0x0000000083d00000, 0x0000000083d00000| Untracked 
|  62|0x0000000083e00000, 0x0000000083e00000, 0x0000000083f00000|  0%| F|  |TAMS 0x0000000083e00000, 0x0000000083e00000| Untracked 
|  63|0x0000000083f00000, 0x0000000083f00000, 0x0000000084000000|  0%| F|  |TAMS 0x0000000083f00000, 0x0000000083f00000| Untracked 
|  64|0x0000000084000000, 0x0000000084000000, 0x0000000084100000|  0%| F|  |TAMS 0x0000000084000000, 0x0000000084000000| Untracked 
|  65|0x0000000084100000, 0x0000000084100000, 0x0000000084200000|  0%| F|  |TAMS 0x0000000084100000, 0x0000000084100000| Untracked 
|  66|0x0000000084200000, 0x0000000084200000, 0x0000000084300000|  0%| F|  |TAMS 0x0000000084200000, 0x0000000084200000| Untracked 
|  67|0x0000000084300000, 0x0000000084300000, 0x0000000084400000|  0%| F|  |TAMS 0x0000000084300000, 0x0000000084300000| Untracked 
|  68|0x0000000084400000, 0x0000000084400000, 0x0000000084500000|  0%| F|  |TAMS 0x0000000084400000, 0x0000000084400000| Untracked 
|  69|0x0000000084500000, 0x0000000084500000, 0x0000000084600000|  0%| F|  |TAMS 0x0000000084500000, 0x0000000084500000| Untracked 
|  70|0x0000000084600000, 0x0000000084600000, 0x0000000084700000|  0%| F|  |TAMS 0x0000000084600000, 0x0000000084600000| Untracked 
|  71|0x0000000084700000, 0x0000000084700000, 0x0000000084800000|  0%| F|  |TAMS 0x0000000084700000, 0x0000000084700000| Untracked 
|  72|0x0000000084800000, 0x0000000084800000, 0x0000000084900000|  0%| F|  |TAMS 0x0000000084800000, 0x0000000084800000| Untracked 
|  73|0x0000000084900000, 0x0000000084900000, 0x0000000084a00000|  0%| F|  |TAMS 0x0000000084900000, 0x0000000084900000| Untracked 
|  74|0x0000000084a00000, 0x0000000084a00000, 0x0000000084b00000|  0%| F|  |TAMS 0x0000000084a00000, 0x0000000084a00000| Untracked 
|  75|0x0000000084b00000, 0x0000000084b00000, 0x0000000084c00000|  0%| F|  |TAMS 0x0000000084b00000, 0x0000000084b00000| Untracked 
|  76|0x0000000084c00000, 0x0000000084c00000, 0x0000000084d00000|  0%| F|  |TAMS 0x0000000084c00000, 0x0000000084c00000| Untracked 
|  77|0x0000000084d00000, 0x0000000084d00000, 0x0000000084e00000|  0%| F|  |TAMS 0x0000000084d00000, 0x0000000084d00000| Untracked 
|  78|0x0000000084e00000, 0x0000000084e00000, 0x0000000084f00000|  0%| F|  |TAMS 0x0000000084e00000, 0x0000000084e00000| Untracked 
|  79|0x0000000084f00000, 0x0000000084f00000, 0x0000000085000000|  0%| F|  |TAMS 0x0000000084f00000, 0x0000000084f00000| Untracked 
|  80|0x0000000085000000, 0x0000000085000000, 0x0000000085100000|  0%| F|  |TAMS 0x0000000085000000, 0x0000000085000000| Untracked 
|  81|0x0000000085100000, 0x0000000085100000, 0x0000000085200000|  0%| F|  |TAMS 0x0000000085100000, 0x0000000085100000| Untracked 
|  82|0x0000000085200000, 0x0000000085200000, 0x0000000085300000|  0%| F|  |TAMS 0x0000000085200000, 0x0000000085200000| Untracked 
|  83|0x0000000085300000, 0x0000000085300000, 0x0000000085400000|  0%| F|  |TAMS 0x0000000085300000, 0x0000000085300000| Untracked 
|  84|0x0000000085400000, 0x0000000085400000, 0x0000000085500000|  0%| F|  |TAMS 0x0000000085400000, 0x0000000085400000| Untracked 
|  85|0x0000000085500000, 0x0000000085500000, 0x0000000085600000|  0%| F|  |TAMS 0x0000000085500000, 0x0000000085500000| Untracked 
|  86|0x0000000085600000, 0x0000000085600000, 0x0000000085700000|  0%| F|  |TAMS 0x0000000085600000, 0x0000000085600000| Untracked 
|  87|0x0000000085700000, 0x0000000085700000, 0x0000000085800000|  0%| F|  |TAMS 0x0000000085700000, 0x0000000085700000| Untracked 
|  88|0x0000000085800000, 0x0000000085800000, 0x0000000085900000|  0%| F|  |TAMS 0x0000000085800000, 0x0000000085800000| Untracked 
|  89|0x0000000085900000, 0x0000000085900000, 0x0000000085a00000|  0%| F|  |TAMS 0x0000000085900000, 0x0000000085900000| Untracked 
|  90|0x0000000085a00000, 0x0000000085a00000, 0x0000000085b00000|  0%| F|  |TAMS 0x0000000085a00000, 0x0000000085a00000| Untracked 
|  91|0x0000000085b00000, 0x0000000085b00000, 0x0000000085c00000|  0%| F|  |TAMS 0x0000000085b00000, 0x0000000085b00000| Untracked 
|  92|0x0000000085c00000, 0x0000000085c00000, 0x0000000085d00000|  0%| F|  |TAMS 0x0000000085c00000, 0x0000000085c00000| Untracked 
|  93|0x0000000085d00000, 0x0000000085d00000, 0x0000000085e00000|  0%| F|  |TAMS 0x0000000085d00000, 0x0000000085d00000| Untracked 
|  94|0x0000000085e00000, 0x0000000085e00000, 0x0000000085f00000|  0%| F|  |TAMS 0x0000000085e00000, 0x0000000085e00000| Untracked 
|  95|0x0000000085f00000, 0x0000000085f00000, 0x0000000086000000|  0%| F|  |TAMS 0x0000000085f00000, 0x0000000085f00000| Untracked 
|  96|0x0000000086000000, 0x0000000086000000, 0x0000000086100000|  0%| F|  |TAMS 0x0000000086000000, 0x0000000086000000| Untracked 
|  97|0x0000000086100000, 0x0000000086100000, 0x0000000086200000|  0%| F|  |TAMS 0x0000000086100000, 0x0000000086100000| Untracked 
|  98|0x0000000086200000, 0x0000000086200000, 0x0000000086300000|  0%| F|  |TAMS 0x0000000086200000, 0x0000000086200000| Untracked 
|  99|0x0000000086300000, 0x0000000086300000, 0x0000000086400000|  0%| F|  |TAMS 0x0000000086300000, 0x0000000086300000| Untracked 
| 100|0x0000000086400000, 0x0000000086400000, 0x0000000086500000|  0%| F|  |TAMS 0x0000000086400000, 0x0000000086400000| Untracked 
| 101|0x0000000086500000, 0x0000000086500000, 0x0000000086600000|  0%| F|  |TAMS 0x0000000086500000, 0x0000000086500000| Untracked 
| 102|0x0000000086600000, 0x0000000086600000, 0x0000000086700000|  0%| F|  |TAMS 0x0000000086600000, 0x0000000086600000| Untracked 
| 103|0x0000000086700000, 0x0000000086700000, 0x0000000086800000|  0%| F|  |TAMS 0x0000000086700000, 0x0000000086700000| Untracked 
| 104|0x0000000086800000, 0x0000000086800000, 0x0000000086900000|  0%| F|  |TAMS 0x0000000086800000, 0x0000000086800000| Untracked 
| 105|0x0000000086900000, 0x0000000086900000, 0x0000000086a00000|  0%| F|  |TAMS 0x0000000086900000, 0x0000000086900000| Untracked 
| 106|0x0000000086a00000, 0x0000000086a00000, 0x0000000086b00000|  0%| F|  |TAMS 0x0000000086a00000, 0x0000000086a00000| Untracked 
| 107|0x0000000086b00000, 0x0000000086b00000, 0x0000000086c00000|  0%| F|  |TAMS 0x0000000086b00000, 0x0000000086b00000| Untracked 
| 108|0x0000000086c00000, 0x0000000086c00000, 0x0000000086d00000|  0%| F|  |TAMS 0x0000000086c00000, 0x0000000086c00000| Untracked 
| 109|0x0000000086d00000, 0x0000000086d00000, 0x0000000086e00000|  0%| F|  |TAMS 0x0000000086d00000, 0x0000000086d00000| Untracked 
| 110|0x0000000086e00000, 0x0000000086e00000, 0x0000000086f00000|  0%| F|  |TAMS 0x0000000086e00000, 0x0000000086e00000| Untracked 
| 111|0x0000000086f00000, 0x0000000086f00000, 0x0000000087000000|  0%| F|  |TAMS 0x0000000086f00000, 0x0000000086f00000| Untracked 
| 112|0x0000000087000000, 0x0000000087000000, 0x0000000087100000|  0%| F|  |TAMS 0x0000000087000000, 0x0000000087000000| Untracked 
| 113|0x0000000087100000, 0x0000000087100000, 0x0000000087200000|  0%| F|  |TAMS 0x0000000087100000, 0x0000000087100000| Untracked 
| 114|0x0000000087200000, 0x0000000087200000, 0x0000000087300000|  0%| F|  |TAMS 0x0000000087200000, 0x0000000087200000| Untracked 
| 115|0x0000000087300000, 0x0000000087300000, 0x0000000087400000|  0%| F|  |TAMS 0x0000000087300000, 0x0000000087300000| Untracked 
| 116|0x0000000087400000, 0x0000000087400000, 0x0000000087500000|  0%| F|  |TAMS 0x0000000087400000, 0x0000000087400000| Untracked 
| 117|0x0000000087500000, 0x0000000087500000, 0x0000000087600000|  0%| F|  |TAMS 0x0000000087500000, 0x0000000087500000| Untracked 
| 118|0x0000000087600000, 0x0000000087600000, 0x0000000087700000|  0%| F|  |TAMS 0x0000000087600000, 0x0000000087600000| Untracked 
| 119|0x0000000087700000, 0x0000000087700000, 0x0000000087800000|  0%| F|  |TAMS 0x0000000087700000, 0x0000000087700000| Untracked 
| 120|0x0000000087800000, 0x0000000087800000, 0x0000000087900000|  0%| F|  |TAMS 0x0000000087800000, 0x0000000087800000| Untracked 
| 121|0x0000000087900000, 0x0000000087900000, 0x0000000087a00000|  0%| F|  |TAMS 0x0000000087900000, 0x0000000087900000| Untracked 
| 122|0x0000000087a00000, 0x0000000087a00000, 0x0000000087b00000|  0%| F|  |TAMS 0x0000000087a00000, 0x0000000087a00000| Untracked 
| 123|0x0000000087b00000, 0x0000000087b00000, 0x0000000087c00000|  0%| F|  |TAMS 0x0000000087b00000, 0x0000000087b00000| Untracked 
| 124|0x0000000087c00000, 0x0000000087c00000, 0x0000000087d00000|  0%| F|  |TAMS 0x0000000087c00000, 0x0000000087c00000| Untracked 
| 125|0x0000000087d00000, 0x0000000087d00000, 0x0000000087e00000|  0%| F|  |TAMS 0x0000000087d00000, 0x0000000087d00000| Untracked 
| 126|0x0000000087e00000, 0x0000000087e00000, 0x0000000087f00000|  0%| F|  |TAMS 0x0000000087e00000, 0x0000000087e00000| Untracked 
| 127|0x0000000087f00000, 0x0000000087f00000, 0x0000000088000000|  0%| F|  |TAMS 0x0000000087f00000, 0x0000000087f00000| Untracked 
| 128|0x0000000088000000, 0x0000000088000000, 0x0000000088100000|  0%| F|  |TAMS 0x0000000088000000, 0x0000000088000000| Untracked 
| 129|0x0000000088100000, 0x0000000088100000, 0x0000000088200000|  0%| F|  |TAMS 0x0000000088100000, 0x0000000088100000| Untracked 
| 130|0x0000000088200000, 0x0000000088200000, 0x0000000088300000|  0%| F|  |TAMS 0x0000000088200000, 0x0000000088200000| Untracked 
| 131|0x0000000088300000, 0x0000000088300000, 0x0000000088400000|  0%| F|  |TAMS 0x0000000088300000, 0x0000000088300000| Untracked 
| 132|0x0000000088400000, 0x0000000088400000, 0x0000000088500000|  0%| F|  |TAMS 0x0000000088400000, 0x0000000088400000| Untracked 
| 133|0x0000000088500000, 0x0000000088500000, 0x0000000088600000|  0%| F|  |TAMS 0x0000000088500000, 0x0000000088500000| Untracked 
| 134|0x0000000088600000, 0x0000000088600000, 0x0000000088700000|  0%| F|  |TAMS 0x0000000088600000, 0x0000000088600000| Untracked 
| 135|0x0000000088700000, 0x0000000088700000, 0x0000000088800000|  0%| F|  |TAMS 0x0000000088700000, 0x0000000088700000| Untracked 
| 136|0x0000000088800000, 0x0000000088800000, 0x0000000088900000|  0%| F|  |TAMS 0x0000000088800000, 0x0000000088800000| Untracked 
| 137|0x0000000088900000, 0x0000000088900000, 0x0000000088a00000|  0%| F|  |TAMS 0x0000000088900000, 0x0000000088900000| Untracked 
| 138|0x0000000088a00000, 0x0000000088a00000, 0x0000000088b00000|  0%| F|  |TAMS 0x0000000088a00000, 0x0000000088a00000| Untracked 
| 139|0x0000000088b00000, 0x0000000088b00000, 0x0000000088c00000|  0%| F|  |TAMS 0x0000000088b00000, 0x0000000088b00000| Untracked 
| 140|0x0000000088c00000, 0x0000000088c00000, 0x0000000088d00000|  0%| F|  |TAMS 0x0000000088c00000, 0x0000000088c00000| Untracked 
| 141|0x0000000088d00000, 0x0000000088d00000, 0x0000000088e00000|  0%| F|  |TAMS 0x0000000088d00000, 0x0000000088d00000| Untracked 
| 142|0x0000000088e00000, 0x0000000088e00000, 0x0000000088f00000|  0%| F|  |TAMS 0x0000000088e00000, 0x0000000088e00000| Untracked 
| 143|0x0000000088f00000, 0x0000000088f00000, 0x0000000089000000|  0%| F|  |TAMS 0x0000000088f00000, 0x0000000088f00000| Untracked 
| 144|0x0000000089000000, 0x0000000089000000, 0x0000000089100000|  0%| F|  |TAMS 0x0000000089000000, 0x0000000089000000| Untracked 
| 145|0x0000000089100000, 0x0000000089100000, 0x0000000089200000|  0%| F|  |TAMS 0x0000000089100000, 0x0000000089100000| Untracked 
| 146|0x0000000089200000, 0x0000000089200000, 0x0000000089300000|  0%| F|  |TAMS 0x0000000089200000, 0x0000000089200000| Untracked 
| 147|0x0000000089300000, 0x0000000089300000, 0x0000000089400000|  0%| F|  |TAMS 0x0000000089300000, 0x0000000089300000| Untracked 
| 148|0x0000000089400000, 0x0000000089400000, 0x0000000089500000|  0%| F|  |TAMS 0x0000000089400000, 0x0000000089400000| Untracked 
| 149|0x0000000089500000, 0x0000000089500000, 0x0000000089600000|  0%| F|  |TAMS 0x0000000089500000, 0x0000000089500000| Untracked 
| 150|0x0000000089600000, 0x0000000089600000, 0x0000000089700000|  0%| F|  |TAMS 0x0000000089600000, 0x0000000089600000| Untracked 
| 151|0x0000000089700000, 0x0000000089700000, 0x0000000089800000|  0%| F|  |TAMS 0x0000000089700000, 0x0000000089700000| Untracked 
| 152|0x0000000089800000, 0x0000000089800000, 0x0000000089900000|  0%| F|  |TAMS 0x0000000089800000, 0x0000000089800000| Untracked 
| 153|0x0000000089900000, 0x0000000089900000, 0x0000000089a00000|  0%| F|  |TAMS 0x0000000089900000, 0x0000000089900000| Untracked 
| 154|0x0000000089a00000, 0x0000000089a00000, 0x0000000089b00000|  0%| F|  |TAMS 0x0000000089a00000, 0x0000000089a00000| Untracked 
| 155|0x0000000089b00000, 0x0000000089b00000, 0x0000000089c00000|  0%| F|  |TAMS 0x0000000089b00000, 0x0000000089b00000| Untracked 
| 156|0x0000000089c00000, 0x0000000089c00000, 0x0000000089d00000|  0%| F|  |TAMS 0x0000000089c00000, 0x0000000089c00000| Untracked 
| 157|0x0000000089d00000, 0x0000000089d00000, 0x0000000089e00000|  0%| F|  |TAMS 0x0000000089d00000, 0x0000000089d00000| Untracked 
| 158|0x0000000089e00000, 0x0000000089e00000, 0x0000000089f00000|  0%| F|  |TAMS 0x0000000089e00000, 0x0000000089e00000| Untracked 
| 159|0x0000000089f00000, 0x0000000089f00000, 0x000000008a000000|  0%| F|  |TAMS 0x0000000089f00000, 0x0000000089f00000| Untracked 
| 160|0x000000008a000000, 0x000000008a000000, 0x000000008a100000|  0%| F|  |TAMS 0x000000008a000000, 0x000000008a000000| Untracked 
| 161|0x000000008a100000, 0x000000008a100000, 0x000000008a200000|  0%| F|  |TAMS 0x000000008a100000, 0x000000008a100000| Untracked 
| 162|0x000000008a200000, 0x000000008a200000, 0x000000008a300000|  0%| F|  |TAMS 0x000000008a200000, 0x000000008a200000| Untracked 
| 163|0x000000008a300000, 0x000000008a300000, 0x000000008a400000|  0%| F|  |TAMS 0x000000008a300000, 0x000000008a300000| Untracked 
| 164|0x000000008a400000, 0x000000008a400000, 0x000000008a500000|  0%| F|  |TAMS 0x000000008a400000, 0x000000008a400000| Untracked 
| 165|0x000000008a500000, 0x000000008a500000, 0x000000008a600000|  0%| F|  |TAMS 0x000000008a500000, 0x000000008a500000| Untracked 
| 166|0x000000008a600000, 0x000000008a600000, 0x000000008a700000|  0%| F|  |TAMS 0x000000008a600000, 0x000000008a600000| Untracked 
| 167|0x000000008a700000, 0x000000008a700000, 0x000000008a800000|  0%| F|  |TAMS 0x000000008a700000, 0x000000008a700000| Untracked 
| 168|0x000000008a800000, 0x000000008a800000, 0x000000008a900000|  0%| F|  |TAMS 0x000000008a800000, 0x000000008a800000| Untracked 
| 169|0x000000008a900000, 0x000000008a900000, 0x000000008aa00000|  0%| F|  |TAMS 0x000000008a900000, 0x000000008a900000| Untracked 
| 170|0x000000008aa00000, 0x000000008aa00000, 0x000000008ab00000|  0%| F|  |TAMS 0x000000008aa00000, 0x000000008aa00000| Untracked 
| 171|0x000000008ab00000, 0x000000008ab00000, 0x000000008ac00000|  0%| F|  |TAMS 0x000000008ab00000, 0x000000008ab00000| Untracked 
| 172|0x000000008ac00000, 0x000000008ac00000, 0x000000008ad00000|  0%| F|  |TAMS 0x000000008ac00000, 0x000000008ac00000| Untracked 
| 173|0x000000008ad00000, 0x000000008ad00000, 0x000000008ae00000|  0%| F|  |TAMS 0x000000008ad00000, 0x000000008ad00000| Untracked 
| 174|0x000000008ae00000, 0x000000008ae00000, 0x000000008af00000|  0%| F|  |TAMS 0x000000008ae00000, 0x000000008ae00000| Untracked 
| 175|0x000000008af00000, 0x000000008af00000, 0x000000008b000000|  0%| F|  |TAMS 0x000000008af00000, 0x000000008af00000| Untracked 
| 176|0x000000008b000000, 0x000000008b000000, 0x000000008b100000|  0%| F|  |TAMS 0x000000008b000000, 0x000000008b000000| Untracked 
| 177|0x000000008b100000, 0x000000008b100000, 0x000000008b200000|  0%| F|  |TAMS 0x000000008b100000, 0x000000008b100000| Untracked 
| 178|0x000000008b200000, 0x000000008b200000, 0x000000008b300000|  0%| F|  |TAMS 0x000000008b200000, 0x000000008b200000| Untracked 
| 179|0x000000008b300000, 0x000000008b300000, 0x000000008b400000|  0%| F|  |TAMS 0x000000008b300000, 0x000000008b300000| Untracked 
| 180|0x000000008b400000, 0x000000008b400000, 0x000000008b500000|  0%| F|  |TAMS 0x000000008b400000, 0x000000008b400000| Untracked 
| 181|0x000000008b500000, 0x000000008b500000, 0x000000008b600000|  0%| F|  |TAMS 0x000000008b500000, 0x000000008b500000| Untracked 
| 182|0x000000008b600000, 0x000000008b600000, 0x000000008b700000|  0%| F|  |TAMS 0x000000008b600000, 0x000000008b600000| Untracked 
| 183|0x000000008b700000, 0x000000008b700000, 0x000000008b800000|  0%| F|  |TAMS 0x000000008b700000, 0x000000008b700000| Untracked 
| 184|0x000000008b800000, 0x000000008b800000, 0x000000008b900000|  0%| F|  |TAMS 0x000000008b800000, 0x000000008b800000| Untracked 
| 185|0x000000008b900000, 0x000000008b900000, 0x000000008ba00000|  0%| F|  |TAMS 0x000000008b900000, 0x000000008b900000| Untracked 
| 186|0x000000008ba00000, 0x000000008ba00000, 0x000000008bb00000|  0%| F|  |TAMS 0x000000008ba00000, 0x000000008ba00000| Untracked 
| 187|0x000000008bb00000, 0x000000008bb00000, 0x000000008bc00000|  0%| F|  |TAMS 0x000000008bb00000, 0x000000008bb00000| Untracked 
| 188|0x000000008bc00000, 0x000000008bc00000, 0x000000008bd00000|  0%| F|  |TAMS 0x000000008bc00000, 0x000000008bc00000| Untracked 
| 189|0x000000008bd00000, 0x000000008bd00000, 0x000000008be00000|  0%| F|  |TAMS 0x000000008bd00000, 0x000000008bd00000| Untracked 
| 190|0x000000008be00000, 0x000000008be00000, 0x000000008bf00000|  0%| F|  |TAMS 0x000000008be00000, 0x000000008be00000| Untracked 
| 191|0x000000008bf00000, 0x000000008bf00000, 0x000000008c000000|  0%| F|  |TAMS 0x000000008bf00000, 0x000000008bf00000| Untracked 
| 192|0x000000008c000000, 0x000000008c000000, 0x000000008c100000|  0%| F|  |TAMS 0x000000008c000000, 0x000000008c000000| Untracked 
| 193|0x000000008c100000, 0x000000008c100000, 0x000000008c200000|  0%| F|  |TAMS 0x000000008c100000, 0x000000008c100000| Untracked 
| 194|0x000000008c200000, 0x000000008c200000, 0x000000008c300000|  0%| F|  |TAMS 0x000000008c200000, 0x000000008c200000| Untracked 
| 195|0x000000008c300000, 0x000000008c300000, 0x000000008c400000|  0%| F|  |TAMS 0x000000008c300000, 0x000000008c300000| Untracked 
| 196|0x000000008c400000, 0x000000008c400000, 0x000000008c500000|  0%| F|  |TAMS 0x000000008c400000, 0x000000008c400000| Untracked 
| 197|0x000000008c500000, 0x000000008c500000, 0x000000008c600000|  0%| F|  |TAMS 0x000000008c500000, 0x000000008c500000| Untracked 
| 198|0x000000008c600000, 0x000000008c600000, 0x000000008c700000|  0%| F|  |TAMS 0x000000008c600000, 0x000000008c600000| Untracked 
| 199|0x000000008c700000, 0x000000008c700000, 0x000000008c800000|  0%| F|  |TAMS 0x000000008c700000, 0x000000008c700000| Untracked 
| 200|0x000000008c800000, 0x000000008c800000, 0x000000008c900000|  0%| F|  |TAMS 0x000000008c800000, 0x000000008c800000| Untracked 
| 201|0x000000008c900000, 0x000000008c900000, 0x000000008ca00000|  0%| F|  |TAMS 0x000000008c900000, 0x000000008c900000| Untracked 
| 202|0x000000008ca00000, 0x000000008ca00000, 0x000000008cb00000|  0%| F|  |TAMS 0x000000008ca00000, 0x000000008ca00000| Untracked 
| 203|0x000000008cb00000, 0x000000008cb00000, 0x000000008cc00000|  0%| F|  |TAMS 0x000000008cb00000, 0x000000008cb00000| Untracked 
| 204|0x000000008cc00000, 0x000000008cc00000, 0x000000008cd00000|  0%| F|  |TAMS 0x000000008cc00000, 0x000000008cc00000| Untracked 
| 205|0x000000008cd00000, 0x000000008cd00000, 0x000000008ce00000|  0%| F|  |TAMS 0x000000008cd00000, 0x000000008cd00000| Untracked 
| 206|0x000000008ce00000, 0x000000008ce00000, 0x000000008cf00000|  0%| F|  |TAMS 0x000000008ce00000, 0x000000008ce00000| Untracked 
| 207|0x000000008cf00000, 0x000000008cf00000, 0x000000008d000000|  0%| F|  |TAMS 0x000000008cf00000, 0x000000008cf00000| Untracked 
| 208|0x000000008d000000, 0x000000008d000000, 0x000000008d100000|  0%| F|  |TAMS 0x000000008d000000, 0x000000008d000000| Untracked 
| 209|0x000000008d100000, 0x000000008d100000, 0x000000008d200000|  0%| F|  |TAMS 0x000000008d100000, 0x000000008d100000| Untracked 
| 210|0x000000008d200000, 0x000000008d200000, 0x000000008d300000|  0%| F|  |TAMS 0x000000008d200000, 0x000000008d200000| Untracked 
| 211|0x000000008d300000, 0x000000008d300000, 0x000000008d400000|  0%| F|  |TAMS 0x000000008d300000, 0x000000008d300000| Untracked 
| 212|0x000000008d400000, 0x000000008d400000, 0x000000008d500000|  0%| F|  |TAMS 0x000000008d400000, 0x000000008d400000| Untracked 
| 213|0x000000008d500000, 0x000000008d500000, 0x000000008d600000|  0%| F|  |TAMS 0x000000008d500000, 0x000000008d500000| Untracked 
| 214|0x000000008d600000, 0x000000008d600000, 0x000000008d700000|  0%| F|  |TAMS 0x000000008d600000, 0x000000008d600000| Untracked 
| 215|0x000000008d700000, 0x000000008d700000, 0x000000008d800000|  0%| F|  |TAMS 0x000000008d700000, 0x000000008d700000| Untracked 
| 216|0x000000008d800000, 0x000000008d800000, 0x000000008d900000|  0%| F|  |TAMS 0x000000008d800000, 0x000000008d800000| Untracked 
| 217|0x000000008d900000, 0x000000008d900000, 0x000000008da00000|  0%| F|  |TAMS 0x000000008d900000, 0x000000008d900000| Untracked 
| 218|0x000000008da00000, 0x000000008da00000, 0x000000008db00000|  0%| F|  |TAMS 0x000000008da00000, 0x000000008da00000| Untracked 
| 219|0x000000008db00000, 0x000000008db00000, 0x000000008dc00000|  0%| F|  |TAMS 0x000000008db00000, 0x000000008db00000| Untracked 
| 220|0x000000008dc00000, 0x000000008dc00000, 0x000000008dd00000|  0%| F|  |TAMS 0x000000008dc00000, 0x000000008dc00000| Untracked 
| 221|0x000000008dd00000, 0x000000008de00000, 0x000000008de00000|100%| S|CS|TAMS 0x000000008dd00000, 0x000000008dd00000| Complete 
| 222|0x000000008de00000, 0x000000008df00000, 0x000000008df00000|100%| S|CS|TAMS 0x000000008de00000, 0x000000008de00000| Complete 
| 223|0x000000008df00000, 0x000000008e000000, 0x000000008e000000|100%| S|CS|TAMS 0x000000008df00000, 0x000000008df00000| Complete 
| 224|0x000000008e000000, 0x000000008e100000, 0x000000008e100000|100%| S|CS|TAMS 0x000000008e000000, 0x000000008e000000| Complete 
| 225|0x000000008e100000, 0x000000008e200000, 0x000000008e200000|100%| S|CS|TAMS 0x000000008e100000, 0x000000008e100000| Complete 
| 226|0x000000008e200000, 0x000000008e300000, 0x000000008e300000|100%| S|CS|TAMS 0x000000008e200000, 0x000000008e200000| Complete 
| 227|0x000000008e300000, 0x000000008e400000, 0x000000008e400000|100%| S|CS|TAMS 0x000000008e300000, 0x000000008e300000| Complete 
| 228|0x000000008e400000, 0x000000008e500000, 0x000000008e500000|100%| S|CS|TAMS 0x000000008e400000, 0x000000008e400000| Complete 
| 229|0x000000008e500000, 0x000000008e600000, 0x000000008e600000|100%| S|CS|TAMS 0x000000008e500000, 0x000000008e500000| Complete 
| 230|0x000000008e600000, 0x000000008e700000, 0x000000008e700000|100%| S|CS|TAMS 0x000000008e600000, 0x000000008e600000| Complete 
| 231|0x000000008e700000, 0x000000008e800000, 0x000000008e800000|100%| S|CS|TAMS 0x000000008e700000, 0x000000008e700000| Complete 
| 232|0x000000008e800000, 0x000000008e900000, 0x000000008e900000|100%| S|CS|TAMS 0x000000008e800000, 0x000000008e800000| Complete 
| 233|0x000000008e900000, 0x000000008ea00000, 0x000000008ea00000|100%| S|CS|TAMS 0x000000008e900000, 0x000000008e900000| Complete 
| 234|0x000000008ea00000, 0x000000008eb00000, 0x000000008eb00000|100%| S|CS|TAMS 0x000000008ea00000, 0x000000008ea00000| Complete 
| 235|0x000000008eb00000, 0x000000008ec00000, 0x000000008ec00000|100%| S|CS|TAMS 0x000000008eb00000, 0x000000008eb00000| Complete 
| 236|0x000000008ec00000, 0x000000008ed00000, 0x000000008ed00000|100%| S|CS|TAMS 0x000000008ec00000, 0x000000008ec00000| Complete 
| 237|0x000000008ed00000, 0x000000008ee00000, 0x000000008ee00000|100%| S|CS|TAMS 0x000000008ed00000, 0x000000008ed00000| Complete 
| 238|0x000000008ee00000, 0x000000008ef00000, 0x000000008ef00000|100%| S|CS|TAMS 0x000000008ee00000, 0x000000008ee00000| Complete 
| 239|0x000000008ef00000, 0x000000008f000000, 0x000000008f000000|100%| S|CS|TAMS 0x000000008ef00000, 0x000000008ef00000| Complete 
| 240|0x000000008f000000, 0x000000008f100000, 0x000000008f100000|100%| S|CS|TAMS 0x000000008f000000, 0x000000008f000000| Complete 
| 241|0x000000008f100000, 0x000000008f200000, 0x000000008f200000|100%| S|CS|TAMS 0x000000008f100000, 0x000000008f100000| Complete 
| 242|0x000000008f200000, 0x000000008f300000, 0x000000008f300000|100%| S|CS|TAMS 0x000000008f200000, 0x000000008f200000| Complete 
| 243|0x000000008f300000, 0x000000008f400000, 0x000000008f400000|100%| S|CS|TAMS 0x000000008f300000, 0x000000008f300000| Complete 
| 244|0x000000008f400000, 0x000000008f500000, 0x000000008f500000|100%| S|CS|TAMS 0x000000008f400000, 0x000000008f400000| Complete 
| 245|0x000000008f500000, 0x000000008f600000, 0x000000008f600000|100%| S|CS|TAMS 0x000000008f500000, 0x000000008f500000| Complete 
| 246|0x000000008f600000, 0x000000008f700000, 0x000000008f700000|100%| S|CS|TAMS 0x000000008f600000, 0x000000008f600000| Complete 
| 247|0x000000008f700000, 0x000000008f800000, 0x000000008f800000|100%| S|CS|TAMS 0x000000008f700000, 0x000000008f700000| Complete 
| 248|0x000000008f800000, 0x000000008f900000, 0x000000008f900000|100%| S|CS|TAMS 0x000000008f800000, 0x000000008f800000| Complete 
| 249|0x000000008f900000, 0x000000008fa00000, 0x000000008fa00000|100%| S|CS|TAMS 0x000000008f900000, 0x000000008f900000| Complete 
| 250|0x000000008fa00000, 0x000000008fb00000, 0x000000008fb00000|100%| S|CS|TAMS 0x000000008fa00000, 0x000000008fa00000| Complete 
| 251|0x000000008fb00000, 0x000000008fb00000, 0x000000008fc00000|  0%| F|  |TAMS 0x000000008fb00000, 0x000000008fb00000| Untracked 
| 252|0x000000008fc00000, 0x000000008fc00000, 0x000000008fd00000|  0%| F|  |TAMS 0x000000008fc00000, 0x000000008fc00000| Untracked 
| 253|0x000000008fd00000, 0x000000008fd00000, 0x000000008fe00000|  0%| F|  |TAMS 0x000000008fd00000, 0x000000008fd00000| Untracked 
| 254|0x000000008fe00000, 0x000000008fe00000, 0x000000008ff00000|  0%| F|  |TAMS 0x000000008fe00000, 0x000000008fe00000| Untracked 
| 255|0x000000008ff00000, 0x000000008ff00000, 0x0000000090000000|  0%| F|  |TAMS 0x000000008ff00000, 0x000000008ff00000| Untracked 
| 256|0x0000000090000000, 0x0000000090000000, 0x0000000090100000|  0%| F|  |TAMS 0x0000000090000000, 0x0000000090000000| Untracked 
| 257|0x0000000090100000, 0x0000000090100000, 0x0000000090200000|  0%| F|  |TAMS 0x0000000090100000, 0x0000000090100000| Untracked 
| 258|0x0000000090200000, 0x0000000090200000, 0x0000000090300000|  0%| F|  |TAMS 0x0000000090200000, 0x0000000090200000| Untracked 
| 259|0x0000000090300000, 0x0000000090300000, 0x0000000090400000|  0%| F|  |TAMS 0x0000000090300000, 0x0000000090300000| Untracked 
| 260|0x0000000090400000, 0x0000000090400000, 0x0000000090500000|  0%| F|  |TAMS 0x0000000090400000, 0x0000000090400000| Untracked 
| 261|0x0000000090500000, 0x0000000090500000, 0x0000000090600000|  0%| F|  |TAMS 0x0000000090500000, 0x0000000090500000| Untracked 
| 262|0x0000000090600000, 0x0000000090600000, 0x0000000090700000|  0%| F|  |TAMS 0x0000000090600000, 0x0000000090600000| Untracked 
| 263|0x0000000090700000, 0x0000000090700000, 0x0000000090800000|  0%| F|  |TAMS 0x0000000090700000, 0x0000000090700000| Untracked 
| 264|0x0000000090800000, 0x0000000090800000, 0x0000000090900000|  0%| F|  |TAMS 0x0000000090800000, 0x0000000090800000| Untracked 
| 265|0x0000000090900000, 0x0000000090900000, 0x0000000090a00000|  0%| F|  |TAMS 0x0000000090900000, 0x0000000090900000| Untracked 
| 266|0x0000000090a00000, 0x0000000090a00000, 0x0000000090b00000|  0%| F|  |TAMS 0x0000000090a00000, 0x0000000090a00000| Untracked 
| 267|0x0000000090b00000, 0x0000000090b00000, 0x0000000090c00000|  0%| F|  |TAMS 0x0000000090b00000, 0x0000000090b00000| Untracked 
| 268|0x0000000090c00000, 0x0000000090c00000, 0x0000000090d00000|  0%| F|  |TAMS 0x0000000090c00000, 0x0000000090c00000| Untracked 
| 269|0x0000000090d00000, 0x0000000090d00000, 0x0000000090e00000|  0%| F|  |TAMS 0x0000000090d00000, 0x0000000090d00000| Untracked 
| 270|0x0000000090e00000, 0x0000000090e00000, 0x0000000090f00000|  0%| F|  |TAMS 0x0000000090e00000, 0x0000000090e00000| Untracked 
| 271|0x0000000090f00000, 0x0000000090f00000, 0x0000000091000000|  0%| F|  |TAMS 0x0000000090f00000, 0x0000000090f00000| Untracked 
| 272|0x0000000091000000, 0x0000000091000000, 0x0000000091100000|  0%| F|  |TAMS 0x0000000091000000, 0x0000000091000000| Untracked 
| 273|0x0000000091100000, 0x0000000091100000, 0x0000000091200000|  0%| F|  |TAMS 0x0000000091100000, 0x0000000091100000| Untracked 
| 274|0x0000000091200000, 0x0000000091200000, 0x0000000091300000|  0%| F|  |TAMS 0x0000000091200000, 0x0000000091200000| Untracked 
| 275|0x0000000091300000, 0x0000000091300000, 0x0000000091400000|  0%| F|  |TAMS 0x0000000091300000, 0x0000000091300000| Untracked 
| 276|0x0000000091400000, 0x0000000091400000, 0x0000000091500000|  0%| F|  |TAMS 0x0000000091400000, 0x0000000091400000| Untracked 
| 277|0x0000000091500000, 0x0000000091500000, 0x0000000091600000|  0%| F|  |TAMS 0x0000000091500000, 0x0000000091500000| Untracked 
| 278|0x0000000091600000, 0x0000000091600000, 0x0000000091700000|  0%| F|  |TAMS 0x0000000091600000, 0x0000000091600000| Untracked 
| 279|0x0000000091700000, 0x0000000091700000, 0x0000000091800000|  0%| F|  |TAMS 0x0000000091700000, 0x0000000091700000| Untracked 
| 280|0x0000000091800000, 0x0000000091800000, 0x0000000091900000|  0%| F|  |TAMS 0x0000000091800000, 0x0000000091800000| Untracked 
| 281|0x0000000091900000, 0x0000000091900000, 0x0000000091a00000|  0%| F|  |TAMS 0x0000000091900000, 0x0000000091900000| Untracked 
| 282|0x0000000091a00000, 0x0000000091a00000, 0x0000000091b00000|  0%| F|  |TAMS 0x0000000091a00000, 0x0000000091a00000| Untracked 
| 283|0x0000000091b00000, 0x0000000091b00000, 0x0000000091c00000|  0%| F|  |TAMS 0x0000000091b00000, 0x0000000091b00000| Untracked 
| 284|0x0000000091c00000, 0x0000000091c00000, 0x0000000091d00000|  0%| F|  |TAMS 0x0000000091c00000, 0x0000000091c00000| Untracked 
| 285|0x0000000091d00000, 0x0000000091d00000, 0x0000000091e00000|  0%| F|  |TAMS 0x0000000091d00000, 0x0000000091d00000| Untracked 
| 286|0x0000000091e00000, 0x0000000091e00000, 0x0000000091f00000|  0%| F|  |TAMS 0x0000000091e00000, 0x0000000091e00000| Untracked 
| 287|0x0000000091f00000, 0x0000000091f00000, 0x0000000092000000|  0%| F|  |TAMS 0x0000000091f00000, 0x0000000091f00000| Untracked 
| 288|0x0000000092000000, 0x0000000092000000, 0x0000000092100000|  0%| F|  |TAMS 0x0000000092000000, 0x0000000092000000| Untracked 
| 289|0x0000000092100000, 0x0000000092100000, 0x0000000092200000|  0%| F|  |TAMS 0x0000000092100000, 0x0000000092100000| Untracked 
| 290|0x0000000092200000, 0x0000000092200000, 0x0000000092300000|  0%| F|  |TAMS 0x0000000092200000, 0x0000000092200000| Untracked 
| 291|0x0000000092300000, 0x0000000092300000, 0x0000000092400000|  0%| F|  |TAMS 0x0000000092300000, 0x0000000092300000| Untracked 
| 292|0x0000000092400000, 0x0000000092400000, 0x0000000092500000|  0%| F|  |TAMS 0x0000000092400000, 0x0000000092400000| Untracked 
| 293|0x0000000092500000, 0x0000000092500000, 0x0000000092600000|  0%| F|  |TAMS 0x0000000092500000, 0x0000000092500000| Untracked 
| 294|0x0000000092600000, 0x0000000092600000, 0x0000000092700000|  0%| F|  |TAMS 0x0000000092600000, 0x0000000092600000| Untracked 
| 295|0x0000000092700000, 0x0000000092700000, 0x0000000092800000|  0%| F|  |TAMS 0x0000000092700000, 0x0000000092700000| Untracked 
| 296|0x0000000092800000, 0x0000000092800000, 0x0000000092900000|  0%| F|  |TAMS 0x0000000092800000, 0x0000000092800000| Untracked 
| 297|0x0000000092900000, 0x0000000092900000, 0x0000000092a00000|  0%| F|  |TAMS 0x0000000092900000, 0x0000000092900000| Untracked 
| 298|0x0000000092a00000, 0x0000000092a00000, 0x0000000092b00000|  0%| F|  |TAMS 0x0000000092a00000, 0x0000000092a00000| Untracked 
| 299|0x0000000092b00000, 0x0000000092b00000, 0x0000000092c00000|  0%| F|  |TAMS 0x0000000092b00000, 0x0000000092b00000| Untracked 
| 300|0x0000000092c00000, 0x0000000092c00000, 0x0000000092d00000|  0%| F|  |TAMS 0x0000000092c00000, 0x0000000092c00000| Untracked 
| 301|0x0000000092d00000, 0x0000000092d00000, 0x0000000092e00000|  0%| F|  |TAMS 0x0000000092d00000, 0x0000000092d00000| Untracked 
| 302|0x0000000092e00000, 0x0000000092e00000, 0x0000000092f00000|  0%| F|  |TAMS 0x0000000092e00000, 0x0000000092e00000| Untracked 
| 303|0x0000000092f00000, 0x0000000092f00000, 0x0000000093000000|  0%| F|  |TAMS 0x0000000092f00000, 0x0000000092f00000| Untracked 
| 304|0x0000000093000000, 0x0000000093000000, 0x0000000093100000|  0%| F|  |TAMS 0x0000000093000000, 0x0000000093000000| Untracked 
| 305|0x0000000093100000, 0x0000000093100000, 0x0000000093200000|  0%| F|  |TAMS 0x0000000093100000, 0x0000000093100000| Untracked 
| 306|0x0000000093200000, 0x0000000093200000, 0x0000000093300000|  0%| F|  |TAMS 0x0000000093200000, 0x0000000093200000| Untracked 
| 307|0x0000000093300000, 0x0000000093300000, 0x0000000093400000|  0%| F|  |TAMS 0x0000000093300000, 0x0000000093300000| Untracked 
| 308|0x0000000093400000, 0x0000000093400000, 0x0000000093500000|  0%| F|  |TAMS 0x0000000093400000, 0x0000000093400000| Untracked 
| 309|0x0000000093500000, 0x0000000093500000, 0x0000000093600000|  0%| F|  |TAMS 0x0000000093500000, 0x0000000093500000| Untracked 
| 310|0x0000000093600000, 0x0000000093600000, 0x0000000093700000|  0%| F|  |TAMS 0x0000000093600000, 0x0000000093600000| Untracked 
| 311|0x0000000093700000, 0x0000000093700000, 0x0000000093800000|  0%| F|  |TAMS 0x0000000093700000, 0x0000000093700000| Untracked 
| 312|0x0000000093800000, 0x0000000093800000, 0x0000000093900000|  0%| F|  |TAMS 0x0000000093800000, 0x0000000093800000| Untracked 
| 313|0x0000000093900000, 0x0000000093900000, 0x0000000093a00000|  0%| F|  |TAMS 0x0000000093900000, 0x0000000093900000| Untracked 
| 314|0x0000000093a00000, 0x0000000093a00000, 0x0000000093b00000|  0%| F|  |TAMS 0x0000000093a00000, 0x0000000093a00000| Untracked 
| 315|0x0000000093b00000, 0x0000000093b00000, 0x0000000093c00000|  0%| F|  |TAMS 0x0000000093b00000, 0x0000000093b00000| Untracked 
| 316|0x0000000093c00000, 0x0000000093c00000, 0x0000000093d00000|  0%| F|  |TAMS 0x0000000093c00000, 0x0000000093c00000| Untracked 
| 317|0x0000000093d00000, 0x0000000093d00000, 0x0000000093e00000|  0%| F|  |TAMS 0x0000000093d00000, 0x0000000093d00000| Untracked 
| 318|0x0000000093e00000, 0x0000000093e00000, 0x0000000093f00000|  0%| F|  |TAMS 0x0000000093e00000, 0x0000000093e00000| Untracked 
| 319|0x0000000093f00000, 0x0000000093f00000, 0x0000000094000000|  0%| F|  |TAMS 0x0000000093f00000, 0x0000000093f00000| Untracked 
| 320|0x0000000094000000, 0x0000000094000000, 0x0000000094100000|  0%| F|  |TAMS 0x0000000094000000, 0x0000000094000000| Untracked 
| 321|0x0000000094100000, 0x0000000094100000, 0x0000000094200000|  0%| F|  |TAMS 0x0000000094100000, 0x0000000094100000| Untracked 
| 322|0x0000000094200000, 0x0000000094200000, 0x0000000094300000|  0%| F|  |TAMS 0x0000000094200000, 0x0000000094200000| Untracked 
| 323|0x0000000094300000, 0x0000000094300000, 0x0000000094400000|  0%| F|  |TAMS 0x0000000094300000, 0x0000000094300000| Untracked 
| 324|0x0000000094400000, 0x0000000094400000, 0x0000000094500000|  0%| F|  |TAMS 0x0000000094400000, 0x0000000094400000| Untracked 
| 325|0x0000000094500000, 0x0000000094500000, 0x0000000094600000|  0%| F|  |TAMS 0x0000000094500000, 0x0000000094500000| Untracked 
| 326|0x0000000094600000, 0x0000000094600000, 0x0000000094700000|  0%| F|  |TAMS 0x0000000094600000, 0x0000000094600000| Untracked 
| 327|0x0000000094700000, 0x0000000094700000, 0x0000000094800000|  0%| F|  |TAMS 0x0000000094700000, 0x0000000094700000| Untracked 
| 328|0x0000000094800000, 0x0000000094800000, 0x0000000094900000|  0%| F|  |TAMS 0x0000000094800000, 0x0000000094800000| Untracked 
| 329|0x0000000094900000, 0x0000000094900000, 0x0000000094a00000|  0%| F|  |TAMS 0x0000000094900000, 0x0000000094900000| Untracked 
| 330|0x0000000094a00000, 0x0000000094a00000, 0x0000000094b00000|  0%| F|  |TAMS 0x0000000094a00000, 0x0000000094a00000| Untracked 
| 331|0x0000000094b00000, 0x0000000094b00000, 0x0000000094c00000|  0%| F|  |TAMS 0x0000000094b00000, 0x0000000094b00000| Untracked 
| 332|0x0000000094c00000, 0x0000000094c00000, 0x0000000094d00000|  0%| F|  |TAMS 0x0000000094c00000, 0x0000000094c00000| Untracked 
| 333|0x0000000094d00000, 0x0000000094d00000, 0x0000000094e00000|  0%| F|  |TAMS 0x0000000094d00000, 0x0000000094d00000| Untracked 
| 334|0x0000000094e00000, 0x0000000094e00000, 0x0000000094f00000|  0%| F|  |TAMS 0x0000000094e00000, 0x0000000094e00000| Untracked 
| 335|0x0000000094f00000, 0x0000000094f00000, 0x0000000095000000|  0%| F|  |TAMS 0x0000000094f00000, 0x0000000094f00000| Untracked 
| 336|0x0000000095000000, 0x0000000095000000, 0x0000000095100000|  0%| F|  |TAMS 0x0000000095000000, 0x0000000095000000| Untracked 
| 337|0x0000000095100000, 0x0000000095100000, 0x0000000095200000|  0%| F|  |TAMS 0x0000000095100000, 0x0000000095100000| Untracked 
| 338|0x0000000095200000, 0x0000000095200000, 0x0000000095300000|  0%| F|  |TAMS 0x0000000095200000, 0x0000000095200000| Untracked 
| 339|0x0000000095300000, 0x0000000095300000, 0x0000000095400000|  0%| F|  |TAMS 0x0000000095300000, 0x0000000095300000| Untracked 
| 340|0x0000000095400000, 0x0000000095400000, 0x0000000095500000|  0%| F|  |TAMS 0x0000000095400000, 0x0000000095400000| Untracked 
| 341|0x0000000095500000, 0x0000000095500000, 0x0000000095600000|  0%| F|  |TAMS 0x0000000095500000, 0x0000000095500000| Untracked 
| 342|0x0000000095600000, 0x0000000095600000, 0x0000000095700000|  0%| F|  |TAMS 0x0000000095600000, 0x0000000095600000| Untracked 
| 343|0x0000000095700000, 0x0000000095700000, 0x0000000095800000|  0%| F|  |TAMS 0x0000000095700000, 0x0000000095700000| Untracked 
| 344|0x0000000095800000, 0x0000000095800000, 0x0000000095900000|  0%| F|  |TAMS 0x0000000095800000, 0x0000000095800000| Untracked 
| 345|0x0000000095900000, 0x0000000095900000, 0x0000000095a00000|  0%| F|  |TAMS 0x0000000095900000, 0x0000000095900000| Untracked 
| 346|0x0000000095a00000, 0x0000000095a00000, 0x0000000095b00000|  0%| F|  |TAMS 0x0000000095a00000, 0x0000000095a00000| Untracked 
| 347|0x0000000095b00000, 0x0000000095b00000, 0x0000000095c00000|  0%| F|  |TAMS 0x0000000095b00000, 0x0000000095b00000| Untracked 
| 348|0x0000000095c00000, 0x0000000095c00000, 0x0000000095d00000|  0%| F|  |TAMS 0x0000000095c00000, 0x0000000095c00000| Untracked 
| 349|0x0000000095d00000, 0x0000000095d00000, 0x0000000095e00000|  0%| F|  |TAMS 0x0000000095d00000, 0x0000000095d00000| Untracked 
| 350|0x0000000095e00000, 0x0000000095e00000, 0x0000000095f00000|  0%| F|  |TAMS 0x0000000095e00000, 0x0000000095e00000| Untracked 
| 351|0x0000000095f00000, 0x0000000095f00000, 0x0000000096000000|  0%| F|  |TAMS 0x0000000095f00000, 0x0000000095f00000| Untracked 
| 352|0x0000000096000000, 0x0000000096000000, 0x0000000096100000|  0%| F|  |TAMS 0x0000000096000000, 0x0000000096000000| Untracked 
| 353|0x0000000096100000, 0x0000000096100000, 0x0000000096200000|  0%| F|  |TAMS 0x0000000096100000, 0x0000000096100000| Untracked 
| 354|0x0000000096200000, 0x0000000096200000, 0x0000000096300000|  0%| F|  |TAMS 0x0000000096200000, 0x0000000096200000| Untracked 
| 355|0x0000000096300000, 0x0000000096300000, 0x0000000096400000|  0%| F|  |TAMS 0x0000000096300000, 0x0000000096300000| Untracked 
| 356|0x0000000096400000, 0x0000000096400000, 0x0000000096500000|  0%| F|  |TAMS 0x0000000096400000, 0x0000000096400000| Untracked 
| 357|0x0000000096500000, 0x0000000096500000, 0x0000000096600000|  0%| F|  |TAMS 0x0000000096500000, 0x0000000096500000| Untracked 
| 358|0x0000000096600000, 0x0000000096600000, 0x0000000096700000|  0%| F|  |TAMS 0x0000000096600000, 0x0000000096600000| Untracked 
| 359|0x0000000096700000, 0x0000000096700000, 0x0000000096800000|  0%| F|  |TAMS 0x0000000096700000, 0x0000000096700000| Untracked 
| 360|0x0000000096800000, 0x0000000096800000, 0x0000000096900000|  0%| F|  |TAMS 0x0000000096800000, 0x0000000096800000| Untracked 
| 361|0x0000000096900000, 0x0000000096900000, 0x0000000096a00000|  0%| F|  |TAMS 0x0000000096900000, 0x0000000096900000| Untracked 
| 362|0x0000000096a00000, 0x0000000096a00000, 0x0000000096b00000|  0%| F|  |TAMS 0x0000000096a00000, 0x0000000096a00000| Untracked 
| 363|0x0000000096b00000, 0x0000000096b00000, 0x0000000096c00000|  0%| F|  |TAMS 0x0000000096b00000, 0x0000000096b00000| Untracked 
| 364|0x0000000096c00000, 0x0000000096c00000, 0x0000000096d00000|  0%| F|  |TAMS 0x0000000096c00000, 0x0000000096c00000| Untracked 
| 365|0x0000000096d00000, 0x0000000096d00000, 0x0000000096e00000|  0%| F|  |TAMS 0x0000000096d00000, 0x0000000096d00000| Untracked 
| 366|0x0000000096e00000, 0x0000000096e00000, 0x0000000096f00000|  0%| F|  |TAMS 0x0000000096e00000, 0x0000000096e00000| Untracked 
| 367|0x0000000096f00000, 0x0000000096f00000, 0x0000000097000000|  0%| F|  |TAMS 0x0000000096f00000, 0x0000000096f00000| Untracked 
| 368|0x0000000097000000, 0x0000000097000000, 0x0000000097100000|  0%| F|  |TAMS 0x0000000097000000, 0x0000000097000000| Untracked 
| 369|0x0000000097100000, 0x0000000097100000, 0x0000000097200000|  0%| F|  |TAMS 0x0000000097100000, 0x0000000097100000| Untracked 
| 370|0x0000000097200000, 0x0000000097200000, 0x0000000097300000|  0%| F|  |TAMS 0x0000000097200000, 0x0000000097200000| Untracked 
| 371|0x0000000097300000, 0x0000000097300000, 0x0000000097400000|  0%| F|  |TAMS 0x0000000097300000, 0x0000000097300000| Untracked 
| 372|0x0000000097400000, 0x0000000097400000, 0x0000000097500000|  0%| F|  |TAMS 0x0000000097400000, 0x0000000097400000| Untracked 
| 373|0x0000000097500000, 0x0000000097500000, 0x0000000097600000|  0%| F|  |TAMS 0x0000000097500000, 0x0000000097500000| Untracked 
| 374|0x0000000097600000, 0x0000000097600000, 0x0000000097700000|  0%| F|  |TAMS 0x0000000097600000, 0x0000000097600000| Untracked 
| 375|0x0000000097700000, 0x0000000097700000, 0x0000000097800000|  0%| F|  |TAMS 0x0000000097700000, 0x0000000097700000| Untracked 
| 376|0x0000000097800000, 0x0000000097800000, 0x0000000097900000|  0%| F|  |TAMS 0x0000000097800000, 0x0000000097800000| Untracked 
| 377|0x0000000097900000, 0x0000000097900000, 0x0000000097a00000|  0%| F|  |TAMS 0x0000000097900000, 0x0000000097900000| Untracked 
| 378|0x0000000097a00000, 0x0000000097a00000, 0x0000000097b00000|  0%| F|  |TAMS 0x0000000097a00000, 0x0000000097a00000| Untracked 
| 379|0x0000000097b00000, 0x0000000097b00000, 0x0000000097c00000|  0%| F|  |TAMS 0x0000000097b00000, 0x0000000097b00000| Untracked 
| 380|0x0000000097c00000, 0x0000000097c00000, 0x0000000097d00000|  0%| F|  |TAMS 0x0000000097c00000, 0x0000000097c00000| Untracked 
| 381|0x0000000097d00000, 0x0000000097d00000, 0x0000000097e00000|  0%| F|  |TAMS 0x0000000097d00000, 0x0000000097d00000| Untracked 
| 382|0x0000000097e00000, 0x0000000097e00000, 0x0000000097f00000|  0%| F|  |TAMS 0x0000000097e00000, 0x0000000097e00000| Untracked 
| 383|0x0000000097f00000, 0x0000000097f00000, 0x0000000098000000|  0%| F|  |TAMS 0x0000000097f00000, 0x0000000097f00000| Untracked 
| 384|0x0000000098000000, 0x0000000098000000, 0x0000000098100000|  0%| F|  |TAMS 0x0000000098000000, 0x0000000098000000| Untracked 
| 385|0x0000000098100000, 0x0000000098100000, 0x0000000098200000|  0%| F|  |TAMS 0x0000000098100000, 0x0000000098100000| Untracked 
| 386|0x0000000098200000, 0x0000000098200000, 0x0000000098300000|  0%| F|  |TAMS 0x0000000098200000, 0x0000000098200000| Untracked 
| 387|0x0000000098300000, 0x0000000098300000, 0x0000000098400000|  0%| F|  |TAMS 0x0000000098300000, 0x0000000098300000| Untracked 
| 388|0x0000000098400000, 0x0000000098400000, 0x0000000098500000|  0%| F|  |TAMS 0x0000000098400000, 0x0000000098400000| Untracked 
| 389|0x0000000098500000, 0x0000000098500000, 0x0000000098600000|  0%| F|  |TAMS 0x0000000098500000, 0x0000000098500000| Untracked 
| 390|0x0000000098600000, 0x0000000098600000, 0x0000000098700000|  0%| F|  |TAMS 0x0000000098600000, 0x0000000098600000| Untracked 
| 391|0x0000000098700000, 0x0000000098700000, 0x0000000098800000|  0%| F|  |TAMS 0x0000000098700000, 0x0000000098700000| Untracked 
| 392|0x0000000098800000, 0x0000000098800000, 0x0000000098900000|  0%| F|  |TAMS 0x0000000098800000, 0x0000000098800000| Untracked 
| 393|0x0000000098900000, 0x0000000098900000, 0x0000000098a00000|  0%| F|  |TAMS 0x0000000098900000, 0x0000000098900000| Untracked 
| 394|0x0000000098a00000, 0x0000000098a00000, 0x0000000098b00000|  0%| F|  |TAMS 0x0000000098a00000, 0x0000000098a00000| Untracked 
| 395|0x0000000098b00000, 0x0000000098b00000, 0x0000000098c00000|  0%| F|  |TAMS 0x0000000098b00000, 0x0000000098b00000| Untracked 
| 396|0x0000000098c00000, 0x0000000098c00000, 0x0000000098d00000|  0%| F|  |TAMS 0x0000000098c00000, 0x0000000098c00000| Untracked 
| 397|0x0000000098d00000, 0x0000000098d00000, 0x0000000098e00000|  0%| F|  |TAMS 0x0000000098d00000, 0x0000000098d00000| Untracked 
| 398|0x0000000098e00000, 0x0000000098e00000, 0x0000000098f00000|  0%| F|  |TAMS 0x0000000098e00000, 0x0000000098e00000| Untracked 
| 399|0x0000000098f00000, 0x0000000098f00000, 0x0000000099000000|  0%| F|  |TAMS 0x0000000098f00000, 0x0000000098f00000| Untracked 
| 400|0x0000000099000000, 0x0000000099000000, 0x0000000099100000|  0%| F|  |TAMS 0x0000000099000000, 0x0000000099000000| Untracked 
| 401|0x0000000099100000, 0x0000000099100000, 0x0000000099200000|  0%| F|  |TAMS 0x0000000099100000, 0x0000000099100000| Untracked 
| 402|0x0000000099200000, 0x0000000099200000, 0x0000000099300000|  0%| F|  |TAMS 0x0000000099200000, 0x0000000099200000| Untracked 
| 403|0x0000000099300000, 0x0000000099300000, 0x0000000099400000|  0%| F|  |TAMS 0x0000000099300000, 0x0000000099300000| Untracked 
| 404|0x0000000099400000, 0x0000000099400000, 0x0000000099500000|  0%| F|  |TAMS 0x0000000099400000, 0x0000000099400000| Untracked 
| 405|0x0000000099500000, 0x0000000099500000, 0x0000000099600000|  0%| F|  |TAMS 0x0000000099500000, 0x0000000099500000| Untracked 
| 406|0x0000000099600000, 0x0000000099600000, 0x0000000099700000|  0%| F|  |TAMS 0x0000000099600000, 0x0000000099600000| Untracked 
| 407|0x0000000099700000, 0x0000000099700000, 0x0000000099800000|  0%| F|  |TAMS 0x0000000099700000, 0x0000000099700000| Untracked 
| 408|0x0000000099800000, 0x0000000099800000, 0x0000000099900000|  0%| F|  |TAMS 0x0000000099800000, 0x0000000099800000| Untracked 
| 409|0x0000000099900000, 0x0000000099900000, 0x0000000099a00000|  0%| F|  |TAMS 0x0000000099900000, 0x0000000099900000| Untracked 
| 410|0x0000000099a00000, 0x0000000099a00000, 0x0000000099b00000|  0%| F|  |TAMS 0x0000000099a00000, 0x0000000099a00000| Untracked 
| 411|0x0000000099b00000, 0x0000000099b00000, 0x0000000099c00000|  0%| F|  |TAMS 0x0000000099b00000, 0x0000000099b00000| Untracked 
| 412|0x0000000099c00000, 0x0000000099c00000, 0x0000000099d00000|  0%| F|  |TAMS 0x0000000099c00000, 0x0000000099c00000| Untracked 
| 413|0x0000000099d00000, 0x0000000099d00000, 0x0000000099e00000|  0%| F|  |TAMS 0x0000000099d00000, 0x0000000099d00000| Untracked 
| 414|0x0000000099e00000, 0x0000000099e00000, 0x0000000099f00000|  0%| F|  |TAMS 0x0000000099e00000, 0x0000000099e00000| Untracked 
| 415|0x0000000099f00000, 0x0000000099f00000, 0x000000009a000000|  0%| F|  |TAMS 0x0000000099f00000, 0x0000000099f00000| Untracked 
| 416|0x000000009a000000, 0x000000009a000000, 0x000000009a100000|  0%| F|  |TAMS 0x000000009a000000, 0x000000009a000000| Untracked 
| 417|0x000000009a100000, 0x000000009a100000, 0x000000009a200000|  0%| F|  |TAMS 0x000000009a100000, 0x000000009a100000| Untracked 
| 418|0x000000009a200000, 0x000000009a200000, 0x000000009a300000|  0%| F|  |TAMS 0x000000009a200000, 0x000000009a200000| Untracked 
| 419|0x000000009a300000, 0x000000009a300000, 0x000000009a400000|  0%| F|  |TAMS 0x000000009a300000, 0x000000009a300000| Untracked 
| 420|0x000000009a400000, 0x000000009a400000, 0x000000009a500000|  0%| F|  |TAMS 0x000000009a400000, 0x000000009a400000| Untracked 
| 421|0x000000009a500000, 0x000000009a500000, 0x000000009a600000|  0%| F|  |TAMS 0x000000009a500000, 0x000000009a500000| Untracked 
| 422|0x000000009a600000, 0x000000009a600000, 0x000000009a700000|  0%| F|  |TAMS 0x000000009a600000, 0x000000009a600000| Untracked 
| 423|0x000000009a700000, 0x000000009a700000, 0x000000009a800000|  0%| F|  |TAMS 0x000000009a700000, 0x000000009a700000| Untracked 
| 424|0x000000009a800000, 0x000000009a800000, 0x000000009a900000|  0%| F|  |TAMS 0x000000009a800000, 0x000000009a800000| Untracked 
| 425|0x000000009a900000, 0x000000009a900000, 0x000000009aa00000|  0%| F|  |TAMS 0x000000009a900000, 0x000000009a900000| Untracked 
| 426|0x000000009aa00000, 0x000000009aa00000, 0x000000009ab00000|  0%| F|  |TAMS 0x000000009aa00000, 0x000000009aa00000| Untracked 
| 427|0x000000009ab00000, 0x000000009ab00000, 0x000000009ac00000|  0%| F|  |TAMS 0x000000009ab00000, 0x000000009ab00000| Untracked 
| 428|0x000000009ac00000, 0x000000009ac00000, 0x000000009ad00000|  0%| F|  |TAMS 0x000000009ac00000, 0x000000009ac00000| Untracked 
| 429|0x000000009ad00000, 0x000000009ad00000, 0x000000009ae00000|  0%| F|  |TAMS 0x000000009ad00000, 0x000000009ad00000| Untracked 
| 430|0x000000009ae00000, 0x000000009ae00000, 0x000000009af00000|  0%| F|  |TAMS 0x000000009ae00000, 0x000000009ae00000| Untracked 
| 431|0x000000009af00000, 0x000000009af00000, 0x000000009b000000|  0%| F|  |TAMS 0x000000009af00000, 0x000000009af00000| Untracked 
| 432|0x000000009b000000, 0x000000009b000000, 0x000000009b100000|  0%| F|  |TAMS 0x000000009b000000, 0x000000009b000000| Untracked 
| 433|0x000000009b100000, 0x000000009b100000, 0x000000009b200000|  0%| F|  |TAMS 0x000000009b100000, 0x000000009b100000| Untracked 
| 434|0x000000009b200000, 0x000000009b200000, 0x000000009b300000|  0%| F|  |TAMS 0x000000009b200000, 0x000000009b200000| Untracked 
| 435|0x000000009b300000, 0x000000009b300000, 0x000000009b400000|  0%| F|  |TAMS 0x000000009b300000, 0x000000009b300000| Untracked 
| 436|0x000000009b400000, 0x000000009b400000, 0x000000009b500000|  0%| F|  |TAMS 0x000000009b400000, 0x000000009b400000| Untracked 
| 437|0x000000009b500000, 0x000000009b500000, 0x000000009b600000|  0%| F|  |TAMS 0x000000009b500000, 0x000000009b500000| Untracked 
| 438|0x000000009b600000, 0x000000009b600000, 0x000000009b700000|  0%| F|  |TAMS 0x000000009b600000, 0x000000009b600000| Untracked 
| 439|0x000000009b700000, 0x000000009b700000, 0x000000009b800000|  0%| F|  |TAMS 0x000000009b700000, 0x000000009b700000| Untracked 
| 440|0x000000009b800000, 0x000000009b800000, 0x000000009b900000|  0%| F|  |TAMS 0x000000009b800000, 0x000000009b800000| Untracked 
| 441|0x000000009b900000, 0x000000009b900000, 0x000000009ba00000|  0%| F|  |TAMS 0x000000009b900000, 0x000000009b900000| Untracked 
| 442|0x000000009ba00000, 0x000000009ba00000, 0x000000009bb00000|  0%| F|  |TAMS 0x000000009ba00000, 0x000000009ba00000| Untracked 
| 443|0x000000009bb00000, 0x000000009bb00000, 0x000000009bc00000|  0%| F|  |TAMS 0x000000009bb00000, 0x000000009bb00000| Untracked 
| 444|0x000000009bc00000, 0x000000009bc00000, 0x000000009bd00000|  0%| F|  |TAMS 0x000000009bc00000, 0x000000009bc00000| Untracked 
| 445|0x000000009bd00000, 0x000000009bd00000, 0x000000009be00000|  0%| F|  |TAMS 0x000000009bd00000, 0x000000009bd00000| Untracked 
| 446|0x000000009be00000, 0x000000009be00000, 0x000000009bf00000|  0%| F|  |TAMS 0x000000009be00000, 0x000000009be00000| Untracked 
| 447|0x000000009bf00000, 0x000000009bf00000, 0x000000009c000000|  0%| F|  |TAMS 0x000000009bf00000, 0x000000009bf00000| Untracked 
| 448|0x000000009c000000, 0x000000009c000000, 0x000000009c100000|  0%| F|  |TAMS 0x000000009c000000, 0x000000009c000000| Untracked 
| 449|0x000000009c100000, 0x000000009c100000, 0x000000009c200000|  0%| F|  |TAMS 0x000000009c100000, 0x000000009c100000| Untracked 
| 450|0x000000009c200000, 0x000000009c200000, 0x000000009c300000|  0%| F|  |TAMS 0x000000009c200000, 0x000000009c200000| Untracked 
| 451|0x000000009c300000, 0x000000009c300000, 0x000000009c400000|  0%| F|  |TAMS 0x000000009c300000, 0x000000009c300000| Untracked 
| 452|0x000000009c400000, 0x000000009c400000, 0x000000009c500000|  0%| F|  |TAMS 0x000000009c400000, 0x000000009c400000| Untracked 
| 453|0x000000009c500000, 0x000000009c500000, 0x000000009c600000|  0%| F|  |TAMS 0x000000009c500000, 0x000000009c500000| Untracked 
| 454|0x000000009c600000, 0x000000009c600000, 0x000000009c700000|  0%| F|  |TAMS 0x000000009c600000, 0x000000009c600000| Untracked 
| 455|0x000000009c700000, 0x000000009c700000, 0x000000009c800000|  0%| F|  |TAMS 0x000000009c700000, 0x000000009c700000| Untracked 
| 456|0x000000009c800000, 0x000000009c800000, 0x000000009c900000|  0%| F|  |TAMS 0x000000009c800000, 0x000000009c800000| Untracked 
| 457|0x000000009c900000, 0x000000009c900000, 0x000000009ca00000|  0%| F|  |TAMS 0x000000009c900000, 0x000000009c900000| Untracked 
| 458|0x000000009ca00000, 0x000000009ca80b60, 0x000000009cb00000| 50%| E|  |TAMS 0x000000009ca00000, 0x000000009ca00000| Complete 
| 459|0x000000009cb00000, 0x000000009cc00000, 0x000000009cc00000|100%| E|CS|TAMS 0x000000009cb00000, 0x000000009cb00000| Complete 
| 460|0x000000009cc00000, 0x000000009cd00000, 0x000000009cd00000|100%| E|CS|TAMS 0x000000009cc00000, 0x000000009cc00000| Complete 
| 461|0x000000009cd00000, 0x000000009ce00000, 0x000000009ce00000|100%| E|CS|TAMS 0x000000009cd00000, 0x000000009cd00000| Complete 
| 462|0x000000009ce00000, 0x000000009cf00000, 0x000000009cf00000|100%| E|CS|TAMS 0x000000009ce00000, 0x000000009ce00000| Complete 
| 463|0x000000009cf00000, 0x000000009d000000, 0x000000009d000000|100%| E|CS|TAMS 0x000000009cf00000, 0x000000009cf00000| Complete 
| 464|0x000000009d000000, 0x000000009d100000, 0x000000009d100000|100%| E|CS|TAMS 0x000000009d000000, 0x000000009d000000| Complete 
| 465|0x000000009d100000, 0x000000009d200000, 0x000000009d200000|100%| E|CS|TAMS 0x000000009d100000, 0x000000009d100000| Complete 
| 466|0x000000009d200000, 0x000000009d300000, 0x000000009d300000|100%| E|CS|TAMS 0x000000009d200000, 0x000000009d200000| Complete 
| 467|0x000000009d300000, 0x000000009d400000, 0x000000009d400000|100%| E|CS|TAMS 0x000000009d300000, 0x000000009d300000| Complete 
| 468|0x000000009d400000, 0x000000009d500000, 0x000000009d500000|100%| E|CS|TAMS 0x000000009d400000, 0x000000009d400000| Complete 
| 469|0x000000009d500000, 0x000000009d600000, 0x000000009d600000|100%| E|CS|TAMS 0x000000009d500000, 0x000000009d500000| Complete 
| 470|0x000000009d600000, 0x000000009d700000, 0x000000009d700000|100%| E|CS|TAMS 0x000000009d600000, 0x000000009d600000| Complete 
| 471|0x000000009d700000, 0x000000009d800000, 0x000000009d800000|100%| E|CS|TAMS 0x000000009d700000, 0x000000009d700000| Complete 
| 472|0x000000009d800000, 0x000000009d900000, 0x000000009d900000|100%| E|CS|TAMS 0x000000009d800000, 0x000000009d800000| Complete 
| 473|0x000000009d900000, 0x000000009da00000, 0x000000009da00000|100%| E|CS|TAMS 0x000000009d900000, 0x000000009d900000| Complete 
| 474|0x000000009da00000, 0x000000009db00000, 0x000000009db00000|100%| E|CS|TAMS 0x000000009da00000, 0x000000009da00000| Complete 
| 475|0x000000009db00000, 0x000000009dc00000, 0x000000009dc00000|100%| E|CS|TAMS 0x000000009db00000, 0x000000009db00000| Complete 
| 476|0x000000009dc00000, 0x000000009dd00000, 0x000000009dd00000|100%| E|CS|TAMS 0x000000009dc00000, 0x000000009dc00000| Complete 
| 477|0x000000009dd00000, 0x000000009de00000, 0x000000009de00000|100%| E|CS|TAMS 0x000000009dd00000, 0x000000009dd00000| Complete 
| 478|0x000000009de00000, 0x000000009df00000, 0x000000009df00000|100%| E|CS|TAMS 0x000000009de00000, 0x000000009de00000| Complete 
| 479|0x000000009df00000, 0x000000009e000000, 0x000000009e000000|100%| E|CS|TAMS 0x000000009df00000, 0x000000009df00000| Complete 
| 480|0x000000009e000000, 0x000000009e100000, 0x000000009e100000|100%| E|CS|TAMS 0x000000009e000000, 0x000000009e000000| Complete 
| 481|0x000000009e100000, 0x000000009e200000, 0x000000009e200000|100%| E|CS|TAMS 0x000000009e100000, 0x000000009e100000| Complete 
| 482|0x000000009e200000, 0x000000009e300000, 0x000000009e300000|100%| E|CS|TAMS 0x000000009e200000, 0x000000009e200000| Complete 
| 483|0x000000009e300000, 0x000000009e400000, 0x000000009e400000|100%| E|CS|TAMS 0x000000009e300000, 0x000000009e300000| Complete 
| 484|0x000000009e400000, 0x000000009e500000, 0x000000009e500000|100%| E|CS|TAMS 0x000000009e400000, 0x000000009e400000| Complete 
| 485|0x000000009e500000, 0x000000009e600000, 0x000000009e600000|100%| E|CS|TAMS 0x000000009e500000, 0x000000009e500000| Complete 
| 486|0x000000009e600000, 0x000000009e700000, 0x000000009e700000|100%| E|CS|TAMS 0x000000009e600000, 0x000000009e600000| Complete 
| 487|0x000000009e700000, 0x000000009e800000, 0x000000009e800000|100%| E|CS|TAMS 0x000000009e700000, 0x000000009e700000| Complete 
| 488|0x000000009e800000, 0x000000009e900000, 0x000000009e900000|100%| E|CS|TAMS 0x000000009e800000, 0x000000009e800000| Complete 
| 489|0x000000009e900000, 0x000000009ea00000, 0x000000009ea00000|100%| E|CS|TAMS 0x000000009e900000, 0x000000009e900000| Complete 
| 490|0x000000009ea00000, 0x000000009eb00000, 0x000000009eb00000|100%| E|CS|TAMS 0x000000009ea00000, 0x000000009ea00000| Complete 
| 491|0x000000009eb00000, 0x000000009ec00000, 0x000000009ec00000|100%| E|CS|TAMS 0x000000009eb00000, 0x000000009eb00000| Complete 
| 492|0x000000009ec00000, 0x000000009ed00000, 0x000000009ed00000|100%| E|CS|TAMS 0x000000009ec00000, 0x000000009ec00000| Complete 
| 493|0x000000009ed00000, 0x000000009ee00000, 0x000000009ee00000|100%| E|CS|TAMS 0x000000009ed00000, 0x000000009ed00000| Complete 
| 494|0x000000009ee00000, 0x000000009ef00000, 0x000000009ef00000|100%| E|CS|TAMS 0x000000009ee00000, 0x000000009ee00000| Complete 
| 495|0x000000009ef00000, 0x000000009f000000, 0x000000009f000000|100%| E|CS|TAMS 0x000000009ef00000, 0x000000009ef00000| Complete 
| 496|0x000000009f000000, 0x000000009f100000, 0x000000009f100000|100%| E|CS|TAMS 0x000000009f000000, 0x000000009f000000| Complete 
| 497|0x000000009f100000, 0x000000009f200000, 0x000000009f200000|100%| E|CS|TAMS 0x000000009f100000, 0x000000009f100000| Complete 
| 498|0x000000009f200000, 0x000000009f300000, 0x000000009f300000|100%| E|CS|TAMS 0x000000009f200000, 0x000000009f200000| Complete 
| 499|0x000000009f300000, 0x000000009f400000, 0x000000009f400000|100%| E|CS|TAMS 0x000000009f300000, 0x000000009f300000| Complete 
| 500|0x000000009f400000, 0x000000009f500000, 0x000000009f500000|100%| E|CS|TAMS 0x000000009f400000, 0x000000009f400000| Complete 
| 501|0x000000009f500000, 0x000000009f600000, 0x000000009f600000|100%| E|CS|TAMS 0x000000009f500000, 0x000000009f500000| Complete 
| 502|0x000000009f600000, 0x000000009f700000, 0x000000009f700000|100%| E|CS|TAMS 0x000000009f600000, 0x000000009f600000| Complete 
| 503|0x000000009f700000, 0x000000009f800000, 0x000000009f800000|100%| E|CS|TAMS 0x000000009f700000, 0x000000009f700000| Complete 
| 504|0x000000009f800000, 0x000000009f900000, 0x000000009f900000|100%| E|CS|TAMS 0x000000009f800000, 0x000000009f800000| Complete 
| 505|0x000000009f900000, 0x000000009fa00000, 0x000000009fa00000|100%| E|CS|TAMS 0x000000009f900000, 0x000000009f900000| Complete 
| 506|0x000000009fa00000, 0x000000009fb00000, 0x000000009fb00000|100%| E|CS|TAMS 0x000000009fa00000, 0x000000009fa00000| Complete 
| 507|0x000000009fb00000, 0x000000009fc00000, 0x000000009fc00000|100%| E|CS|TAMS 0x000000009fb00000, 0x000000009fb00000| Complete 

Card table byte_map: [0x0000026e50310000,0x0000026e50710000] _byte_map_base: 0x0000026e4ff10000

Marking Bits (Prev, Next): (CMBitMap*) 0x0000026e3c9cbbc8, (CMBitMap*) 0x0000026e3c9cbc00
 Prev Bits: [0x0000026e50b10000, 0x0000026e52b10000)
 Next Bits: [0x0000026e52b10000, 0x0000026e54b10000)

Polling page: 0x0000026e3b0f0000

Metaspace:

Usage:
  Non-class:     71.31 MB capacity,    70.15 MB ( 98%) used,   982.89 KB (  1%) free+waste,   206.50 KB ( <1%) overhead. 
      Class:     11.18 MB capacity,    10.52 MB ( 94%) used,   577.28 KB (  5%) free+waste,    95.25 KB ( <1%) overhead. 
       Both:     82.48 MB capacity,    80.66 MB ( 98%) used,     1.52 MB (  2%) free+waste,   301.75 KB ( <1%) overhead. 

Virtual space:
  Non-class space:       72.00 MB reserved,      71.43 MB (>99%) committed 
      Class space:        1.00 GB reserved,      11.20 MB (  1%) committed 
             Both:        1.07 GB reserved,      82.63 MB (  8%) committed 

Chunk freelists:
   Non-Class:  58.00 KB
       Class:  12.00 KB
        Both:  70.00 KB

MaxMetaspaceSize: 17179869184.00 GB
CompressedClassSpaceSize: 1.00 GB
Initial GC threshold: 20.80 MB
Current GC threshold: 129.59 MB
CDS: off

CodeHeap 'non-profiled nmethods': size=120000Kb used=5108Kb max_used=5108Kb free=114892Kb
 bounds [0x0000026e47f70000, 0x0000026e48470000, 0x0000026e4f4a0000]
CodeHeap 'profiled nmethods': size=120000Kb used=17652Kb max_used=17652Kb free=102347Kb
 bounds [0x0000026e40a40000, 0x0000026e41b80000, 0x0000026e47f70000]
CodeHeap 'non-nmethods': size=5760Kb used=2373Kb max_used=2424Kb free=3386Kb
 bounds [0x0000026e404a0000, 0x0000026e40710000, 0x0000026e40a40000]
 total_blobs=8967 nmethods=8093 adapters=786
 compilation: enabled
              stopped_count=0, restarted_count=0
 full_count=0

Compilation events (20 events):
Event: 12.454 Thread 0x0000026e57f4f800 nmethod 8106 0x0000026e41b68990 code [0x0000026e41b68b60, 0x0000026e41b68ff8]
Event: 12.454 Thread 0x0000026e57f4f800 8105       3       java.lang.StringBuilder::append (8 bytes)
Event: 12.454 Thread 0x0000026e57f4f800 nmethod 8105 0x0000026e41b69110 code [0x0000026e41b692e0, 0x0000026e41b69488]
Event: 12.454 Thread 0x0000026e57f4f800 8107       3       sun.util.locale.provider.LocaleProviderAdapter::getAdapter (177 bytes)
Event: 12.455 Thread 0x0000026e57f4f800 nmethod 8107 0x0000026e41b69590 code [0x0000026e41b698e0, 0x0000026e41b6aee8]
Event: 12.455 Thread 0x0000026e57f4f800 8108       3       java.util.Formatter$FormatSpecifier::checkBadFlags (49 bytes)
Event: 12.456 Thread 0x0000026e57f4f800 nmethod 8108 0x0000026e41b6b510 code [0x0000026e41b6b700, 0x0000026e41b6bb38]
Event: 12.456 Thread 0x0000026e57f4f800 8109       3       java.util.Formatter$Flags::<init> (10 bytes)
Event: 12.456 Thread 0x0000026e57f4f800 nmethod 8109 0x0000026e41b6bd90 code [0x0000026e41b6bf40, 0x0000026e41b6c098]
Event: 12.456 Thread 0x0000026e57f4f800 8110       3       java.util.Formatter$FormatSpecifier::checkGeneral (114 bytes)
Event: 12.457 Thread 0x0000026e57f4f800 nmethod 8110 0x0000026e41b6c190 code [0x0000026e41b6c440, 0x0000026e41b6d2a8]
Event: 12.457 Thread 0x0000026e57f4f800 8111       3       java.util.Formatter::ensureOpen (16 bytes)
Event: 12.457 Thread 0x0000026e57f4f800 nmethod 8111 0x0000026e41b6d690 code [0x0000026e41b6d860, 0x0000026e41b6da08]
Event: 12.457 Thread 0x0000026e57f4f800 8113       3       java.util.Formatter$FormatSpecifier::<init> (259 bytes)
Event: 12.460 Thread 0x0000026e57f4f800 nmethod 8113 0x0000026e41b6db10 code [0x0000026e41b6df80, 0x0000026e41b6f868]
Event: 12.460 Thread 0x0000026e57f4f800 8116       3       sun.util.locale.LocaleUtils::isAlphaNumericString (33 bytes)
Event: 12.461 Thread 0x0000026e57f4f800 nmethod 8116 0x0000026e41b70190 code [0x0000026e41b70400, 0x0000026e41b70f18]
Event: 12.461 Thread 0x0000026e57f4f800 8125       3       org.gradle.api.internal.artifacts.ResolvedConfigurationIdentifier::hashCode (16 bytes)
Event: 12.461 Thread 0x0000026e57f4f800 nmethod 8125 0x0000026e41b71310 code [0x0000026e41b714e0, 0x0000026e41b716f8]
Event: 12.461 Thread 0x0000026e57f4f800 8126       3       org.gradle.api.internal.artifacts.DefaultResolvedDependency::hashCode (8 bytes)

GC Heap History (18 events):
Event: 0.797 GC heap before
{Heap before GC invocations=0 (full 0):
 garbage-first heap   total 520192K, used 31744K [0x0000000080000000, 0x0000000100000000)
  region size 1024K, 25 young (25600K), 0 survivors (0K)
 Metaspace       used 10227K, capacity 10489K, committed 10624K, reserved 1058816K
  class space    used 1072K, capacity 1139K, committed 1152K, reserved 1048576K
}
Event: 0.802 GC heap after
{Heap after GC invocations=1 (full 0):
 garbage-first heap   total 520192K, used 9798K [0x0000000080000000, 0x0000000100000000)
  region size 1024K, 4 young (4096K), 4 survivors (4096K)
 Metaspace       used 10227K, capacity 10489K, committed 10624K, reserved 1058816K
  class space    used 1072K, capacity 1139K, committed 1152K, reserved 1048576K
}
Event: 1.104 GC heap before
{Heap before GC invocations=1 (full 0):
 garbage-first heap   total 520192K, used 33350K [0x0000000080000000, 0x0000000100000000)
  region size 1024K, 27 young (27648K), 4 survivors (4096K)
 Metaspace       used 11186K, capacity 11444K, committed 11520K, reserved 1058816K
  class space    used 1173K, capacity 1244K, committed 1280K, reserved 1048576K
}
Event: 1.106 GC heap after
{Heap after GC invocations=2 (full 0):
 garbage-first heap   total 520192K, used 10040K [0x0000000080000000, 0x0000000100000000)
  region size 1024K, 1 young (1024K), 1 survivors (1024K)
 Metaspace       used 11186K, capacity 11444K, committed 11520K, reserved 1058816K
  class space    used 1173K, capacity 1244K, committed 1280K, reserved 1048576K
}
Event: 2.655 GC heap before
{Heap before GC invocations=2 (full 0):
 garbage-first heap   total 520192K, used 67384K [0x0000000080000000, 0x0000000100000000)
  region size 1024K, 57 young (58368K), 1 survivors (1024K)
 Metaspace       used 18493K, capacity 18944K, committed 19072K, reserved 1067008K
  class space    used 2213K, capacity 2343K, committed 2432K, reserved 1048576K
}
Event: 2.661 GC heap after
{Heap after GC invocations=3 (full 0):
 garbage-first heap   total 520192K, used 16716K [0x0000000080000000, 0x0000000100000000)
  region size 1024K, 8 young (8192K), 8 survivors (8192K)
 Metaspace       used 18493K, capacity 18944K, committed 19072K, reserved 1067008K
  class space    used 2213K, capacity 2343K, committed 2432K, reserved 1048576K
}
Event: 2.862 GC heap before
{Heap before GC invocations=3 (full 0):
 garbage-first heap   total 520192K, used 36172K [0x0000000080000000, 0x0000000100000000)
  region size 1024K, 29 young (29696K), 8 survivors (8192K)
 Metaspace       used 20651K, capacity 21137K, committed 21248K, reserved 1067008K
  class space    used 2544K, capacity 2712K, committed 2816K, reserved 1048576K
}
Event: 2.867 GC heap after
{Heap after GC invocations=4 (full 0):
 garbage-first heap   total 520192K, used 17232K [0x0000000080000000, 0x0000000100000000)
  region size 1024K, 1 young (1024K), 1 survivors (1024K)
 Metaspace       used 20651K, capacity 21137K, committed 21248K, reserved 1067008K
  class space    used 2544K, capacity 2712K, committed 2816K, reserved 1048576K
}
Event: 4.266 GC heap before
{Heap before GC invocations=5 (full 0):
 garbage-first heap   total 520192K, used 126800K [0x0000000080000000, 0x0000000100000000)
  region size 1024K, 108 young (110592K), 1 survivors (1024K)
 Metaspace       used 32079K, capacity 32819K, committed 33024K, reserved 1077248K
  class space    used 4284K, capacity 4555K, committed 4608K, reserved 1048576K
}
Event: 4.270 GC heap after
{Heap after GC invocations=6 (full 0):
 garbage-first heap   total 520192K, used 20854K [0x0000000080000000, 0x0000000100000000)
  region size 1024K, 5 young (5120K), 5 survivors (5120K)
 Metaspace       used 32079K, capacity 32819K, committed 33024K, reserved 1077248K
  class space    used 4284K, capacity 4555K, committed 4608K, reserved 1048576K
}
Event: 4.460 GC heap before
{Heap before GC invocations=6 (full 0):
 garbage-first heap   total 520192K, used 28022K [0x0000000080000000, 0x0000000100000000)
  region size 1024K, 13 young (13312K), 5 survivors (5120K)
 Metaspace       used 34991K, capacity 35785K, committed 35840K, reserved 1081344K
  class space    used 4523K, capacity 4841K, committed 4864K, reserved 1048576K
}
Event: 4.471 GC heap after
{Heap after GC invocations=7 (full 0):
 garbage-first heap   total 520192K, used 22297K [0x0000000080000000, 0x0000000100000000)
  region size 1024K, 6 young (6144K), 6 survivors (6144K)
 Metaspace       used 34991K, capacity 35785K, committed 35840K, reserved 1081344K
  class space    used 4523K, capacity 4841K, committed 4864K, reserved 1048576K
}
Event: 6.435 GC heap before
{Heap before GC invocations=8 (full 0):
 garbage-first heap   total 520192K, used 179993K [0x0000000080000000, 0x0000000100000000)
  region size 1024K, 157 young (160768K), 6 survivors (6144K)
 Metaspace       used 47589K, capacity 48907K, committed 49100K, reserved 1091584K
  class space    used 6138K, capacity 6585K, committed 6604K, reserved 1048576K
}
Event: 6.447 GC heap after
{Heap after GC invocations=9 (full 0):
 garbage-first heap   total 520192K, used 31144K [0x0000000080000000, 0x0000000100000000)
  region size 1024K, 15 young (15360K), 15 survivors (15360K)
 Metaspace       used 47589K, capacity 48907K, committed 49100K, reserved 1091584K
  class space    used 6138K, capacity 6585K, committed 6604K, reserved 1048576K
}
Event: 8.520 GC heap before
{Heap before GC invocations=9 (full 0):
 garbage-first heap   total 520192K, used 184744K [0x0000000080000000, 0x0000000100000000)
  region size 1024K, 158 young (161792K), 15 survivors (15360K)
 Metaspace       used 58630K, capacity 60103K, committed 60288K, reserved 1101824K
  class space    used 7464K, capacity 8010K, committed 8140K, reserved 1048576K
}
Event: 8.548 GC heap after
{Heap after GC invocations=10 (full 0):
 garbage-first heap   total 520192K, used 52483K [0x0000000080000000, 0x0000000100000000)
  region size 1024K, 27 young (27648K), 27 survivors (27648K)
 Metaspace       used 58630K, capacity 60103K, committed 60288K, reserved 1101824K
  class space    used 7464K, capacity 8010K, committed 8140K, reserved 1048576K
}
Event: 11.617 GC heap before
{Heap before GC invocations=11 (full 0):
 garbage-first heap   total 520192K, used 288003K [0x0000000080000000, 0x0000000100000000)
  region size 1024K, 257 young (263168K), 27 survivors (27648K)
 Metaspace       used 77240K, capacity 79088K, committed 79360K, reserved 1118208K
  class space    used 10043K, capacity 10710K, committed 10828K, reserved 1048576K
}
Event: 11.689 GC heap after
{Heap after GC invocations=12 (full 0):
 garbage-first heap   total 520192K, used 68690K [0x0000000080000000, 0x0000000100000000)
  region size 1024K, 30 young (30720K), 30 survivors (30720K)
 Metaspace       used 77240K, capacity 79088K, committed 79360K, reserved 1118208K
  class space    used 10043K, capacity 10710K, committed 10828K, reserved 1048576K
}

Deoptimization events (20 events):
Event: 12.370 Thread 0x0000026e59f54000 DEOPT PACKING pc=0x0000026e41b06fd0 sp=0x000000de472f7990
Event: 12.370 Thread 0x0000026e59f54000 DEOPT UNPACKING pc=0x0000026e404e9d0e sp=0x000000de472f6ea8 mode 0
Event: 12.378 Thread 0x0000026e59f54000 DEOPT PACKING pc=0x0000026e41677ccd sp=0x000000de472f7e50
Event: 12.378 Thread 0x0000026e59f54000 DEOPT UNPACKING pc=0x0000026e404e9d0e sp=0x000000de472f73f0 mode 0
Event: 12.411 Thread 0x0000026e59f54000 Uncommon trap: trap_request=0xffffffde fr.pc=0x0000026e483d5e50 relative=0x0000000000000270
Event: 12.411 Thread 0x0000026e59f54000 Uncommon trap: reason=class_check action=maybe_recompile pc=0x0000026e483d5e50 method=com.google.common.collect.ImmutableCollection$Builder.addAll(Ljava/lang/Iterable;)Lcom/google/common/collect/ImmutableCollection$Builder; @ 1 c2
Event: 12.411 Thread 0x0000026e59f54000 DEOPT PACKING pc=0x0000026e483d5e50 sp=0x000000de472fa270
Event: 12.411 Thread 0x0000026e59f54000 DEOPT UNPACKING pc=0x0000026e404a85af sp=0x000000de472fa230 mode 2
Event: 12.411 Thread 0x0000026e59f54000 Uncommon trap: trap_request=0xffffffde fr.pc=0x0000026e483d5e50 relative=0x0000000000000270
Event: 12.411 Thread 0x0000026e59f54000 Uncommon trap: reason=class_check action=maybe_recompile pc=0x0000026e483d5e50 method=com.google.common.collect.ImmutableCollection$Builder.addAll(Ljava/lang/Iterable;)Lcom/google/common/collect/ImmutableCollection$Builder; @ 1 c2
Event: 12.411 Thread 0x0000026e59f54000 DEOPT PACKING pc=0x0000026e483d5e50 sp=0x000000de472fa270
Event: 12.411 Thread 0x0000026e59f54000 DEOPT UNPACKING pc=0x0000026e404a85af sp=0x000000de472fa230 mode 2
Event: 12.411 Thread 0x0000026e59f54000 Uncommon trap: trap_request=0xffffffde fr.pc=0x0000026e483d5e50 relative=0x0000000000000270
Event: 12.411 Thread 0x0000026e59f54000 Uncommon trap: reason=class_check action=maybe_recompile pc=0x0000026e483d5e50 method=com.google.common.collect.ImmutableCollection$Builder.addAll(Ljava/lang/Iterable;)Lcom/google/common/collect/ImmutableCollection$Builder; @ 1 c2
Event: 12.411 Thread 0x0000026e59f54000 DEOPT PACKING pc=0x0000026e483d5e50 sp=0x000000de472fa270
Event: 12.411 Thread 0x0000026e59f54000 DEOPT UNPACKING pc=0x0000026e404a85af sp=0x000000de472fa230 mode 2
Event: 12.411 Thread 0x0000026e59f54000 Uncommon trap: trap_request=0xffffffde fr.pc=0x0000026e483d5e50 relative=0x0000000000000270
Event: 12.411 Thread 0x0000026e59f54000 Uncommon trap: reason=class_check action=maybe_recompile pc=0x0000026e483d5e50 method=com.google.common.collect.ImmutableCollection$Builder.addAll(Ljava/lang/Iterable;)Lcom/google/common/collect/ImmutableCollection$Builder; @ 1 c2
Event: 12.411 Thread 0x0000026e59f54000 DEOPT PACKING pc=0x0000026e483d5e50 sp=0x000000de472fa0f0
Event: 12.411 Thread 0x0000026e59f54000 DEOPT UNPACKING pc=0x0000026e404a85af sp=0x000000de472fa0b0 mode 2

Classes redefined (0 events):
No events

Internal exceptions (20 events):
Event: 10.947 Thread 0x0000026e59f54000 Exception <a 'java/lang/ClassNotFoundException'{0x00000000925f6448}: com/android/build/gradle/internal/api/ApkVariantOutputImplCustomizer> (0x00000000925f6448) thrown at [./src/hotspot/share/classfile/systemDictionary.cpp, line 231]
Event: 10.948 Thread 0x0000026e59f54000 Exception <a 'java/lang/ClassNotFoundException'{0x0000000092421a60}: com/android/build/gradle/internal/api/ApkVariantOutputImpl_DecoratedCustomizer> (0x0000000092421a60) thrown at [./src/hotspot/share/classfile/systemDictionary.cpp, line 231]
Event: 10.970 Thread 0x0000026e59f54000 Exception <a 'java/lang/ClassNotFoundException'{0x00000000923a0f00}: com/android/build/gradle/internal/api/ReadOnlyBuildTypeBeanInfo> (0x00000000923a0f00) thrown at [./src/hotspot/share/classfile/systemDictionary.cpp, line 231]
Event: 10.971 Thread 0x0000026e59f54000 Exception <a 'java/lang/ClassNotFoundException'{0x00000000923bc260}: com/android/build/gradle/internal/api/ReadOnlyBaseConfigBeanInfo> (0x00000000923bc260) thrown at [./src/hotspot/share/classfile/systemDictionary.cpp, line 231]
Event: 10.971 Thread 0x0000026e59f54000 Exception <a 'java/lang/ClassNotFoundException'{0x00000000923d7c50}: com/android/build/gradle/internal/api/ReadOnlyBaseConfigCustomizer> (0x00000000923d7c50) thrown at [./src/hotspot/share/classfile/systemDictionary.cpp, line 231]
Event: 10.972 Thread 0x0000026e59f54000 Exception <a 'java/lang/ClassNotFoundException'{0x0000000092203940}: com/android/build/gradle/internal/api/ReadOnlyBuildTypeCustomizer> (0x0000000092203940) thrown at [./src/hotspot/share/classfile/systemDictionary.cpp, line 231]
Event: 11.294 Thread 0x0000026e59f54000 Exception <a 'java/lang/NoSuchMethodError'{0x0000000090e4b660}: 'void java.lang.invoke.DirectMethodHandle$Holder.invokeStatic(java.lang.Object, java.lang.Object, java.lang.Object, java.lang.Object, java.lang.Object, java.lang.Object, java.lang.Object)'> (0x0000000090e4b660) thrown at [./src/hotspot/share/interpreter/linkResolver.cpp, line 773]
Event: 11.387 Thread 0x0000026e59f54000 Implicit null exception at 0x0000026e481f8931 to 0x0000026e481f90d0
Event: 11.615 Thread 0x0000026e59f54000 Exception <a 'sun/nio/fs/WindowsException'{0x000000008fbf9648}> (0x000000008fbf9648) thrown at [./src/hotspot/share/prims/jni.cpp, line 615]
Event: 11.616 Thread 0x0000026e59f54000 Exception <a 'sun/nio/fs/WindowsException'{0x000000008fbf9a50}> (0x000000008fbf9a50) thrown at [./src/hotspot/share/prims/jni.cpp, line 615]
Event: 11.839 Thread 0x0000026e59f54000 Exception <a 'java/lang/NullPointerException'{0x000000009f1691c0}> (0x000000009f1691c0) thrown at [./src/hotspot/share/interpreter/linkResolver.cpp, line 1440]
Event: 11.932 Thread 0x0000026e59f54000 Implicit null exception at 0x0000026e4831f3eb to 0x0000026e48320e04
Event: 12.103 Thread 0x0000026e59f54000 Exception <a 'java/lang/NoSuchMethodError'{0x000000009e003358}: 'int java.lang.invoke.DirectMethodHandle$Holder.invokeStatic(java.lang.Object, java.lang.Object, int, java.lang.Object)'> (0x000000009e003358) thrown at [./src/hotspot/share/interpreter/linkResolver.cpp, line 773]
Event: 12.104 Thread 0x0000026e59f54000 Exception <a 'java/lang/NoSuchMethodError'{0x000000009e00a200}: 'java.lang.Object java.lang.invoke.Invokers$Holder.linkToTargetMethod(java.lang.Object, int, java.lang.Object)'> (0x000000009e00a200) thrown at [./src/hotspot/share/interpreter/linkResolver.cpp, line 773]
Event: 12.175 Thread 0x0000026e59f54000 Exception <a 'sun/nio/fs/WindowsException'{0x000000009df33578}> (0x000000009df33578) thrown at [./src/hotspot/share/prims/jni.cpp, line 615]
Event: 12.176 Thread 0x0000026e59f54000 Exception <a 'sun/nio/fs/WindowsException'{0x000000009df34918}> (0x000000009df34918) thrown at [./src/hotspot/share/prims/jni.cpp, line 615]
Event: 12.176 Thread 0x0000026e59f54000 Exception <a 'sun/nio/fs/WindowsException'{0x000000009df35cf0}> (0x000000009df35cf0) thrown at [./src/hotspot/share/prims/jni.cpp, line 615]
Event: 12.176 Thread 0x0000026e59f54000 Exception <a 'sun/nio/fs/WindowsException'{0x000000009df370c8}> (0x000000009df370c8) thrown at [./src/hotspot/share/prims/jni.cpp, line 615]
Event: 12.424 Thread 0x0000026e59f54000 Exception <a 'java/lang/NoSuchMethodError'{0x000000009cfb54d0}: 'java.lang.Object java.lang.invoke.DirectMethodHandle$Holder.invokeStatic(java.lang.Object, java.lang.Object, java.lang.Object, java.lang.Object, java.lang.Object, int)'> (0x000000009cfb54d0) thrown at [./src/hotspot/share/interpreter/linkResolver.cpp, line 773]
Event: 12.425 Thread 0x0000026e59f54000 Exception <a 'java/lang/NoSuchMethodError'{0x000000009cfbdc20}: 'java.lang.Object java.lang.invoke.DirectMethodHandle$Holder.invokeSpecial(java.lang.Object, java.lang.Object, java.lang.Object, java.lang.Object, java.lang.Object, java.lang.Object, int)'> (0x000000009cfbdc20) thrown at [./src/hotspot/share/interpreter/linkResolver.cpp, line 773]

Events (20 events):
Event: 12.449 loading class org/gradle/api/internal/artifacts/ivyservice/resolveengine/oldresult/ResolvedGraphResults
Event: 12.449 loading class org/gradle/api/internal/artifacts/ivyservice/resolveengine/oldresult/ResolvedGraphResults done
Event: 12.449 loading class org/gradle/api/internal/artifacts/ivyservice/resolveengine/oldresult/TransientConfigurationResults
Event: 12.449 loading class org/gradle/api/internal/artifacts/ivyservice/resolveengine/oldresult/TransientConfigurationResults done
Event: 12.450 loading class org/gradle/api/internal/artifacts/ivyservice/resolveengine/oldresult/TransientConfigurationResultsBuilder
Event: 12.450 loading class org/gradle/api/internal/artifacts/ivyservice/resolveengine/oldresult/TransientConfigurationResultsBuilder done
Event: 12.450 loading class org/gradle/internal/serialize/Decoder
Event: 12.450 loading class org/gradle/internal/serialize/Decoder done
Event: 12.450 loading class org/gradle/api/internal/artifacts/ivyservice/resolveengine/oldresult/ResolvedGraphResults
Event: 12.450 loading class org/gradle/api/internal/artifacts/ivyservice/resolveengine/oldresult/ResolvedGraphResults done
Event: 12.450 loading class org/gradle/internal/serialize/Decoder
Event: 12.450 loading class org/gradle/internal/serialize/Decoder done
Event: 12.450 loading class org/gradle/api/internal/artifacts/ivyservice/resolveengine/oldresult/TransientConfigurationResultsBuilder
Event: 12.450 loading class org/gradle/api/internal/artifacts/ivyservice/resolveengine/oldresult/TransientConfigurationResultsBuilder done
Event: 12.451 loading class org/gradle/api/internal/artifacts/DefaultResolvedDependency
Event: 12.451 loading class org/gradle/api/internal/artifacts/DefaultResolvedDependency done
Event: 12.452 loading class org/gradle/api/internal/artifacts/DependencyGraphNodeResult
Event: 12.452 loading class org/gradle/api/internal/artifacts/DependencyGraphNodeResult done
Event: 12.461 loading class org/gradle/api/internal/artifacts/ivyservice/resolveengine/oldresult/DefaultTransientConfigurationResults
Event: 12.461 loading class org/gradle/api/internal/artifacts/ivyservice/resolveengine/oldresult/DefaultTransientConfigurationResults done


Dynamic libraries:
0x00007ff69af40000 - 0x00007ff69af4a000 	D:\Android Studio\jre\bin\java.exe
0x00007ffe46e50000 - 0x00007ffe47045000 	C:\Windows\SYSTEM32\ntdll.dll
0x00007ffe46960000 - 0x00007ffe46a1d000 	C:\Windows\System32\KERNEL32.DLL
0x00007ffe44770000 - 0x00007ffe44a3d000 	C:\Windows\System32\KERNELBASE.dll
0x00007ffe44a40000 - 0x00007ffe44b40000 	C:\Windows\System32\ucrtbase.dll
0x00007ffe1a6a0000 - 0x00007ffe1a6b9000 	D:\Android Studio\jre\bin\jli.dll
0x00007ffe44ff0000 - 0x00007ffe45190000 	C:\Windows\System32\USER32.dll
0x00007ffe44de0000 - 0x00007ffe44e02000 	C:\Windows\System32\win32u.dll
0x00007ffe461e0000 - 0x00007ffe4620a000 	C:\Windows\System32\GDI32.dll
0x00007ffe44b70000 - 0x00007ffe44c7b000 	C:\Windows\System32\gdi32full.dll
0x00007ffe44620000 - 0x00007ffe446bd000 	C:\Windows\System32\msvcp_win.dll
0x00007ffe1a630000 - 0x00007ffe1a647000 	D:\Android Studio\jre\bin\VCRUNTIME140.dll
0x00007ffe21fe0000 - 0x00007ffe2227a000 	C:\Windows\WinSxS\amd64_microsoft.windows.common-controls_6595b64144ccf1df_6.0.19041.1110_none_60b5254171f9507e\COMCTL32.dll
0x00007ffe46cb0000 - 0x00007ffe46d4e000 	C:\Windows\System32\msvcrt.dll
0x00007ffe46c80000 - 0x00007ffe46cb0000 	C:\Windows\System32\IMM32.DLL
0x00007ffdfdac0000 - 0x00007ffdfdb5d000 	D:\Android Studio\jre\bin\msvcp140.dll
0x00007ffdde3f0000 - 0x00007ffddeed5000 	D:\Android Studio\jre\bin\server\jvm.dll
0x00007ffe46a20000 - 0x00007ffe46ace000 	C:\Windows\System32\ADVAPI32.dll
0x00007ffe44f30000 - 0x00007ffe44fcc000 	C:\Windows\System32\sechost.dll
0x00007ffe45670000 - 0x00007ffe45795000 	C:\Windows\System32\RPCRT4.dll
0x00007ffe44ea0000 - 0x00007ffe44ea8000 	C:\Windows\System32\PSAPI.DLL
0x00007ffe1df70000 - 0x00007ffe1df79000 	C:\Windows\SYSTEM32\WSOCK32.dll
0x00007ffe45b80000 - 0x00007ffe45beb000 	C:\Windows\System32\WS2_32.dll
0x00007ffe22430000 - 0x00007ffe22457000 	C:\Windows\SYSTEM32\WINMM.dll
0x00007ffe34190000 - 0x00007ffe3419a000 	C:\Windows\SYSTEM32\VERSION.dll
0x00007ffe42da0000 - 0x00007ffe42db2000 	C:\Windows\SYSTEM32\kernel.appcore.dll
0x00007ffe297d0000 - 0x00007ffe297e1000 	D:\Android Studio\jre\bin\verify.dll
0x00007ffe42ab0000 - 0x00007ffe42c94000 	C:\Windows\SYSTEM32\DBGHELP.DLL
0x00007ffe25580000 - 0x00007ffe255ac000 	C:\Windows\SYSTEM32\dbgcore.DLL
0x00007ffe44e10000 - 0x00007ffe44e92000 	C:\Windows\System32\bcryptPrimitives.dll
0x00007ffe246b0000 - 0x00007ffe246d9000 	D:\Android Studio\jre\bin\java.dll
0x00007ffe3e580000 - 0x00007ffe3e58b000 	D:\Android Studio\jre\bin\jimage.dll
0x00007ffe297b0000 - 0x00007ffe297c8000 	D:\Android Studio\jre\bin\zip.dll
0x00007ffe46210000 - 0x00007ffe46954000 	C:\Windows\System32\SHELL32.dll
0x00007ffe42240000 - 0x00007ffe429d4000 	C:\Windows\SYSTEM32\windows.storage.dll
0x00007ffe45c80000 - 0x00007ffe45fd4000 	C:\Windows\System32\combase.dll
0x00007ffe43e70000 - 0x00007ffe43e9c000 	C:\Windows\SYSTEM32\Wldp.dll
0x00007ffe458c0000 - 0x00007ffe4596d000 	C:\Windows\System32\SHCORE.dll
0x00007ffe46d50000 - 0x00007ffe46da5000 	C:\Windows\System32\shlwapi.dll
0x00007ffe444a0000 - 0x00007ffe444bf000 	C:\Windows\SYSTEM32\profapi.dll
0x00007ffe25680000 - 0x00007ffe2569a000 	D:\Android Studio\jre\bin\net.dll
0x00007ffe3e840000 - 0x00007ffe3e94a000 	C:\Windows\SYSTEM32\WINHTTP.dll
0x00007ffe43bf0000 - 0x00007ffe43c5a000 	C:\Windows\system32\mswsock.dll
0x00007ffe241a0000 - 0x00007ffe241b4000 	D:\Android Studio\jre\bin\nio.dll
0x00007ffe00d40000 - 0x00007ffe00d67000 	C:\Users\kolosov-V\.gradle\native\e1d6ef7f7dcc3fd88c89a11ec53ec762bb8ba0a96d01ffa2cd45eb1d1d8dd5c5\windows-amd64\native-platform.dll
0x00007ffddfdb0000 - 0x00007ffddfef4000 	C:\Users\kolosov-V\.gradle\native\5664cfc778a61ccfe75a443a1ab52a65af34e5dc3c78e0209fed803814484fcb\windows-amd64\native-platform-file-events.dll
0x00007ffe3e530000 - 0x00007ffe3e53a000 	D:\Android Studio\jre\bin\management.dll
0x00007ffe3c550000 - 0x00007ffe3c55d000 	D:\Android Studio\jre\bin\management_ext.dll
0x00007ffe43ed0000 - 0x00007ffe43ee8000 	C:\Windows\SYSTEM32\CRYPTSP.dll
0x00000000589f0000 - 0x0000000058a07000 	C:\Program Files\Common Files\Crypto Pro\AppCompat\cpadvai.dll
0x0000000058a10000 - 0x0000000058a16000 	C:\Program Files\Common Files\Crypto Pro\AppCompat\detoured.dll
0x00007ffe43590000 - 0x00007ffe435c4000 	C:\Windows\system32\rsaenh.dll
0x00007ffe44b40000 - 0x00007ffe44b67000 	C:\Windows\System32\bcrypt.dll
0x00007ffe44420000 - 0x00007ffe4444e000 	C:\Windows\SYSTEM32\USERENV.dll
0x00007ffe43de0000 - 0x00007ffe43dec000 	C:\Windows\SYSTEM32\CRYPTBASE.dll
0x00007ffe43900000 - 0x00007ffe4393b000 	C:\Windows\SYSTEM32\IPHLPAPI.DLL
0x00007ffe46090000 - 0x00007ffe46098000 	C:\Windows\System32\NSI.dll
0x00007ffe3d0a0000 - 0x00007ffe3d0b7000 	C:\Windows\SYSTEM32\dhcpcsvc6.DLL
0x00007ffe3d190000 - 0x00007ffe3d1ad000 	C:\Windows\SYSTEM32\dhcpcsvc.DLL
0x00007ffe43950000 - 0x00007ffe43a1b000 	C:\Windows\SYSTEM32\DNSAPI.dll

dbghelp: loaded successfully - version: 4.0.5 - missing functions: none
symbol engine: initialized successfully - sym options: 0x614 - pdb path: .;D:\Android Studio\jre\bin;C:\Windows\SYSTEM32;C:\Windows\WinSxS\amd64_microsoft.windows.common-controls_6595b64144ccf1df_6.0.19041.1110_none_60b5254171f9507e;D:\Android Studio\jre\bin\server;C:\Users\kolosov-V\.gradle\native\e1d6ef7f7dcc3fd88c89a11ec53ec762bb8ba0a96d01ffa2cd45eb1d1d8dd5c5\windows-amd64;C:\Users\kolosov-V\.gradle\native\5664cfc778a61ccfe75a443a1ab52a65af34e5dc3c78e0209fed803814484fcb\windows-amd64;C:\Program Files\Common Files\Crypto Pro\AppCompat

VM Arguments:
jvm_args: --add-opens=java.base/java.util=ALL-UNNAMED --add-opens=java.base/java.lang=ALL-UNNAMED --add-opens=java.base/java.lang.invoke=ALL-UNNAMED --add-opens=java.base/java.util=ALL-UNNAMED --add-opens=java.prefs/java.util.prefs=ALL-UNNAMED --add-opens=java.prefs/java.util.prefs=ALL-UNNAMED --add-opens=java.base/java.nio.charset=ALL-UNNAMED --add-opens=java.base/java.net=ALL-UNNAMED --add-opens=java.base/java.util.concurrent.atomic=ALL-UNNAMED -Xmx2048m -Dfile.encoding=UTF-8 -Duser.country=RU -Duser.language=ru -Duser.variant 
java_command: org.gradle.launcher.daemon.bootstrap.GradleDaemon 7.3.3
java_class_path (initial): C:\Users\kolosov-V\.gradle\wrapper\dists\gradle-7.3.3-bin\6a41zxkdtcxs8rphpq6y0069z\gradle-7.3.3\lib\gradle-launcher-7.3.3.jar
Launcher Type: SUN_STANDARD

[Global flags]
     intx CICompilerCount                          = 4                                         {product} {ergonomic}
     uint ConcGCThreads                            = 2                                         {product} {ergonomic}
     uint G1ConcRefinementThreads                  = 8                                         {product} {ergonomic}
   size_t G1HeapRegionSize                         = 1048576                                   {product} {ergonomic}
    uintx GCDrainStackTargetSize                   = 64                                        {product} {ergonomic}
   size_t InitialHeapSize                          = 532676608                                 {product} {ergonomic}
   size_t MarkStackSize                            = 4194304                                   {product} {ergonomic}
   size_t MaxHeapSize                              = 2147483648                                {product} {command line}
   size_t MaxNewSize                               = 1287651328                                {product} {ergonomic}
   size_t MinHeapDeltaBytes                        = 1048576                                   {product} {ergonomic}
    uintx NonNMethodCodeHeapSize                   = 5836300                                {pd product} {ergonomic}
    uintx NonProfiledCodeHeapSize                  = 122910970                              {pd product} {ergonomic}
    uintx ProfiledCodeHeapSize                     = 122910970                              {pd product} {ergonomic}
    uintx ReservedCodeCacheSize                    = 251658240                              {pd product} {ergonomic}
     bool SegmentedCodeCache                       = true                                      {product} {ergonomic}
     bool UseCompressedClassPointers               = true                                 {lp64_product} {ergonomic}
     bool UseCompressedOops                        = true                                 {lp64_product} {ergonomic}
     bool UseG1GC                                  = true                                      {product} {ergonomic}
     bool UseLargePagesIndividualAllocation        = false                                  {pd product} {ergonomic}

Logging:
Log output configuration:
 #0: stdout all=warning uptime,level,tags
 #1: stderr all=off uptime,level,tags

Environment Variables:
JAVA_HOME=C:\Program Files\Java\jdk-11.0.14
PATH=C:\Program Files\Java\jdk-11.0.14\bin;C:\Program Files (x86)\VMware\VMware Workstation\bin\;C:\Windows\system32;C:\Windows;C:\Windows\System32\Wbem;C:\Windows\System32\WindowsPowerShell\v1.0\;C:\Windows\System32\OpenSSH\;C:\Program Files\SafeNet\Authentication\SAC\x64;C:\Program Files\SafeNet\Authentication\SAC\x32;C:\Program Files\Git\cmd;C:\Program Files\PuTTY\;C:\Program Files (x86)\Common Files\SecurIT;C:\Program Files\nodejs\;C:\Program Files\Docker\Docker\resources\bin;C:\Users\kolosov-V\AppData\Local\Microsoft\WindowsApps;D:\apache-ant-1.10.13\bin;C:\Users\kolosov-V\AppData\Roaming\npm
USERNAME=kolosov-v
OS=Windows_NT
PROCESSOR_IDENTIFIER=Intel64 Family 6 Model 140 Stepping 1, GenuineIntel



---------------  S Y S T E M  ---------------

OS: Windows 10 , 64 bit Build 19041 (10.0.19041.1706)
OS uptime: 3 days 5:18 hours
Hyper-V role detected

CPU:total 8 (initial active 8) (4 cores per cpu, 2 threads per core) family 6 model 140 stepping 1 microcode 0x86, cmov, cx8, fxsr, mmx, sse, sse2, sse3, ssse3, sse4.1, sse4.2, popcnt, avx, avx2, aes, clmul, erms, 3dnowpref, lzcnt, ht, tsc, tscinvbit, bmi1, bmi2, adx, evex, sha, fma

Memory: 4k page, system-wide physical 32508M (7154M free)
TotalPageFile size 40604M (AvailPageFile size 11M)
current process WorkingSet (physical memory assigned to process): 613M, peak: 613M
current process commit charge ("private bytes"): 838M, peak: 838M

vm_info: OpenJDK 64-Bit Server VM (11.0.12+7-b1504.28-7817840) for windows-amd64 JRE (11.0.12+7-b1504.28-7817840), built on Oct 13 2021 22:12:33 by "builder" with MS VC++ 14.0 (VS2015)

END.
